-- MySQL dump 10.13  Distrib 8.2.0, for macos14.0 (arm64)
--
-- Host: localhost    Database: ninico
-- ------------------------------------------------------
-- Server version	8.0.33

/*!40101 SET @OLD_CHARACTER_SET_CLIENT=@@CHARACTER_SET_CLIENT */;
/*!40101 SET @OLD_CHARACTER_SET_RESULTS=@@CHARACTER_SET_RESULTS */;
/*!40101 SET @OLD_COLLATION_CONNECTION=@@COLLATION_CONNECTION */;
/*!50503 SET NAMES utf8mb4 */;
/*!40103 SET @OLD_TIME_ZONE=@@TIME_ZONE */;
/*!40103 SET TIME_ZONE='+00:00' */;
/*!40014 SET @OLD_UNIQUE_CHECKS=@@UNIQUE_CHECKS, UNIQUE_CHECKS=0 */;
/*!40014 SET @OLD_FOREIGN_KEY_CHECKS=@@FOREIGN_KEY_CHECKS, FOREIGN_KEY_CHECKS=0 */;
/*!40101 SET @OLD_SQL_MODE=@@SQL_MODE, SQL_MODE='NO_AUTO_VALUE_ON_ZERO' */;
/*!40111 SET @OLD_SQL_NOTES=@@SQL_NOTES, SQL_NOTES=0 */;

--
-- Table structure for table `activations`
--

DROP TABLE IF EXISTS `activations`;
/*!40101 SET @saved_cs_client     = @@character_set_client */;
/*!50503 SET character_set_client = utf8mb4 */;
CREATE TABLE `activations` (
  `id` bigint unsigned NOT NULL AUTO_INCREMENT,
  `user_id` bigint unsigned NOT NULL,
  `code` varchar(120) COLLATE utf8mb4_unicode_ci NOT NULL,
  `completed` tinyint(1) NOT NULL DEFAULT '0',
  `completed_at` timestamp NULL DEFAULT NULL,
  `created_at` timestamp NULL DEFAULT NULL,
  `updated_at` timestamp NULL DEFAULT NULL,
  PRIMARY KEY (`id`),
  KEY `activations_user_id_index` (`user_id`)
) ENGINE=InnoDB AUTO_INCREMENT=3 DEFAULT CHARSET=utf8mb4 COLLATE=utf8mb4_unicode_ci;
/*!40101 SET character_set_client = @saved_cs_client */;

--
-- Dumping data for table `activations`
--

LOCK TABLES `activations` WRITE;
/*!40000 ALTER TABLE `activations` DISABLE KEYS */;
INSERT INTO `activations` VALUES (1,1,'DeIvg4Dg2qXZIfyBV49XB7FXjQYoYTQY',1,'2024-01-06 17:15:54','2024-01-06 17:15:54','2024-01-06 17:15:54'),(2,2,'SaVXTv1PR8PYd3afIu3EsOiS3x8Ep1wk',1,'2024-01-06 17:15:54','2024-01-06 17:15:54','2024-01-06 17:15:54');
/*!40000 ALTER TABLE `activations` ENABLE KEYS */;
UNLOCK TABLES;

--
-- Table structure for table `admin_notifications`
--

DROP TABLE IF EXISTS `admin_notifications`;
/*!40101 SET @saved_cs_client     = @@character_set_client */;
/*!50503 SET character_set_client = utf8mb4 */;
CREATE TABLE `admin_notifications` (
  `id` bigint unsigned NOT NULL AUTO_INCREMENT,
  `title` varchar(255) COLLATE utf8mb4_unicode_ci NOT NULL,
  `action_label` varchar(255) COLLATE utf8mb4_unicode_ci DEFAULT NULL,
  `action_url` varchar(255) COLLATE utf8mb4_unicode_ci DEFAULT NULL,
  `description` varchar(400) COLLATE utf8mb4_unicode_ci NOT NULL,
  `read_at` timestamp NULL DEFAULT NULL,
  `created_at` timestamp NULL DEFAULT NULL,
  `updated_at` timestamp NULL DEFAULT NULL,
  `permission` varchar(191) COLLATE utf8mb4_unicode_ci DEFAULT NULL,
  PRIMARY KEY (`id`)
) ENGINE=InnoDB DEFAULT CHARSET=utf8mb4 COLLATE=utf8mb4_unicode_ci;
/*!40101 SET character_set_client = @saved_cs_client */;

--
-- Dumping data for table `admin_notifications`
--

LOCK TABLES `admin_notifications` WRITE;
/*!40000 ALTER TABLE `admin_notifications` DISABLE KEYS */;
/*!40000 ALTER TABLE `admin_notifications` ENABLE KEYS */;
UNLOCK TABLES;

--
-- Table structure for table `ads`
--

DROP TABLE IF EXISTS `ads`;
/*!40101 SET @saved_cs_client     = @@character_set_client */;
/*!50503 SET character_set_client = utf8mb4 */;
CREATE TABLE `ads` (
  `id` bigint unsigned NOT NULL AUTO_INCREMENT,
  `name` varchar(255) COLLATE utf8mb4_unicode_ci NOT NULL,
  `expired_at` datetime DEFAULT NULL,
  `location` varchar(120) COLLATE utf8mb4_unicode_ci DEFAULT NULL,
  `key` varchar(120) COLLATE utf8mb4_unicode_ci NOT NULL,
  `image` varchar(255) COLLATE utf8mb4_unicode_ci DEFAULT NULL,
  `url` varchar(255) COLLATE utf8mb4_unicode_ci DEFAULT NULL,
  `clicked` bigint NOT NULL DEFAULT '0',
  `order` int DEFAULT '0',
  `status` varchar(60) COLLATE utf8mb4_unicode_ci NOT NULL DEFAULT 'published',
  `created_at` timestamp NULL DEFAULT NULL,
  `updated_at` timestamp NULL DEFAULT NULL,
  `open_in_new_tab` tinyint(1) NOT NULL DEFAULT '1',
  `tablet_image` varchar(255) COLLATE utf8mb4_unicode_ci DEFAULT NULL,
  `mobile_image` varchar(255) COLLATE utf8mb4_unicode_ci DEFAULT NULL,
  PRIMARY KEY (`id`),
  UNIQUE KEY `ads_key_unique` (`key`)
) ENGINE=InnoDB AUTO_INCREMENT=10 DEFAULT CHARSET=utf8mb4 COLLATE=utf8mb4_unicode_ci;
/*!40101 SET character_set_client = @saved_cs_client */;

--
-- Dumping data for table `ads`
--

LOCK TABLES `ads` WRITE;
/*!40000 ALTER TABLE `ads` DISABLE KEYS */;
INSERT INTO `ads` VALUES (1,'New Modern & Stylist <br> Crafts','2025-01-07 00:16:04',NULL,'IYHICPADQD5X','sliders/banner-slider-01.jpg','/products',0,1,'published','2024-01-06 17:16:04','2024-01-06 17:16:04',1,NULL,NULL),(2,'Popular Energy with our <br> newest collection','2025-01-07 00:16:04',NULL,'R4YAV9FECJUS','sliders/banner-slider-02.jpg','/products',0,2,'published','2024-01-06 17:16:04','2024-01-06 17:16:04',1,NULL,NULL),(3,'Winter <br> Exclusive In','2026-01-07 00:16:04',NULL,'QPTCBJBOJOSY','banners/banner-offer-01.jpg','/products',0,3,'published','2024-01-06 17:16:04','2024-01-06 17:16:04',1,NULL,NULL),(4,'50% Offer','2026-01-07 00:16:04',NULL,'T2VFLDYYIJEH','banners/banner-offer-02.jpg','/products',0,4,'published','2024-01-06 17:16:04','2024-01-06 17:16:04',1,NULL,NULL),(5,'New Modern & Stylist <br> Crafts','2025-01-07 00:16:04',NULL,'JO7LLJHFH1RO','banners/banner-03-01.jpg','/products',0,5,'published','2024-01-06 17:16:04','2024-01-06 17:16:04',1,NULL,NULL),(6,'Lamp <br> Collections','2026-01-07 00:16:04',NULL,'L8GDJUBVD2TQ','banners/banner-03-02.jpg','/products',0,6,'published','2024-01-06 17:16:04','2024-01-06 17:16:04',1,NULL,NULL),(7,'Minimal Chair','2029-01-07 00:16:04',NULL,'PXJPAXLOCVRS','banners/banner-03-03.jpg','/products',0,7,'published','2024-01-06 17:16:04','2024-01-06 17:16:04',1,NULL,NULL),(8,'100% Fresh Product <br> Every Hour','2027-01-07 00:16:05',NULL,'EMRCINED6AX9','sliders/slider-05-banner-1.jpg','/products',0,8,'published','2024-01-06 17:16:05','2024-01-06 17:16:05',1,NULL,NULL),(9,'100% Fresh Product <br> Every Hour','2025-01-07 00:16:05',NULL,'JVMDAIB9HO2I','sliders/slider-05-banner-1.jpg','/products',0,9,'published','2024-01-06 17:16:05','2024-01-06 17:16:05',1,NULL,NULL);
/*!40000 ALTER TABLE `ads` ENABLE KEYS */;
UNLOCK TABLES;

--
-- Table structure for table `ads_translations`
--

DROP TABLE IF EXISTS `ads_translations`;
/*!40101 SET @saved_cs_client     = @@character_set_client */;
/*!50503 SET character_set_client = utf8mb4 */;
CREATE TABLE `ads_translations` (
  `lang_code` varchar(191) COLLATE utf8mb4_unicode_ci NOT NULL,
  `ads_id` bigint unsigned NOT NULL,
  `name` varchar(255) COLLATE utf8mb4_unicode_ci DEFAULT NULL,
  `image` varchar(255) COLLATE utf8mb4_unicode_ci DEFAULT NULL,
  `url` varchar(255) COLLATE utf8mb4_unicode_ci DEFAULT NULL,
  PRIMARY KEY (`lang_code`,`ads_id`)
) ENGINE=InnoDB DEFAULT CHARSET=utf8mb4 COLLATE=utf8mb4_unicode_ci;
/*!40101 SET character_set_client = @saved_cs_client */;

--
-- Dumping data for table `ads_translations`
--

LOCK TABLES `ads_translations` WRITE;
/*!40000 ALTER TABLE `ads_translations` DISABLE KEYS */;
/*!40000 ALTER TABLE `ads_translations` ENABLE KEYS */;
UNLOCK TABLES;

--
-- Table structure for table `announcements`
--

DROP TABLE IF EXISTS `announcements`;
/*!40101 SET @saved_cs_client     = @@character_set_client */;
/*!50503 SET character_set_client = utf8mb4 */;
CREATE TABLE `announcements` (
  `id` bigint unsigned NOT NULL AUTO_INCREMENT,
  `name` varchar(191) COLLATE utf8mb4_unicode_ci NOT NULL,
  `content` text COLLATE utf8mb4_unicode_ci NOT NULL,
  `has_action` tinyint(1) NOT NULL DEFAULT '0',
  `action_label` varchar(60) COLLATE utf8mb4_unicode_ci DEFAULT NULL,
  `action_url` varchar(400) COLLATE utf8mb4_unicode_ci DEFAULT NULL,
  `action_open_new_tab` tinyint(1) NOT NULL DEFAULT '0',
  `dismissible` tinyint(1) NOT NULL DEFAULT '0',
  `start_date` datetime DEFAULT NULL,
  `end_date` datetime DEFAULT NULL,
  `is_active` tinyint(1) NOT NULL DEFAULT '1',
  `created_at` timestamp NULL DEFAULT NULL,
  `updated_at` timestamp NULL DEFAULT NULL,
  PRIMARY KEY (`id`)
) ENGINE=InnoDB AUTO_INCREMENT=4 DEFAULT CHARSET=utf8mb4 COLLATE=utf8mb4_unicode_ci;
/*!40101 SET character_set_client = @saved_cs_client */;

--
-- Dumping data for table `announcements`
--

LOCK TABLES `announcements` WRITE;
/*!40000 ALTER TABLE `announcements` DISABLE KEYS */;
INSERT INTO `announcements` VALUES (1,'Announcement 1','<strong>Welcome to our international shop! Enjoy free shipping on orders $100 & up</strong>',1,'Shop now','/',0,1,'2024-01-07 00:16:25',NULL,1,'2024-01-06 17:16:25','2024-01-06 17:16:25'),(2,'Announcement 2','<strong>Trendy 25 silver jewelry, save up 35% off today</strong>',1,'Shop now','/',0,1,'2024-01-07 00:16:25',NULL,1,'2024-01-06 17:16:25','2024-01-06 17:16:25'),(3,'Announcement 3','<strong>Black Friday and Cyber Monday 2023 Deals for Motion Designers, grab it now!</strong>',1,'Shop now','/',0,1,'2024-01-07 00:16:25',NULL,1,'2024-01-06 17:16:25','2024-01-06 17:16:25');
/*!40000 ALTER TABLE `announcements` ENABLE KEYS */;
UNLOCK TABLES;

--
-- Table structure for table `announcements_translations`
--

DROP TABLE IF EXISTS `announcements_translations`;
/*!40101 SET @saved_cs_client     = @@character_set_client */;
/*!50503 SET character_set_client = utf8mb4 */;
CREATE TABLE `announcements_translations` (
  `lang_code` varchar(191) COLLATE utf8mb4_unicode_ci NOT NULL,
  `announcements_id` bigint unsigned NOT NULL,
  `content` text COLLATE utf8mb4_unicode_ci,
  PRIMARY KEY (`lang_code`,`announcements_id`)
) ENGINE=InnoDB DEFAULT CHARSET=utf8mb4 COLLATE=utf8mb4_unicode_ci;
/*!40101 SET character_set_client = @saved_cs_client */;

--
-- Dumping data for table `announcements_translations`
--

LOCK TABLES `announcements_translations` WRITE;
/*!40000 ALTER TABLE `announcements_translations` DISABLE KEYS */;
/*!40000 ALTER TABLE `announcements_translations` ENABLE KEYS */;
UNLOCK TABLES;

--
-- Table structure for table `audit_histories`
--

DROP TABLE IF EXISTS `audit_histories`;
/*!40101 SET @saved_cs_client     = @@character_set_client */;
/*!50503 SET character_set_client = utf8mb4 */;
CREATE TABLE `audit_histories` (
  `id` bigint unsigned NOT NULL AUTO_INCREMENT,
  `user_id` bigint unsigned NOT NULL,
  `module` varchar(60) COLLATE utf8mb4_unicode_ci NOT NULL,
  `request` longtext COLLATE utf8mb4_unicode_ci,
  `action` varchar(120) COLLATE utf8mb4_unicode_ci NOT NULL,
  `user_agent` text COLLATE utf8mb4_unicode_ci,
  `ip_address` varchar(45) COLLATE utf8mb4_unicode_ci DEFAULT NULL,
  `reference_user` bigint unsigned NOT NULL,
  `reference_id` bigint unsigned NOT NULL,
  `reference_name` varchar(255) COLLATE utf8mb4_unicode_ci NOT NULL,
  `type` varchar(20) COLLATE utf8mb4_unicode_ci NOT NULL,
  `created_at` timestamp NULL DEFAULT NULL,
  `updated_at` timestamp NULL DEFAULT NULL,
  PRIMARY KEY (`id`),
  KEY `audit_histories_user_id_index` (`user_id`),
  KEY `audit_histories_module_index` (`module`)
) ENGINE=InnoDB DEFAULT CHARSET=utf8mb4 COLLATE=utf8mb4_unicode_ci;
/*!40101 SET character_set_client = @saved_cs_client */;

--
-- Dumping data for table `audit_histories`
--

LOCK TABLES `audit_histories` WRITE;
/*!40000 ALTER TABLE `audit_histories` DISABLE KEYS */;
/*!40000 ALTER TABLE `audit_histories` ENABLE KEYS */;
UNLOCK TABLES;

--
-- Table structure for table `categories`
--

DROP TABLE IF EXISTS `categories`;
/*!40101 SET @saved_cs_client     = @@character_set_client */;
/*!50503 SET character_set_client = utf8mb4 */;
CREATE TABLE `categories` (
  `id` bigint unsigned NOT NULL AUTO_INCREMENT,
  `name` varchar(120) COLLATE utf8mb4_unicode_ci NOT NULL,
  `parent_id` bigint unsigned NOT NULL DEFAULT '0',
  `description` varchar(400) COLLATE utf8mb4_unicode_ci DEFAULT NULL,
  `status` varchar(60) COLLATE utf8mb4_unicode_ci NOT NULL DEFAULT 'published',
  `author_id` bigint unsigned DEFAULT NULL,
  `author_type` varchar(255) COLLATE utf8mb4_unicode_ci NOT NULL DEFAULT 'Botble\\ACL\\Models\\User',
  `icon` varchar(60) COLLATE utf8mb4_unicode_ci DEFAULT NULL,
  `order` tinyint NOT NULL DEFAULT '0',
  `is_featured` tinyint NOT NULL DEFAULT '0',
  `is_default` tinyint unsigned NOT NULL DEFAULT '0',
  `created_at` timestamp NULL DEFAULT NULL,
  `updated_at` timestamp NULL DEFAULT NULL,
  PRIMARY KEY (`id`),
  KEY `categories_parent_id_index` (`parent_id`),
  KEY `categories_status_index` (`status`),
  KEY `categories_created_at_index` (`created_at`)
) ENGINE=InnoDB AUTO_INCREMENT=5 DEFAULT CHARSET=utf8mb4 COLLATE=utf8mb4_unicode_ci;
/*!40101 SET character_set_client = @saved_cs_client */;

--
-- Dumping data for table `categories`
--

LOCK TABLES `categories` WRITE;
/*!40000 ALTER TABLE `categories` DISABLE KEYS */;
INSERT INTO `categories` VALUES (1,'Ecommerce',0,'Et sint sequi unde minus aut. Exercitationem at nisi at omnis eum ipsa deserunt aut. Et in minus officiis neque sint.','published',1,'Botble\\ACL\\Models\\User',NULL,0,0,0,'2024-01-06 17:15:58','2024-01-06 17:15:58'),(2,'Fashion',0,'Et in cupiditate omnis et quibusdam. Accusamus corporis consequatur voluptas facilis et. Delectus alias et fuga doloremque maiores. Accusantium dolor quis minima tenetur dolorum.','published',1,'Botble\\ACL\\Models\\User',NULL,0,1,0,'2024-01-06 17:15:58','2024-01-06 17:15:58'),(3,'Electronic',0,'Aut sapiente nemo illo odit. Sequi voluptatibus amet et quod. Alias aliquid velit soluta dolor quibusdam. Autem debitis aut voluptatem odit at tenetur est. Deserunt voluptatem rerum voluptatem.','published',1,'Botble\\ACL\\Models\\User',NULL,0,1,0,'2024-01-06 17:15:58','2024-01-06 17:15:58'),(4,'Commercial',0,'Et expedita blanditiis quibusdam dolorem aut. Sint harum et voluptatem excepturi sequi laboriosam. Veritatis id sit earum nobis. Quia cumque quae dolor assumenda sit.','published',1,'Botble\\ACL\\Models\\User',NULL,0,1,0,'2024-01-06 17:15:58','2024-01-06 17:15:58');
/*!40000 ALTER TABLE `categories` ENABLE KEYS */;
UNLOCK TABLES;

--
-- Table structure for table `categories_translations`
--

DROP TABLE IF EXISTS `categories_translations`;
/*!40101 SET @saved_cs_client     = @@character_set_client */;
/*!50503 SET character_set_client = utf8mb4 */;
CREATE TABLE `categories_translations` (
  `lang_code` varchar(20) COLLATE utf8mb4_unicode_ci NOT NULL,
  `categories_id` bigint unsigned NOT NULL,
  `name` varchar(255) COLLATE utf8mb4_unicode_ci DEFAULT NULL,
  `description` varchar(400) COLLATE utf8mb4_unicode_ci DEFAULT NULL,
  PRIMARY KEY (`lang_code`,`categories_id`)
) ENGINE=InnoDB DEFAULT CHARSET=utf8mb4 COLLATE=utf8mb4_unicode_ci;
/*!40101 SET character_set_client = @saved_cs_client */;

--
-- Dumping data for table `categories_translations`
--

LOCK TABLES `categories_translations` WRITE;
/*!40000 ALTER TABLE `categories_translations` DISABLE KEYS */;
/*!40000 ALTER TABLE `categories_translations` ENABLE KEYS */;
UNLOCK TABLES;

--
-- Table structure for table `cities`
--

DROP TABLE IF EXISTS `cities`;
/*!40101 SET @saved_cs_client     = @@character_set_client */;
/*!50503 SET character_set_client = utf8mb4 */;
CREATE TABLE `cities` (
  `id` bigint unsigned NOT NULL AUTO_INCREMENT,
  `name` varchar(120) COLLATE utf8mb4_unicode_ci NOT NULL,
  `slug` varchar(120) COLLATE utf8mb4_unicode_ci DEFAULT NULL,
  `state_id` bigint unsigned DEFAULT NULL,
  `country_id` bigint unsigned DEFAULT NULL,
  `record_id` varchar(40) COLLATE utf8mb4_unicode_ci DEFAULT NULL,
  `order` tinyint NOT NULL DEFAULT '0',
  `image` varchar(255) COLLATE utf8mb4_unicode_ci DEFAULT NULL,
  `is_default` tinyint unsigned NOT NULL DEFAULT '0',
  `status` varchar(60) COLLATE utf8mb4_unicode_ci NOT NULL DEFAULT 'published',
  `created_at` timestamp NULL DEFAULT NULL,
  `updated_at` timestamp NULL DEFAULT NULL,
  PRIMARY KEY (`id`),
  UNIQUE KEY `cities_slug_unique` (`slug`)
) ENGINE=InnoDB DEFAULT CHARSET=utf8mb4 COLLATE=utf8mb4_unicode_ci;
/*!40101 SET character_set_client = @saved_cs_client */;

--
-- Dumping data for table `cities`
--

LOCK TABLES `cities` WRITE;
/*!40000 ALTER TABLE `cities` DISABLE KEYS */;
/*!40000 ALTER TABLE `cities` ENABLE KEYS */;
UNLOCK TABLES;

--
-- Table structure for table `cities_translations`
--

DROP TABLE IF EXISTS `cities_translations`;
/*!40101 SET @saved_cs_client     = @@character_set_client */;
/*!50503 SET character_set_client = utf8mb4 */;
CREATE TABLE `cities_translations` (
  `lang_code` varchar(20) COLLATE utf8mb4_unicode_ci NOT NULL,
  `cities_id` bigint unsigned NOT NULL,
  `name` varchar(120) COLLATE utf8mb4_unicode_ci DEFAULT NULL,
  `slug` varchar(120) COLLATE utf8mb4_unicode_ci DEFAULT NULL,
  PRIMARY KEY (`lang_code`,`cities_id`)
) ENGINE=InnoDB DEFAULT CHARSET=utf8mb4 COLLATE=utf8mb4_unicode_ci;
/*!40101 SET character_set_client = @saved_cs_client */;

--
-- Dumping data for table `cities_translations`
--

LOCK TABLES `cities_translations` WRITE;
/*!40000 ALTER TABLE `cities_translations` DISABLE KEYS */;
/*!40000 ALTER TABLE `cities_translations` ENABLE KEYS */;
UNLOCK TABLES;

--
-- Table structure for table `contact_replies`
--

DROP TABLE IF EXISTS `contact_replies`;
/*!40101 SET @saved_cs_client     = @@character_set_client */;
/*!50503 SET character_set_client = utf8mb4 */;
CREATE TABLE `contact_replies` (
  `id` bigint unsigned NOT NULL AUTO_INCREMENT,
  `message` longtext COLLATE utf8mb4_unicode_ci NOT NULL,
  `contact_id` bigint unsigned NOT NULL,
  `created_at` timestamp NULL DEFAULT NULL,
  `updated_at` timestamp NULL DEFAULT NULL,
  PRIMARY KEY (`id`)
) ENGINE=InnoDB DEFAULT CHARSET=utf8mb4 COLLATE=utf8mb4_unicode_ci;
/*!40101 SET character_set_client = @saved_cs_client */;

--
-- Dumping data for table `contact_replies`
--

LOCK TABLES `contact_replies` WRITE;
/*!40000 ALTER TABLE `contact_replies` DISABLE KEYS */;
/*!40000 ALTER TABLE `contact_replies` ENABLE KEYS */;
UNLOCK TABLES;

--
-- Table structure for table `contacts`
--

DROP TABLE IF EXISTS `contacts`;
/*!40101 SET @saved_cs_client     = @@character_set_client */;
/*!50503 SET character_set_client = utf8mb4 */;
CREATE TABLE `contacts` (
  `id` bigint unsigned NOT NULL AUTO_INCREMENT,
  `name` varchar(60) COLLATE utf8mb4_unicode_ci NOT NULL,
  `email` varchar(60) COLLATE utf8mb4_unicode_ci NOT NULL,
  `phone` varchar(60) COLLATE utf8mb4_unicode_ci DEFAULT NULL,
  `address` varchar(120) COLLATE utf8mb4_unicode_ci DEFAULT NULL,
  `subject` varchar(120) COLLATE utf8mb4_unicode_ci DEFAULT NULL,
  `content` longtext COLLATE utf8mb4_unicode_ci NOT NULL,
  `status` varchar(60) COLLATE utf8mb4_unicode_ci NOT NULL DEFAULT 'unread',
  `created_at` timestamp NULL DEFAULT NULL,
  `updated_at` timestamp NULL DEFAULT NULL,
  PRIMARY KEY (`id`)
) ENGINE=InnoDB DEFAULT CHARSET=utf8mb4 COLLATE=utf8mb4_unicode_ci;
/*!40101 SET character_set_client = @saved_cs_client */;

--
-- Dumping data for table `contacts`
--

LOCK TABLES `contacts` WRITE;
/*!40000 ALTER TABLE `contacts` DISABLE KEYS */;
/*!40000 ALTER TABLE `contacts` ENABLE KEYS */;
UNLOCK TABLES;

--
-- Table structure for table `countries`
--

DROP TABLE IF EXISTS `countries`;
/*!40101 SET @saved_cs_client     = @@character_set_client */;
/*!50503 SET character_set_client = utf8mb4 */;
CREATE TABLE `countries` (
  `id` bigint unsigned NOT NULL AUTO_INCREMENT,
  `name` varchar(120) COLLATE utf8mb4_unicode_ci NOT NULL,
  `nationality` varchar(120) COLLATE utf8mb4_unicode_ci DEFAULT NULL,
  `order` tinyint NOT NULL DEFAULT '0',
  `is_default` tinyint unsigned NOT NULL DEFAULT '0',
  `status` varchar(60) COLLATE utf8mb4_unicode_ci NOT NULL DEFAULT 'published',
  `created_at` timestamp NULL DEFAULT NULL,
  `updated_at` timestamp NULL DEFAULT NULL,
  `code` varchar(10) COLLATE utf8mb4_unicode_ci DEFAULT NULL,
  PRIMARY KEY (`id`)
) ENGINE=InnoDB DEFAULT CHARSET=utf8mb4 COLLATE=utf8mb4_unicode_ci;
/*!40101 SET character_set_client = @saved_cs_client */;

--
-- Dumping data for table `countries`
--

LOCK TABLES `countries` WRITE;
/*!40000 ALTER TABLE `countries` DISABLE KEYS */;
/*!40000 ALTER TABLE `countries` ENABLE KEYS */;
UNLOCK TABLES;

--
-- Table structure for table `countries_translations`
--

DROP TABLE IF EXISTS `countries_translations`;
/*!40101 SET @saved_cs_client     = @@character_set_client */;
/*!50503 SET character_set_client = utf8mb4 */;
CREATE TABLE `countries_translations` (
  `lang_code` varchar(20) COLLATE utf8mb4_unicode_ci NOT NULL,
  `countries_id` bigint unsigned NOT NULL,
  `name` varchar(120) COLLATE utf8mb4_unicode_ci DEFAULT NULL,
  `nationality` varchar(120) COLLATE utf8mb4_unicode_ci DEFAULT NULL,
  PRIMARY KEY (`lang_code`,`countries_id`)
) ENGINE=InnoDB DEFAULT CHARSET=utf8mb4 COLLATE=utf8mb4_unicode_ci;
/*!40101 SET character_set_client = @saved_cs_client */;

--
-- Dumping data for table `countries_translations`
--

LOCK TABLES `countries_translations` WRITE;
/*!40000 ALTER TABLE `countries_translations` DISABLE KEYS */;
/*!40000 ALTER TABLE `countries_translations` ENABLE KEYS */;
UNLOCK TABLES;

--
-- Table structure for table `dashboard_widget_settings`
--

DROP TABLE IF EXISTS `dashboard_widget_settings`;
/*!40101 SET @saved_cs_client     = @@character_set_client */;
/*!50503 SET character_set_client = utf8mb4 */;
CREATE TABLE `dashboard_widget_settings` (
  `id` bigint unsigned NOT NULL AUTO_INCREMENT,
  `settings` text COLLATE utf8mb4_unicode_ci,
  `user_id` bigint unsigned NOT NULL,
  `widget_id` bigint unsigned NOT NULL,
  `order` tinyint unsigned NOT NULL DEFAULT '0',
  `status` tinyint unsigned NOT NULL DEFAULT '1',
  `created_at` timestamp NULL DEFAULT NULL,
  `updated_at` timestamp NULL DEFAULT NULL,
  PRIMARY KEY (`id`),
  KEY `dashboard_widget_settings_user_id_index` (`user_id`),
  KEY `dashboard_widget_settings_widget_id_index` (`widget_id`)
) ENGINE=InnoDB DEFAULT CHARSET=utf8mb4 COLLATE=utf8mb4_unicode_ci;
/*!40101 SET character_set_client = @saved_cs_client */;

--
-- Dumping data for table `dashboard_widget_settings`
--

LOCK TABLES `dashboard_widget_settings` WRITE;
/*!40000 ALTER TABLE `dashboard_widget_settings` DISABLE KEYS */;
/*!40000 ALTER TABLE `dashboard_widget_settings` ENABLE KEYS */;
UNLOCK TABLES;

--
-- Table structure for table `dashboard_widgets`
--

DROP TABLE IF EXISTS `dashboard_widgets`;
/*!40101 SET @saved_cs_client     = @@character_set_client */;
/*!50503 SET character_set_client = utf8mb4 */;
CREATE TABLE `dashboard_widgets` (
  `id` bigint unsigned NOT NULL AUTO_INCREMENT,
  `name` varchar(120) COLLATE utf8mb4_unicode_ci NOT NULL,
  `created_at` timestamp NULL DEFAULT NULL,
  `updated_at` timestamp NULL DEFAULT NULL,
  PRIMARY KEY (`id`)
) ENGINE=InnoDB DEFAULT CHARSET=utf8mb4 COLLATE=utf8mb4_unicode_ci;
/*!40101 SET character_set_client = @saved_cs_client */;

--
-- Dumping data for table `dashboard_widgets`
--

LOCK TABLES `dashboard_widgets` WRITE;
/*!40000 ALTER TABLE `dashboard_widgets` DISABLE KEYS */;
/*!40000 ALTER TABLE `dashboard_widgets` ENABLE KEYS */;
UNLOCK TABLES;

--
-- Table structure for table `ec_brands`
--

DROP TABLE IF EXISTS `ec_brands`;
/*!40101 SET @saved_cs_client     = @@character_set_client */;
/*!50503 SET character_set_client = utf8mb4 */;
CREATE TABLE `ec_brands` (
  `id` bigint unsigned NOT NULL AUTO_INCREMENT,
  `name` varchar(191) COLLATE utf8mb4_unicode_ci NOT NULL,
  `description` mediumtext COLLATE utf8mb4_unicode_ci,
  `website` varchar(255) COLLATE utf8mb4_unicode_ci DEFAULT NULL,
  `logo` varchar(255) COLLATE utf8mb4_unicode_ci DEFAULT NULL,
  `status` varchar(60) COLLATE utf8mb4_unicode_ci NOT NULL DEFAULT 'published',
  `order` tinyint unsigned NOT NULL DEFAULT '0',
  `is_featured` tinyint unsigned NOT NULL DEFAULT '0',
  `created_at` timestamp NULL DEFAULT NULL,
  `updated_at` timestamp NULL DEFAULT NULL,
  PRIMARY KEY (`id`)
) ENGINE=InnoDB AUTO_INCREMENT=7 DEFAULT CHARSET=utf8mb4 COLLATE=utf8mb4_unicode_ci;
/*!40101 SET character_set_client = @saved_cs_client */;

--
-- Dumping data for table `ec_brands`
--

LOCK TABLES `ec_brands` WRITE;
/*!40000 ALTER TABLE `ec_brands` DISABLE KEYS */;
INSERT INTO `ec_brands` VALUES (1,'Fashion live',NULL,NULL,'brands/brand-01.png','published',0,0,'2024-01-06 17:16:06','2024-01-06 17:16:06'),(2,'Hand crafted',NULL,NULL,'brands/brand-02.png','published',1,0,'2024-01-06 17:16:06','2024-01-06 17:16:06'),(3,'Mestonix',NULL,NULL,'brands/brand-03.png','published',2,1,'2024-01-06 17:16:06','2024-01-06 17:16:06'),(4,'Sunshine',NULL,NULL,'brands/brand-04.png','published',3,0,'2024-01-06 17:16:06','2024-01-06 17:16:06'),(5,'Pure',NULL,NULL,'brands/brand-05.png','published',4,0,'2024-01-06 17:16:06','2024-01-06 17:16:06'),(6,'Anfold',NULL,NULL,'brands/brand-06.png','published',5,1,'2024-01-06 17:16:06','2024-01-06 17:16:06');
/*!40000 ALTER TABLE `ec_brands` ENABLE KEYS */;
UNLOCK TABLES;

--
-- Table structure for table `ec_brands_translations`
--

DROP TABLE IF EXISTS `ec_brands_translations`;
/*!40101 SET @saved_cs_client     = @@character_set_client */;
/*!50503 SET character_set_client = utf8mb4 */;
CREATE TABLE `ec_brands_translations` (
  `lang_code` varchar(191) COLLATE utf8mb4_unicode_ci NOT NULL,
  `ec_brands_id` bigint unsigned NOT NULL,
  `name` varchar(191) COLLATE utf8mb4_unicode_ci DEFAULT NULL,
  `description` varchar(191) COLLATE utf8mb4_unicode_ci DEFAULT NULL,
  PRIMARY KEY (`lang_code`,`ec_brands_id`)
) ENGINE=InnoDB DEFAULT CHARSET=utf8mb4 COLLATE=utf8mb4_unicode_ci;
/*!40101 SET character_set_client = @saved_cs_client */;

--
-- Dumping data for table `ec_brands_translations`
--

LOCK TABLES `ec_brands_translations` WRITE;
/*!40000 ALTER TABLE `ec_brands_translations` DISABLE KEYS */;
/*!40000 ALTER TABLE `ec_brands_translations` ENABLE KEYS */;
UNLOCK TABLES;

--
-- Table structure for table `ec_cart`
--

DROP TABLE IF EXISTS `ec_cart`;
/*!40101 SET @saved_cs_client     = @@character_set_client */;
/*!50503 SET character_set_client = utf8mb4 */;
CREATE TABLE `ec_cart` (
  `identifier` varchar(60) COLLATE utf8mb4_unicode_ci NOT NULL,
  `instance` varchar(60) COLLATE utf8mb4_unicode_ci NOT NULL,
  `content` longtext COLLATE utf8mb4_unicode_ci NOT NULL,
  `created_at` timestamp NULL DEFAULT NULL,
  `updated_at` timestamp NULL DEFAULT NULL,
  PRIMARY KEY (`identifier`,`instance`)
) ENGINE=InnoDB DEFAULT CHARSET=utf8mb4 COLLATE=utf8mb4_unicode_ci;
/*!40101 SET character_set_client = @saved_cs_client */;

--
-- Dumping data for table `ec_cart`
--

LOCK TABLES `ec_cart` WRITE;
/*!40000 ALTER TABLE `ec_cart` DISABLE KEYS */;
/*!40000 ALTER TABLE `ec_cart` ENABLE KEYS */;
UNLOCK TABLES;

--
-- Table structure for table `ec_currencies`
--

DROP TABLE IF EXISTS `ec_currencies`;
/*!40101 SET @saved_cs_client     = @@character_set_client */;
/*!50503 SET character_set_client = utf8mb4 */;
CREATE TABLE `ec_currencies` (
  `id` bigint unsigned NOT NULL AUTO_INCREMENT,
  `title` varchar(191) COLLATE utf8mb4_unicode_ci NOT NULL,
  `symbol` varchar(10) COLLATE utf8mb4_unicode_ci NOT NULL,
  `is_prefix_symbol` tinyint unsigned NOT NULL DEFAULT '0',
  `decimals` tinyint unsigned DEFAULT '0',
  `order` int unsigned DEFAULT '0',
  `is_default` tinyint NOT NULL DEFAULT '0',
  `exchange_rate` double NOT NULL DEFAULT '1',
  `created_at` timestamp NULL DEFAULT NULL,
  `updated_at` timestamp NULL DEFAULT NULL,
  PRIMARY KEY (`id`)
) ENGINE=InnoDB AUTO_INCREMENT=4 DEFAULT CHARSET=utf8mb4 COLLATE=utf8mb4_unicode_ci;
/*!40101 SET character_set_client = @saved_cs_client */;

--
-- Dumping data for table `ec_currencies`
--

LOCK TABLES `ec_currencies` WRITE;
/*!40000 ALTER TABLE `ec_currencies` DISABLE KEYS */;
INSERT INTO `ec_currencies` VALUES (1,'USD','$',1,2,0,1,1,'2024-01-06 17:15:54','2024-01-06 17:15:54'),(2,'EUR','€',0,2,1,0,0.84,'2024-01-06 17:15:54','2024-01-06 17:15:54'),(3,'VND','₫',0,0,2,0,23203,'2024-01-06 17:15:54','2024-01-06 17:15:54');
/*!40000 ALTER TABLE `ec_currencies` ENABLE KEYS */;
UNLOCK TABLES;

--
-- Table structure for table `ec_customer_addresses`
--

DROP TABLE IF EXISTS `ec_customer_addresses`;
/*!40101 SET @saved_cs_client     = @@character_set_client */;
/*!50503 SET character_set_client = utf8mb4 */;
CREATE TABLE `ec_customer_addresses` (
  `id` bigint unsigned NOT NULL AUTO_INCREMENT,
  `name` varchar(191) COLLATE utf8mb4_unicode_ci NOT NULL,
  `email` varchar(60) COLLATE utf8mb4_unicode_ci DEFAULT NULL,
  `phone` varchar(20) COLLATE utf8mb4_unicode_ci DEFAULT NULL,
  `country` varchar(120) COLLATE utf8mb4_unicode_ci DEFAULT NULL,
  `state` varchar(120) COLLATE utf8mb4_unicode_ci DEFAULT NULL,
  `city` varchar(120) COLLATE utf8mb4_unicode_ci DEFAULT NULL,
  `address` varchar(255) COLLATE utf8mb4_unicode_ci DEFAULT NULL,
  `customer_id` bigint unsigned NOT NULL,
  `is_default` tinyint unsigned NOT NULL DEFAULT '0',
  `created_at` timestamp NULL DEFAULT NULL,
  `updated_at` timestamp NULL DEFAULT NULL,
  `zip_code` varchar(20) COLLATE utf8mb4_unicode_ci DEFAULT NULL,
  PRIMARY KEY (`id`)
) ENGINE=InnoDB AUTO_INCREMENT=13 DEFAULT CHARSET=utf8mb4 COLLATE=utf8mb4_unicode_ci;
/*!40101 SET character_set_client = @saved_cs_client */;

--
-- Dumping data for table `ec_customer_addresses`
--

LOCK TABLES `ec_customer_addresses` WRITE;
/*!40000 ALTER TABLE `ec_customer_addresses` DISABLE KEYS */;
INSERT INTO `ec_customer_addresses` VALUES (1,'Kayden Schultz','customer@botble.com','+17475390301','TM','Arizona','Port Garretchester','656 Bednar Ferry Apt. 806',1,1,'2024-01-06 17:16:18','2024-01-06 17:16:18','83904'),(2,'Kayden Schultz','customer@botble.com','+18105453273','CK','Washington','West Gerry','446 Lelia Radial',1,0,'2024-01-06 17:16:18','2024-01-06 17:16:18','27975'),(3,'Zora Murphy','john.smith@botble.com','+19304923626','PY','Louisiana','Lake Reece','97510 Delphine Walk',2,1,'2024-01-06 17:16:18','2024-01-06 17:16:18','31602'),(4,'Zora Murphy','john.smith@botble.com','+14237169352','TH','Rhode Island','Gradyfurt','374 Davis Junction',2,0,'2024-01-06 17:16:18','2024-01-06 17:16:18','33179'),(5,'Houston D\'Amore DVM','leonardo.feil@example.com','+14346043412','UY','Illinois','Wymanside','5880 Gerardo Junctions',3,1,'2024-01-06 17:16:18','2024-01-06 17:16:18','25137'),(6,'Caleigh Morissette','terry.ryley@example.com','+16296838612','SB','Nebraska','Koeppburgh','553 Julius Ford',4,1,'2024-01-06 17:16:18','2024-01-06 17:16:18','89996-6037'),(7,'Winona Dibbert','cordia.witting@example.net','+15393378531','TZ','Indiana','New Reginaldmouth','9871 Runolfsson Key',5,1,'2024-01-06 17:16:19','2024-01-06 17:16:19','51716'),(8,'Dr. Eric Jacobson DVM','leif45@example.com','+13038410580','TW','Alabama','Mohrberg','90379 Jany Freeway',6,1,'2024-01-06 17:16:19','2024-01-06 17:16:19','68734-6894'),(9,'Mr. Reuben Hirthe','jmitchell@example.com','+15317922499','NO','Georgia','East Antoniettashire','65324 Zion Spurs',7,1,'2024-01-06 17:16:19','2024-01-06 17:16:19','46336-1083'),(10,'Mrs. Haylie Cruickshank','stark.roscoe@example.net','+14698473733','QA','Connecticut','Adellefort','52894 Lennie Rapids Apt. 612',8,1,'2024-01-06 17:16:19','2024-01-06 17:16:19','18738'),(11,'Mike Romaguera','hkling@example.org','+17324037918','ME','Texas','Franciscoland','531 Kessler Dale',9,1,'2024-01-06 17:16:20','2024-01-06 17:16:20','59136'),(12,'Miss Kyra Feil V','jakob.rutherford@example.net','+12484501767','AQ','Arizona','South Trace','736 Berneice Spring Apt. 816',10,1,'2024-01-06 17:16:20','2024-01-06 17:16:20','46561-5677');
/*!40000 ALTER TABLE `ec_customer_addresses` ENABLE KEYS */;
UNLOCK TABLES;

--
-- Table structure for table `ec_customer_password_resets`
--

DROP TABLE IF EXISTS `ec_customer_password_resets`;
/*!40101 SET @saved_cs_client     = @@character_set_client */;
/*!50503 SET character_set_client = utf8mb4 */;
CREATE TABLE `ec_customer_password_resets` (
  `email` varchar(191) COLLATE utf8mb4_unicode_ci NOT NULL,
  `token` varchar(191) COLLATE utf8mb4_unicode_ci NOT NULL,
  `created_at` timestamp NULL DEFAULT NULL,
  KEY `ec_customer_password_resets_email_index` (`email`),
  KEY `ec_customer_password_resets_token_index` (`token`)
) ENGINE=InnoDB DEFAULT CHARSET=utf8mb4 COLLATE=utf8mb4_unicode_ci;
/*!40101 SET character_set_client = @saved_cs_client */;

--
-- Dumping data for table `ec_customer_password_resets`
--

LOCK TABLES `ec_customer_password_resets` WRITE;
/*!40000 ALTER TABLE `ec_customer_password_resets` DISABLE KEYS */;
/*!40000 ALTER TABLE `ec_customer_password_resets` ENABLE KEYS */;
UNLOCK TABLES;

--
-- Table structure for table `ec_customer_recently_viewed_products`
--

DROP TABLE IF EXISTS `ec_customer_recently_viewed_products`;
/*!40101 SET @saved_cs_client     = @@character_set_client */;
/*!50503 SET character_set_client = utf8mb4 */;
CREATE TABLE `ec_customer_recently_viewed_products` (
  `id` bigint unsigned NOT NULL AUTO_INCREMENT,
  `customer_id` bigint unsigned NOT NULL,
  `product_id` bigint unsigned NOT NULL,
  PRIMARY KEY (`id`)
) ENGINE=InnoDB DEFAULT CHARSET=utf8mb4 COLLATE=utf8mb4_unicode_ci;
/*!40101 SET character_set_client = @saved_cs_client */;

--
-- Dumping data for table `ec_customer_recently_viewed_products`
--

LOCK TABLES `ec_customer_recently_viewed_products` WRITE;
/*!40000 ALTER TABLE `ec_customer_recently_viewed_products` DISABLE KEYS */;
/*!40000 ALTER TABLE `ec_customer_recently_viewed_products` ENABLE KEYS */;
UNLOCK TABLES;

--
-- Table structure for table `ec_customer_used_coupons`
--

DROP TABLE IF EXISTS `ec_customer_used_coupons`;
/*!40101 SET @saved_cs_client     = @@character_set_client */;
/*!50503 SET character_set_client = utf8mb4 */;
CREATE TABLE `ec_customer_used_coupons` (
  `discount_id` bigint unsigned NOT NULL,
  `customer_id` bigint unsigned NOT NULL,
  PRIMARY KEY (`discount_id`,`customer_id`)
) ENGINE=InnoDB DEFAULT CHARSET=utf8mb4 COLLATE=utf8mb4_unicode_ci;
/*!40101 SET character_set_client = @saved_cs_client */;

--
-- Dumping data for table `ec_customer_used_coupons`
--

LOCK TABLES `ec_customer_used_coupons` WRITE;
/*!40000 ALTER TABLE `ec_customer_used_coupons` DISABLE KEYS */;
/*!40000 ALTER TABLE `ec_customer_used_coupons` ENABLE KEYS */;
UNLOCK TABLES;

--
-- Table structure for table `ec_customers`
--

DROP TABLE IF EXISTS `ec_customers`;
/*!40101 SET @saved_cs_client     = @@character_set_client */;
/*!50503 SET character_set_client = utf8mb4 */;
CREATE TABLE `ec_customers` (
  `id` bigint unsigned NOT NULL AUTO_INCREMENT,
  `name` varchar(191) COLLATE utf8mb4_unicode_ci NOT NULL,
  `email` varchar(191) COLLATE utf8mb4_unicode_ci NOT NULL,
  `password` varchar(191) COLLATE utf8mb4_unicode_ci NOT NULL,
  `avatar` varchar(255) COLLATE utf8mb4_unicode_ci DEFAULT NULL,
  `dob` date DEFAULT NULL,
  `phone` varchar(20) COLLATE utf8mb4_unicode_ci DEFAULT NULL,
  `remember_token` varchar(100) COLLATE utf8mb4_unicode_ci DEFAULT NULL,
  `created_at` timestamp NULL DEFAULT NULL,
  `updated_at` timestamp NULL DEFAULT NULL,
  `confirmed_at` datetime DEFAULT NULL,
  `email_verify_token` varchar(120) COLLATE utf8mb4_unicode_ci DEFAULT NULL,
  `status` varchar(60) COLLATE utf8mb4_unicode_ci NOT NULL DEFAULT 'activated',
  `private_notes` text COLLATE utf8mb4_unicode_ci,
  PRIMARY KEY (`id`),
  UNIQUE KEY `ec_customers_email_unique` (`email`)
) ENGINE=InnoDB AUTO_INCREMENT=11 DEFAULT CHARSET=utf8mb4 COLLATE=utf8mb4_unicode_ci;
/*!40101 SET character_set_client = @saved_cs_client */;

--
-- Dumping data for table `ec_customers`
--

LOCK TABLES `ec_customers` WRITE;
/*!40000 ALTER TABLE `ec_customers` DISABLE KEYS */;
INSERT INTO `ec_customers` VALUES (1,'Kayden Schultz','customer@botble.com','$2y$12$Nj7h5c52N00PJf0jj6d1RerYaMDAnxPzbFYwme1AfZpSdLpV3zeG2','customers/4.jpg','1982-12-09','+12835616259',NULL,'2024-01-06 17:16:18','2024-01-06 17:16:18','2024-01-07 00:16:18',NULL,'activated',NULL),(2,'Zora Murphy','john.smith@botble.com','$2y$12$UkEprefEd5CQSJn6r1CGheyGhV1uMeOPvyrhU2Aa29.YTcFaWeUva','customers/10.jpg','1973-12-22','+14125707646',NULL,'2024-01-06 17:16:18','2024-01-06 17:16:18','2024-01-07 00:16:18',NULL,'activated',NULL),(3,'Houston D\'Amore DVM','leonardo.feil@example.com','$2y$12$L7w.z3P4ptcirfjUoepcbu3KX3d9A4ZVaQbehyDOWfQJnAOE1w9K2','customers/1.jpg','1998-12-31','+17078330224',NULL,'2024-01-06 17:16:18','2024-01-06 17:16:18','2024-01-07 00:16:18',NULL,'activated',NULL),(4,'Caleigh Morissette','terry.ryley@example.com','$2y$12$YDNSbsl9s4AQbfQh64wso.tKCmYwEV0ljOrViPzor67PxC5Ne6j5a','customers/2.jpg','2003-01-06','+19148635210',NULL,'2024-01-06 17:16:18','2024-01-06 17:16:18','2024-01-07 00:16:18',NULL,'activated',NULL),(5,'Winona Dibbert','cordia.witting@example.net','$2y$12$5QVE9dq3M9jtB1W/sMyAVuOm/IbrDS/Wretci.JTLBX966m6Ej3Xu','customers/3.jpg','1987-12-31','+15169199236',NULL,'2024-01-06 17:16:19','2024-01-06 17:16:19','2024-01-07 00:16:19',NULL,'activated',NULL),(6,'Dr. Eric Jacobson DVM','leif45@example.com','$2y$12$Lku2PVsVod8cYF4zOgCsoeCHG/Xg3ur4vCFxAlb/fMOrJKl3FUm02','customers/4.jpg','1985-12-20','+17038699546',NULL,'2024-01-06 17:16:19','2024-01-06 17:16:19','2024-01-07 00:16:19',NULL,'activated',NULL),(7,'Mr. Reuben Hirthe','jmitchell@example.com','$2y$12$C5m2Lxy5V3wxmenctxGuAe92HUNAqc7NQjj9JCnUH842UN1onkuji','customers/5.jpg','1984-12-09','+14804038433',NULL,'2024-01-06 17:16:19','2024-01-06 17:16:19','2024-01-07 00:16:19',NULL,'activated',NULL),(8,'Mrs. Haylie Cruickshank','stark.roscoe@example.net','$2y$12$OT8U56rvMZ08GX/6FS32SepzL55jQlcYQBhQYWxfkfk86D.LE94yC','customers/6.jpg','1973-12-17','+13602220473',NULL,'2024-01-06 17:16:19','2024-01-06 17:16:19','2024-01-07 00:16:19',NULL,'activated',NULL),(9,'Mike Romaguera','hkling@example.org','$2y$12$y4OX6JxZbwfnPnLw8hwFQu21BPDxhdzuRnA/ppe8wsZRTq3Ul.hZG','customers/7.jpg','1990-12-11','+18206596910',NULL,'2024-01-06 17:16:20','2024-01-06 17:16:20','2024-01-07 00:16:20',NULL,'activated',NULL),(10,'Miss Kyra Feil V','jakob.rutherford@example.net','$2y$12$dkBjSoO1Va3fropEndG8POJhDs/Mc.lpjLBt.0dD98ZbJiMsj8EMS','customers/8.jpg','1975-12-21','+13616690333',NULL,'2024-01-06 17:16:20','2024-01-06 17:16:20','2024-01-07 00:16:20',NULL,'activated',NULL);
/*!40000 ALTER TABLE `ec_customers` ENABLE KEYS */;
UNLOCK TABLES;

--
-- Table structure for table `ec_discount_customers`
--

DROP TABLE IF EXISTS `ec_discount_customers`;
/*!40101 SET @saved_cs_client     = @@character_set_client */;
/*!50503 SET character_set_client = utf8mb4 */;
CREATE TABLE `ec_discount_customers` (
  `discount_id` bigint unsigned NOT NULL,
  `customer_id` bigint unsigned NOT NULL,
  PRIMARY KEY (`discount_id`,`customer_id`)
) ENGINE=InnoDB DEFAULT CHARSET=utf8mb4 COLLATE=utf8mb4_unicode_ci;
/*!40101 SET character_set_client = @saved_cs_client */;

--
-- Dumping data for table `ec_discount_customers`
--

LOCK TABLES `ec_discount_customers` WRITE;
/*!40000 ALTER TABLE `ec_discount_customers` DISABLE KEYS */;
/*!40000 ALTER TABLE `ec_discount_customers` ENABLE KEYS */;
UNLOCK TABLES;

--
-- Table structure for table `ec_discount_product_categories`
--

DROP TABLE IF EXISTS `ec_discount_product_categories`;
/*!40101 SET @saved_cs_client     = @@character_set_client */;
/*!50503 SET character_set_client = utf8mb4 */;
CREATE TABLE `ec_discount_product_categories` (
  `discount_id` bigint unsigned NOT NULL,
  `product_category_id` bigint unsigned NOT NULL,
  PRIMARY KEY (`discount_id`,`product_category_id`)
) ENGINE=InnoDB DEFAULT CHARSET=utf8mb4 COLLATE=utf8mb4_unicode_ci;
/*!40101 SET character_set_client = @saved_cs_client */;

--
-- Dumping data for table `ec_discount_product_categories`
--

LOCK TABLES `ec_discount_product_categories` WRITE;
/*!40000 ALTER TABLE `ec_discount_product_categories` DISABLE KEYS */;
/*!40000 ALTER TABLE `ec_discount_product_categories` ENABLE KEYS */;
UNLOCK TABLES;

--
-- Table structure for table `ec_discount_product_collections`
--

DROP TABLE IF EXISTS `ec_discount_product_collections`;
/*!40101 SET @saved_cs_client     = @@character_set_client */;
/*!50503 SET character_set_client = utf8mb4 */;
CREATE TABLE `ec_discount_product_collections` (
  `discount_id` bigint unsigned NOT NULL,
  `product_collection_id` bigint unsigned NOT NULL,
  PRIMARY KEY (`discount_id`,`product_collection_id`)
) ENGINE=InnoDB DEFAULT CHARSET=utf8mb4 COLLATE=utf8mb4_unicode_ci;
/*!40101 SET character_set_client = @saved_cs_client */;

--
-- Dumping data for table `ec_discount_product_collections`
--

LOCK TABLES `ec_discount_product_collections` WRITE;
/*!40000 ALTER TABLE `ec_discount_product_collections` DISABLE KEYS */;
/*!40000 ALTER TABLE `ec_discount_product_collections` ENABLE KEYS */;
UNLOCK TABLES;

--
-- Table structure for table `ec_discount_products`
--

DROP TABLE IF EXISTS `ec_discount_products`;
/*!40101 SET @saved_cs_client     = @@character_set_client */;
/*!50503 SET character_set_client = utf8mb4 */;
CREATE TABLE `ec_discount_products` (
  `discount_id` bigint unsigned NOT NULL,
  `product_id` bigint unsigned NOT NULL,
  PRIMARY KEY (`discount_id`,`product_id`)
) ENGINE=InnoDB DEFAULT CHARSET=utf8mb4 COLLATE=utf8mb4_unicode_ci;
/*!40101 SET character_set_client = @saved_cs_client */;

--
-- Dumping data for table `ec_discount_products`
--

LOCK TABLES `ec_discount_products` WRITE;
/*!40000 ALTER TABLE `ec_discount_products` DISABLE KEYS */;
/*!40000 ALTER TABLE `ec_discount_products` ENABLE KEYS */;
UNLOCK TABLES;

--
-- Table structure for table `ec_discounts`
--

DROP TABLE IF EXISTS `ec_discounts`;
/*!40101 SET @saved_cs_client     = @@character_set_client */;
/*!50503 SET character_set_client = utf8mb4 */;
CREATE TABLE `ec_discounts` (
  `id` bigint unsigned NOT NULL AUTO_INCREMENT,
  `title` varchar(120) COLLATE utf8mb4_unicode_ci DEFAULT NULL,
  `code` varchar(20) COLLATE utf8mb4_unicode_ci DEFAULT NULL,
  `start_date` datetime DEFAULT NULL,
  `end_date` datetime DEFAULT NULL,
  `quantity` int DEFAULT NULL,
  `total_used` int unsigned NOT NULL DEFAULT '0',
  `value` double DEFAULT NULL,
  `type` varchar(60) COLLATE utf8mb4_unicode_ci DEFAULT 'coupon',
  `can_use_with_promotion` tinyint(1) NOT NULL DEFAULT '0',
  `discount_on` varchar(20) COLLATE utf8mb4_unicode_ci DEFAULT NULL,
  `product_quantity` int unsigned DEFAULT NULL,
  `type_option` varchar(100) COLLATE utf8mb4_unicode_ci NOT NULL DEFAULT 'amount',
  `target` varchar(100) COLLATE utf8mb4_unicode_ci NOT NULL DEFAULT 'all-orders',
  `min_order_price` decimal(15,2) DEFAULT NULL,
  `apply_via_url` tinyint(1) NOT NULL DEFAULT '0',
  `display_at_checkout` tinyint(1) NOT NULL DEFAULT '0',
  `created_at` timestamp NULL DEFAULT NULL,
  `updated_at` timestamp NULL DEFAULT NULL,
  `description` varchar(191) COLLATE utf8mb4_unicode_ci DEFAULT NULL,
  PRIMARY KEY (`id`),
  UNIQUE KEY `ec_discounts_code_unique` (`code`)
) ENGINE=InnoDB DEFAULT CHARSET=utf8mb4 COLLATE=utf8mb4_unicode_ci;
/*!40101 SET character_set_client = @saved_cs_client */;

--
-- Dumping data for table `ec_discounts`
--

LOCK TABLES `ec_discounts` WRITE;
/*!40000 ALTER TABLE `ec_discounts` DISABLE KEYS */;
/*!40000 ALTER TABLE `ec_discounts` ENABLE KEYS */;
UNLOCK TABLES;

--
-- Table structure for table `ec_flash_sale_products`
--

DROP TABLE IF EXISTS `ec_flash_sale_products`;
/*!40101 SET @saved_cs_client     = @@character_set_client */;
/*!50503 SET character_set_client = utf8mb4 */;
CREATE TABLE `ec_flash_sale_products` (
  `flash_sale_id` bigint unsigned NOT NULL,
  `product_id` bigint unsigned NOT NULL,
  `price` double unsigned DEFAULT NULL,
  `quantity` int unsigned DEFAULT NULL,
  `sold` int unsigned NOT NULL DEFAULT '0'
) ENGINE=InnoDB DEFAULT CHARSET=utf8mb4 COLLATE=utf8mb4_unicode_ci;
/*!40101 SET character_set_client = @saved_cs_client */;

--
-- Dumping data for table `ec_flash_sale_products`
--

LOCK TABLES `ec_flash_sale_products` WRITE;
/*!40000 ALTER TABLE `ec_flash_sale_products` DISABLE KEYS */;
INSERT INTO `ec_flash_sale_products` VALUES (1,1,291.1,6,5),(1,2,135.2,13,2),(1,3,209.92,8,4),(1,4,109.3242,14,5),(1,5,167.69,16,5),(1,6,244,6,1),(1,7,230.04,20,5),(1,8,128.7936,10,2),(1,9,246.51,6,3),(1,10,186.3,14,5),(2,1,100,10,5);
/*!40000 ALTER TABLE `ec_flash_sale_products` ENABLE KEYS */;
UNLOCK TABLES;

--
-- Table structure for table `ec_flash_sales`
--

DROP TABLE IF EXISTS `ec_flash_sales`;
/*!40101 SET @saved_cs_client     = @@character_set_client */;
/*!50503 SET character_set_client = utf8mb4 */;
CREATE TABLE `ec_flash_sales` (
  `id` bigint unsigned NOT NULL AUTO_INCREMENT,
  `name` varchar(255) COLLATE utf8mb4_unicode_ci NOT NULL,
  `end_date` datetime NOT NULL,
  `status` varchar(60) COLLATE utf8mb4_unicode_ci NOT NULL DEFAULT 'published',
  `created_at` timestamp NULL DEFAULT NULL,
  `updated_at` timestamp NULL DEFAULT NULL,
  PRIMARY KEY (`id`)
) ENGINE=InnoDB AUTO_INCREMENT=3 DEFAULT CHARSET=utf8mb4 COLLATE=utf8mb4_unicode_ci;
/*!40101 SET character_set_client = @saved_cs_client */;

--
-- Dumping data for table `ec_flash_sales`
--

LOCK TABLES `ec_flash_sales` WRITE;
/*!40000 ALTER TABLE `ec_flash_sales` DISABLE KEYS */;
INSERT INTO `ec_flash_sales` VALUES (1,'Winter Sale','2024-02-06 00:00:00','published','2024-01-06 17:16:24','2024-01-06 17:16:24'),(2,'Cosmetics Sale','2024-02-06 00:00:00','published','2024-01-06 17:16:24','2024-01-06 17:16:24');
/*!40000 ALTER TABLE `ec_flash_sales` ENABLE KEYS */;
UNLOCK TABLES;

--
-- Table structure for table `ec_flash_sales_translations`
--

DROP TABLE IF EXISTS `ec_flash_sales_translations`;
/*!40101 SET @saved_cs_client     = @@character_set_client */;
/*!50503 SET character_set_client = utf8mb4 */;
CREATE TABLE `ec_flash_sales_translations` (
  `lang_code` varchar(191) COLLATE utf8mb4_unicode_ci NOT NULL,
  `ec_flash_sales_id` bigint unsigned NOT NULL,
  `name` varchar(191) COLLATE utf8mb4_unicode_ci DEFAULT NULL,
  PRIMARY KEY (`lang_code`,`ec_flash_sales_id`)
) ENGINE=InnoDB DEFAULT CHARSET=utf8mb4 COLLATE=utf8mb4_unicode_ci;
/*!40101 SET character_set_client = @saved_cs_client */;

--
-- Dumping data for table `ec_flash_sales_translations`
--

LOCK TABLES `ec_flash_sales_translations` WRITE;
/*!40000 ALTER TABLE `ec_flash_sales_translations` DISABLE KEYS */;
/*!40000 ALTER TABLE `ec_flash_sales_translations` ENABLE KEYS */;
UNLOCK TABLES;

--
-- Table structure for table `ec_global_option_value`
--

DROP TABLE IF EXISTS `ec_global_option_value`;
/*!40101 SET @saved_cs_client     = @@character_set_client */;
/*!50503 SET character_set_client = utf8mb4 */;
CREATE TABLE `ec_global_option_value` (
  `option_id` bigint unsigned NOT NULL COMMENT 'option id',
  `id` bigint unsigned NOT NULL AUTO_INCREMENT,
  `option_value` tinytext COLLATE utf8mb4_unicode_ci COMMENT 'option value',
  `affect_price` double DEFAULT NULL COMMENT 'value of price of this option affect',
  `order` int NOT NULL DEFAULT '9999',
  `affect_type` tinyint NOT NULL DEFAULT '0' COMMENT '0. fixed 1. percent',
  `created_at` timestamp NULL DEFAULT NULL,
  `updated_at` timestamp NULL DEFAULT NULL,
  PRIMARY KEY (`id`)
) ENGINE=InnoDB AUTO_INCREMENT=13 DEFAULT CHARSET=utf8mb4 COLLATE=utf8mb4_unicode_ci;
/*!40101 SET character_set_client = @saved_cs_client */;

--
-- Dumping data for table `ec_global_option_value`
--

LOCK TABLES `ec_global_option_value` WRITE;
/*!40000 ALTER TABLE `ec_global_option_value` DISABLE KEYS */;
INSERT INTO `ec_global_option_value` VALUES (1,1,'1 Year',0,9999,0,'2024-01-06 17:16:06','2024-01-06 17:16:06'),(1,2,'2 Year',10,9999,0,'2024-01-06 17:16:06','2024-01-06 17:16:06'),(1,3,'3 Year',20,9999,0,'2024-01-06 17:16:06','2024-01-06 17:16:06'),(2,4,'4GB',0,9999,0,'2024-01-06 17:16:06','2024-01-06 17:16:06'),(2,5,'8GB',10,9999,0,'2024-01-06 17:16:06','2024-01-06 17:16:06'),(2,6,'16GB',20,9999,0,'2024-01-06 17:16:06','2024-01-06 17:16:06'),(3,7,'Core i5',0,9999,0,'2024-01-06 17:16:06','2024-01-06 17:16:06'),(3,8,'Core i7',10,9999,0,'2024-01-06 17:16:06','2024-01-06 17:16:06'),(3,9,'Core i9',20,9999,0,'2024-01-06 17:16:06','2024-01-06 17:16:06'),(4,10,'128GB',0,9999,0,'2024-01-06 17:16:06','2024-01-06 17:16:06'),(4,11,'256GB',10,9999,0,'2024-01-06 17:16:06','2024-01-06 17:16:06'),(4,12,'512GB',20,9999,0,'2024-01-06 17:16:06','2024-01-06 17:16:06');
/*!40000 ALTER TABLE `ec_global_option_value` ENABLE KEYS */;
UNLOCK TABLES;

--
-- Table structure for table `ec_global_option_value_translations`
--

DROP TABLE IF EXISTS `ec_global_option_value_translations`;
/*!40101 SET @saved_cs_client     = @@character_set_client */;
/*!50503 SET character_set_client = utf8mb4 */;
CREATE TABLE `ec_global_option_value_translations` (
  `lang_code` varchar(191) COLLATE utf8mb4_unicode_ci NOT NULL,
  `ec_global_option_value_id` bigint unsigned NOT NULL,
  `option_value` varchar(255) COLLATE utf8mb4_unicode_ci DEFAULT NULL,
  PRIMARY KEY (`lang_code`,`ec_global_option_value_id`)
) ENGINE=InnoDB DEFAULT CHARSET=utf8mb4 COLLATE=utf8mb4_unicode_ci;
/*!40101 SET character_set_client = @saved_cs_client */;

--
-- Dumping data for table `ec_global_option_value_translations`
--

LOCK TABLES `ec_global_option_value_translations` WRITE;
/*!40000 ALTER TABLE `ec_global_option_value_translations` DISABLE KEYS */;
/*!40000 ALTER TABLE `ec_global_option_value_translations` ENABLE KEYS */;
UNLOCK TABLES;

--
-- Table structure for table `ec_global_options`
--

DROP TABLE IF EXISTS `ec_global_options`;
/*!40101 SET @saved_cs_client     = @@character_set_client */;
/*!50503 SET character_set_client = utf8mb4 */;
CREATE TABLE `ec_global_options` (
  `id` bigint unsigned NOT NULL AUTO_INCREMENT,
  `name` varchar(191) COLLATE utf8mb4_unicode_ci NOT NULL COMMENT 'Name of options',
  `option_type` varchar(191) COLLATE utf8mb4_unicode_ci NOT NULL COMMENT 'option type',
  `required` tinyint(1) NOT NULL DEFAULT '0' COMMENT 'Checked if this option is required',
  `created_at` timestamp NULL DEFAULT NULL,
  `updated_at` timestamp NULL DEFAULT NULL,
  PRIMARY KEY (`id`)
) ENGINE=InnoDB AUTO_INCREMENT=5 DEFAULT CHARSET=utf8mb4 COLLATE=utf8mb4_unicode_ci;
/*!40101 SET character_set_client = @saved_cs_client */;

--
-- Dumping data for table `ec_global_options`
--

LOCK TABLES `ec_global_options` WRITE;
/*!40000 ALTER TABLE `ec_global_options` DISABLE KEYS */;
INSERT INTO `ec_global_options` VALUES (1,'Warranty','Botble\\Ecommerce\\Option\\OptionType\\RadioButton',1,'2024-01-06 17:16:06','2024-01-06 17:16:06'),(2,'RAM','Botble\\Ecommerce\\Option\\OptionType\\RadioButton',1,'2024-01-06 17:16:06','2024-01-06 17:16:06'),(3,'CPU','Botble\\Ecommerce\\Option\\OptionType\\RadioButton',1,'2024-01-06 17:16:06','2024-01-06 17:16:06'),(4,'HDD','Botble\\Ecommerce\\Option\\OptionType\\Dropdown',0,'2024-01-06 17:16:06','2024-01-06 17:16:06');
/*!40000 ALTER TABLE `ec_global_options` ENABLE KEYS */;
UNLOCK TABLES;

--
-- Table structure for table `ec_global_options_translations`
--

DROP TABLE IF EXISTS `ec_global_options_translations`;
/*!40101 SET @saved_cs_client     = @@character_set_client */;
/*!50503 SET character_set_client = utf8mb4 */;
CREATE TABLE `ec_global_options_translations` (
  `lang_code` varchar(191) COLLATE utf8mb4_unicode_ci NOT NULL,
  `ec_global_options_id` bigint unsigned NOT NULL,
  `name` varchar(255) COLLATE utf8mb4_unicode_ci DEFAULT NULL,
  PRIMARY KEY (`lang_code`,`ec_global_options_id`)
) ENGINE=InnoDB DEFAULT CHARSET=utf8mb4 COLLATE=utf8mb4_unicode_ci;
/*!40101 SET character_set_client = @saved_cs_client */;

--
-- Dumping data for table `ec_global_options_translations`
--

LOCK TABLES `ec_global_options_translations` WRITE;
/*!40000 ALTER TABLE `ec_global_options_translations` DISABLE KEYS */;
/*!40000 ALTER TABLE `ec_global_options_translations` ENABLE KEYS */;
UNLOCK TABLES;

--
-- Table structure for table `ec_grouped_products`
--

DROP TABLE IF EXISTS `ec_grouped_products`;
/*!40101 SET @saved_cs_client     = @@character_set_client */;
/*!50503 SET character_set_client = utf8mb4 */;
CREATE TABLE `ec_grouped_products` (
  `id` bigint unsigned NOT NULL AUTO_INCREMENT,
  `parent_product_id` bigint unsigned NOT NULL,
  `product_id` bigint unsigned NOT NULL,
  `fixed_qty` int NOT NULL DEFAULT '1',
  PRIMARY KEY (`id`)
) ENGINE=InnoDB DEFAULT CHARSET=utf8mb4 COLLATE=utf8mb4_unicode_ci;
/*!40101 SET character_set_client = @saved_cs_client */;

--
-- Dumping data for table `ec_grouped_products`
--

LOCK TABLES `ec_grouped_products` WRITE;
/*!40000 ALTER TABLE `ec_grouped_products` DISABLE KEYS */;
/*!40000 ALTER TABLE `ec_grouped_products` ENABLE KEYS */;
UNLOCK TABLES;

--
-- Table structure for table `ec_invoice_items`
--

DROP TABLE IF EXISTS `ec_invoice_items`;
/*!40101 SET @saved_cs_client     = @@character_set_client */;
/*!50503 SET character_set_client = utf8mb4 */;
CREATE TABLE `ec_invoice_items` (
  `id` bigint unsigned NOT NULL AUTO_INCREMENT,
  `invoice_id` bigint unsigned NOT NULL,
  `reference_type` varchar(191) COLLATE utf8mb4_unicode_ci NOT NULL,
  `reference_id` bigint unsigned NOT NULL,
  `name` varchar(191) COLLATE utf8mb4_unicode_ci NOT NULL,
  `description` varchar(191) COLLATE utf8mb4_unicode_ci DEFAULT NULL,
  `image` varchar(191) COLLATE utf8mb4_unicode_ci DEFAULT NULL,
  `qty` int unsigned NOT NULL,
  `price` decimal(15,2) NOT NULL DEFAULT '0.00',
  `sub_total` decimal(15,2) unsigned NOT NULL,
  `tax_amount` decimal(15,2) unsigned NOT NULL DEFAULT '0.00',
  `discount_amount` decimal(15,2) unsigned NOT NULL DEFAULT '0.00',
  `amount` decimal(15,2) unsigned NOT NULL,
  `options` text COLLATE utf8mb4_unicode_ci,
  `created_at` timestamp NULL DEFAULT NULL,
  `updated_at` timestamp NULL DEFAULT NULL,
  PRIMARY KEY (`id`),
  KEY `ec_invoice_items_reference_type_reference_id_index` (`reference_type`,`reference_id`)
) ENGINE=InnoDB AUTO_INCREMENT=61 DEFAULT CHARSET=utf8mb4 COLLATE=utf8mb4_unicode_ci;
/*!40101 SET character_set_client = @saved_cs_client */;

--
-- Dumping data for table `ec_invoice_items`
--

LOCK TABLES `ec_invoice_items` WRITE;
/*!40000 ALTER TABLE `ec_invoice_items` DISABLE KEYS */;
INSERT INTO `ec_invoice_items` VALUES (1,1,'Botble\\Ecommerce\\Models\\Product',219,'Avocado, Hass Large',NULL,'products/product-25.jpg',2,305.00,610.00,0.00,0.00,610.00,'[]','2024-01-06 17:16:20','2024-01-06 17:16:20'),(2,1,'Botble\\Ecommerce\\Models\\Product',225,'Maxwell House Classic Roast Mocha',NULL,'products/product-71.jpg',2,204.00,408.00,0.00,0.00,408.00,'[]','2024-01-06 17:16:20','2024-01-06 17:16:20'),(3,1,'Botble\\Ecommerce\\Models\\Product',239,'Casillero Diablo Cabernet Sauvignon',NULL,'products/product-75.jpg',1,383.00,383.00,0.00,0.00,383.00,'[]','2024-01-06 17:16:20','2024-01-06 17:16:20'),(4,1,'Botble\\Ecommerce\\Models\\Product',260,'Iceland 6 Hot Cross Buns',NULL,'products/product-46.jpg',3,319.00,957.00,0.00,0.00,957.00,'[]','2024-01-06 17:16:20','2024-01-06 17:16:20'),(5,2,'Botble\\Ecommerce\\Models\\Product',103,'Miklonda Co. Crafted Candles',NULL,'products/product-52.jpg',2,297.00,594.00,0.00,0.00,594.00,'[]','2024-01-06 17:16:20','2024-01-06 17:16:20'),(6,2,'Botble\\Ecommerce\\Models\\Product',153,'Baxter Care Hair Kit For Bearded Mens',NULL,'products/product-23.jpg',3,273.00,819.00,0.00,0.00,819.00,'[]','2024-01-06 17:16:20','2024-01-06 17:16:20'),(7,2,'Botble\\Ecommerce\\Models\\Product',165,'Crock Pot Slow Cooker',NULL,'products/product-61.jpg',1,478.00,478.00,0.00,0.00,478.00,'[]','2024-01-06 17:16:20','2024-01-06 17:16:20'),(8,2,'Botble\\Ecommerce\\Models\\Product',198,'Dolmio Bolognese Pasta Sauce',NULL,'products/product-64.jpg',2,489.00,978.00,0.00,0.00,978.00,'[]','2024-01-06 17:16:20','2024-01-06 17:16:20'),(9,3,'Botble\\Ecommerce\\Models\\Product',186,'Häagen-Dazs Salted Caramel',NULL,'products/product-61.jpg',3,432.00,1296.00,0.00,0.00,1296.00,'[]','2024-01-06 17:16:21','2024-01-06 17:16:21'),(10,3,'Botble\\Ecommerce\\Models\\Product',188,'Iceland 3 Solo Exotic Burst',NULL,'products/product-21.jpg',3,376.00,1128.00,0.00,0.00,1128.00,'[]','2024-01-06 17:16:21','2024-01-06 17:16:21'),(11,3,'Botble\\Ecommerce\\Models\\Product',238,'Coca-Cola Original Taste',NULL,'products/product-34.jpg',1,335.00,335.00,0.00,0.00,335.00,'[]','2024-01-06 17:16:21','2024-01-06 17:16:21'),(12,3,'Botble\\Ecommerce\\Models\\Product',255,'Honest Organic Still Lemonade',NULL,'products/product-26.jpg',2,323.00,646.00,0.00,0.00,646.00,'[]','2024-01-06 17:16:21','2024-01-06 17:16:21'),(13,4,'Botble\\Ecommerce\\Models\\Product',97,'Purab Enormous Miranda Bottle',NULL,'products/product-51.jpg',1,344.00,344.00,0.00,0.00,344.00,'[]','2024-01-06 17:16:21','2024-01-06 17:16:21'),(14,4,'Botble\\Ecommerce\\Models\\Product',109,'Dual Camera 20MP',NULL,'products/product-48.jpg',3,306.00,918.00,0.00,0.00,918.00,'[]','2024-01-06 17:16:21','2024-01-06 17:16:21'),(15,4,'Botble\\Ecommerce\\Models\\Product',115,'Beat Headphone',NULL,'products/product-2.jpg',2,366.00,732.00,0.00,0.00,732.00,'[]','2024-01-06 17:16:21','2024-01-06 17:16:21'),(16,4,'Botble\\Ecommerce\\Models\\Product',258,'Ice Beck’s Beer 350ml x 24 Pieces',NULL,'products/product-30.jpg',2,201.00,402.00,0.00,0.00,402.00,'[]','2024-01-06 17:16:21','2024-01-06 17:16:21'),(17,5,'Botble\\Ecommerce\\Models\\Product',170,'Soft Mochi &amp; Galeto Ice Cream',NULL,'products/product-35.jpg',1,225.00,225.00,0.00,0.00,225.00,'[]','2024-01-06 17:16:21','2024-01-06 17:16:21'),(18,5,'Botble\\Ecommerce\\Models\\Product',213,'Sesame Seed Bread',NULL,'products/product-18.jpg',1,202.00,202.00,0.00,0.00,202.00,'[]','2024-01-06 17:16:21','2024-01-06 17:16:21'),(19,6,'Botble\\Ecommerce\\Models\\Product',106,'Pinkol Enormous Granite Bottle',NULL,'products/product-32.jpg',1,230.00,230.00,0.00,0.00,230.00,'[]','2024-01-06 17:16:21','2024-01-06 17:16:21'),(20,6,'Botble\\Ecommerce\\Models\\Product',141,'Apple MacBook Air Retina 13.3-Inch Laptop',NULL,'products/product-75.jpg',1,291.00,291.00,0.00,0.00,291.00,'[]','2024-01-06 17:16:21','2024-01-06 17:16:21'),(21,6,'Botble\\Ecommerce\\Models\\Product',225,'Maxwell House Classic Roast Mocha',NULL,'products/product-71.jpg',1,204.00,204.00,0.00,0.00,204.00,'[]','2024-01-06 17:16:21','2024-01-06 17:16:21'),(22,6,'Botble\\Ecommerce\\Models\\Product',235,'Coca-Cola Original Taste',NULL,'products/product-41.jpg',1,335.00,335.00,0.00,0.00,335.00,'[]','2024-01-06 17:16:21','2024-01-06 17:16:21'),(23,7,'Botble\\Ecommerce\\Models\\Product',106,'Pinkol Enormous Granite Bottle',NULL,'products/product-32.jpg',2,230.00,460.00,0.00,0.00,460.00,'[]','2024-01-06 17:16:21','2024-01-06 17:16:21'),(24,7,'Botble\\Ecommerce\\Models\\Product',258,'Ice Beck’s Beer 350ml x 24 Pieces',NULL,'products/product-30.jpg',2,201.00,402.00,0.00,0.00,402.00,'[]','2024-01-06 17:16:21','2024-01-06 17:16:21'),(25,8,'Botble\\Ecommerce\\Models\\Product',99,'Purab Enormous Miranda Bottle',NULL,'products/product-72.jpg',1,344.00,344.00,0.00,0.00,344.00,'[]','2024-01-06 17:16:22','2024-01-06 17:16:22'),(26,8,'Botble\\Ecommerce\\Models\\Product',211,'Miko The Panda Water Bottle',NULL,'products/product-68.jpg',1,311.00,311.00,0.00,0.00,311.00,'[]','2024-01-06 17:16:22','2024-01-06 17:16:22'),(27,8,'Botble\\Ecommerce\\Models\\Product',222,'Italia Beef Lasagne',NULL,'products/product-92.jpg',1,202.00,202.00,0.00,0.00,202.00,'[]','2024-01-06 17:16:22','2024-01-06 17:16:22'),(28,8,'Botble\\Ecommerce\\Models\\Product',274,'Kit Kat Chunky Milk Chocolate',NULL,'products/product-34.jpg',3,265.00,795.00,0.00,0.00,795.00,'[]','2024-01-06 17:16:22','2024-01-06 17:16:22'),(29,9,'Botble\\Ecommerce\\Models\\Product',117,'Red &amp; Black Headphone',NULL,'products/product-85.jpg',2,499.00,998.00,0.00,0.00,998.00,'[]','2024-01-06 17:16:22','2024-01-06 17:16:22'),(30,9,'Botble\\Ecommerce\\Models\\Product',120,'Red &amp; Black Headphone',NULL,'products/product-31.jpg',2,499.00,998.00,0.00,0.00,998.00,'[]','2024-01-06 17:16:22','2024-01-06 17:16:22'),(31,9,'Botble\\Ecommerce\\Models\\Product',138,'B&amp;O Play Mini Bluetooth Speaker',NULL,'products/product-34.jpg',1,344.00,344.00,0.00,0.00,344.00,'[]','2024-01-06 17:16:22','2024-01-06 17:16:22'),(32,10,'Botble\\Ecommerce\\Models\\Product',120,'Red &amp; Black Headphone',NULL,'products/product-31.jpg',1,499.00,499.00,0.00,0.00,499.00,'[]','2024-01-06 17:16:22','2024-01-06 17:16:22'),(33,10,'Botble\\Ecommerce\\Models\\Product',135,'EPSION Plaster Printer',NULL,'products/product-31.jpg',3,339.00,1017.00,0.00,0.00,1017.00,'[]','2024-01-06 17:16:22','2024-01-06 17:16:22'),(34,11,'Botble\\Ecommerce\\Models\\Product',104,'Pinkol Enormous Granite Bottle',NULL,'products/product-50.jpg',2,230.00,460.00,0.00,0.00,460.00,'[]','2024-01-06 17:16:22','2024-01-06 17:16:22'),(35,11,'Botble\\Ecommerce\\Models\\Product',207,'Wayfair Basics Dinner Plate Storage',NULL,'products/product-86.jpg',1,370.00,370.00,0.00,0.00,370.00,'[]','2024-01-06 17:16:22','2024-01-06 17:16:22'),(36,12,'Botble\\Ecommerce\\Models\\Product',102,'Miklonda Co. Crafted Candles',NULL,'products/product-29.jpg',1,297.00,297.00,0.00,0.00,297.00,'[]','2024-01-06 17:16:22','2024-01-06 17:16:22'),(37,12,'Botble\\Ecommerce\\Models\\Product',190,'Iceland 3 Solo Exotic Burst',NULL,'products/product-81.jpg',3,376.00,1128.00,0.00,0.00,1128.00,'[]','2024-01-06 17:16:22','2024-01-06 17:16:22'),(38,12,'Botble\\Ecommerce\\Models\\Product',200,'Sitema BakeIT Plastic Box',NULL,'products/product-94.jpg',3,402.00,1206.00,0.00,0.00,1206.00,'[]','2024-01-06 17:16:22','2024-01-06 17:16:22'),(39,12,'Botble\\Ecommerce\\Models\\Product',264,'Iceland Soft Scoop Vanilla',NULL,'products/product-73.jpg',2,362.00,724.00,0.00,0.00,724.00,'[]','2024-01-06 17:16:22','2024-01-06 17:16:22'),(40,13,'Botble\\Ecommerce\\Models\\Product',116,'Beat Headphone',NULL,'products/product-95.jpg',3,366.00,1098.00,0.00,0.00,1098.00,'[]','2024-01-06 17:16:22','2024-01-06 17:16:22'),(41,13,'Botble\\Ecommerce\\Models\\Product',216,'Morrisons The Best Beef',NULL,'products/product-81.jpg',1,305.00,305.00,0.00,0.00,305.00,'[]','2024-01-06 17:16:22','2024-01-06 17:16:22'),(42,13,'Botble\\Ecommerce\\Models\\Product',280,'Pice 94w Beasley Journal',NULL,'products/product-70.jpg',2,277.00,554.00,0.00,0.00,554.00,'[]','2024-01-06 17:16:22','2024-01-06 17:16:22'),(43,13,'Botble\\Ecommerce\\Models\\Product',281,'Pice 94w Beasley Journal',NULL,'products/product-49.jpg',3,277.00,831.00,0.00,0.00,831.00,'[]','2024-01-06 17:16:22','2024-01-06 17:16:22'),(44,14,'Botble\\Ecommerce\\Models\\Product',106,'Pinkol Enormous Granite Bottle',NULL,'products/product-32.jpg',1,230.00,230.00,0.00,0.00,230.00,'[]','2024-01-06 17:16:23','2024-01-06 17:16:23'),(45,14,'Botble\\Ecommerce\\Models\\Product',213,'Sesame Seed Bread',NULL,'products/product-18.jpg',2,202.00,404.00,0.00,0.00,404.00,'[]','2024-01-06 17:16:23','2024-01-06 17:16:23'),(46,15,'Botble\\Ecommerce\\Models\\Product',188,'Iceland 3 Solo Exotic Burst',NULL,'products/product-21.jpg',2,376.00,752.00,0.00,0.00,752.00,'[]','2024-01-06 17:16:23','2024-01-06 17:16:23'),(47,15,'Botble\\Ecommerce\\Models\\Product',208,'Miko The Panda Water Bottle',NULL,'products/product-9.jpg',3,311.00,933.00,0.00,0.00,933.00,'[]','2024-01-06 17:16:23','2024-01-06 17:16:23'),(48,16,'Botble\\Ecommerce\\Models\\Product',90,'CLCo. Incredible Paper Car',NULL,'products/product-13.jpg',1,488.00,488.00,0.00,0.00,488.00,'[]','2024-01-06 17:16:23','2024-01-06 17:16:23'),(49,16,'Botble\\Ecommerce\\Models\\Product',138,'B&amp;O Play Mini Bluetooth Speaker',NULL,'products/product-34.jpg',1,344.00,344.00,0.00,0.00,344.00,'[]','2024-01-06 17:16:23','2024-01-06 17:16:23'),(50,17,'Botble\\Ecommerce\\Models\\Product',116,'Beat Headphone',NULL,'products/product-95.jpg',2,366.00,732.00,0.00,0.00,732.00,'[]','2024-01-06 17:16:23','2024-01-06 17:16:23'),(51,17,'Botble\\Ecommerce\\Models\\Product',229,'Bottled Pure Water 500ml',NULL,'products/product-73.jpg',3,393.00,1179.00,0.00,0.00,1179.00,'[]','2024-01-06 17:16:23','2024-01-06 17:16:23'),(52,18,'Botble\\Ecommerce\\Models\\Product',82,'Pinkol Enormous Granite Bottle',NULL,'products/product-90.jpg',1,328.00,328.00,0.00,0.00,328.00,'[]','2024-01-06 17:16:23','2024-01-06 17:16:23'),(53,18,'Botble\\Ecommerce\\Models\\Product',198,'Dolmio Bolognese Pasta Sauce',NULL,'products/product-64.jpg',2,489.00,978.00,0.00,0.00,978.00,'[]','2024-01-06 17:16:23','2024-01-06 17:16:23'),(54,18,'Botble\\Ecommerce\\Models\\Product',201,'Sitema BakeIT Plastic Box',NULL,'products/product-70.jpg',3,402.00,1206.00,0.00,0.00,1206.00,'[]','2024-01-06 17:16:23','2024-01-06 17:16:23'),(55,18,'Botble\\Ecommerce\\Models\\Product',240,'Arla Organic Free Range Milk',NULL,'products/product-85.jpg',1,244.00,244.00,0.00,0.00,244.00,'[]','2024-01-06 17:16:23','2024-01-06 17:16:23'),(56,19,'Botble\\Ecommerce\\Models\\Product',181,'Broccoli Crowns',NULL,'products/product-9.jpg',3,207.00,621.00,0.00,0.00,621.00,'[]','2024-01-06 17:16:23','2024-01-06 17:16:23'),(57,19,'Botble\\Ecommerce\\Models\\Product',206,'Wayfair Basics Dinner Plate Storage',NULL,'products/product-26.jpg',1,370.00,370.00,0.00,0.00,370.00,'[]','2024-01-06 17:16:23','2024-01-06 17:16:23'),(58,19,'Botble\\Ecommerce\\Models\\Product',234,'Famart Farmhouse Soft White',NULL,'products/product-95.jpg',1,360.00,360.00,0.00,0.00,360.00,'[]','2024-01-06 17:16:23','2024-01-06 17:16:23'),(59,20,'Botble\\Ecommerce\\Models\\Product',177,'Bar S – Classic Bun Length Franks',NULL,'products/product-95.jpg',3,338.00,1014.00,0.00,0.00,1014.00,'[]','2024-01-06 17:16:24','2024-01-06 17:16:24'),(60,20,'Botble\\Ecommerce\\Models\\Product',208,'Miko The Panda Water Bottle',NULL,'products/product-9.jpg',3,311.00,933.00,0.00,0.00,933.00,'[]','2024-01-06 17:16:24','2024-01-06 17:16:24');
/*!40000 ALTER TABLE `ec_invoice_items` ENABLE KEYS */;
UNLOCK TABLES;

--
-- Table structure for table `ec_invoices`
--

DROP TABLE IF EXISTS `ec_invoices`;
/*!40101 SET @saved_cs_client     = @@character_set_client */;
/*!50503 SET character_set_client = utf8mb4 */;
CREATE TABLE `ec_invoices` (
  `id` bigint unsigned NOT NULL AUTO_INCREMENT,
  `reference_type` varchar(191) COLLATE utf8mb4_unicode_ci NOT NULL,
  `reference_id` bigint unsigned NOT NULL,
  `code` varchar(191) COLLATE utf8mb4_unicode_ci NOT NULL,
  `customer_name` varchar(191) COLLATE utf8mb4_unicode_ci DEFAULT NULL,
  `company_name` varchar(191) COLLATE utf8mb4_unicode_ci DEFAULT NULL,
  `company_logo` varchar(191) COLLATE utf8mb4_unicode_ci DEFAULT NULL,
  `customer_email` varchar(191) COLLATE utf8mb4_unicode_ci DEFAULT NULL,
  `customer_phone` varchar(191) COLLATE utf8mb4_unicode_ci DEFAULT NULL,
  `customer_address` varchar(191) COLLATE utf8mb4_unicode_ci DEFAULT NULL,
  `customer_tax_id` varchar(191) COLLATE utf8mb4_unicode_ci DEFAULT NULL,
  `sub_total` decimal(15,2) unsigned NOT NULL,
  `tax_amount` decimal(15,2) unsigned NOT NULL DEFAULT '0.00',
  `shipping_amount` decimal(15,2) unsigned NOT NULL DEFAULT '0.00',
  `discount_amount` decimal(15,2) unsigned NOT NULL DEFAULT '0.00',
  `shipping_option` varchar(60) COLLATE utf8mb4_unicode_ci DEFAULT NULL,
  `shipping_method` varchar(60) COLLATE utf8mb4_unicode_ci NOT NULL DEFAULT 'default',
  `coupon_code` varchar(120) COLLATE utf8mb4_unicode_ci DEFAULT NULL,
  `discount_description` varchar(255) COLLATE utf8mb4_unicode_ci DEFAULT NULL,
  `amount` decimal(15,2) unsigned NOT NULL,
  `description` text COLLATE utf8mb4_unicode_ci,
  `payment_id` bigint unsigned DEFAULT NULL,
  `status` varchar(191) COLLATE utf8mb4_unicode_ci NOT NULL DEFAULT 'pending',
  `paid_at` timestamp NULL DEFAULT NULL,
  `created_at` timestamp NULL DEFAULT NULL,
  `updated_at` timestamp NULL DEFAULT NULL,
  PRIMARY KEY (`id`),
  UNIQUE KEY `ec_invoices_code_unique` (`code`),
  KEY `ec_invoices_reference_type_reference_id_index` (`reference_type`,`reference_id`),
  KEY `ec_invoices_payment_id_index` (`payment_id`),
  KEY `ec_invoices_status_index` (`status`)
) ENGINE=InnoDB AUTO_INCREMENT=21 DEFAULT CHARSET=utf8mb4 COLLATE=utf8mb4_unicode_ci;
/*!40101 SET character_set_client = @saved_cs_client */;

--
-- Dumping data for table `ec_invoices`
--

LOCK TABLES `ec_invoices` WRITE;
/*!40000 ALTER TABLE `ec_invoices` DISABLE KEYS */;
INSERT INTO `ec_invoices` VALUES (1,'Botble\\Ecommerce\\Models\\Order',1,'INV-1','Caleigh Morissette','',NULL,'terry.ryley@example.com','+16296838612','553 Julius Ford, Koeppburgh, Nebraska, SB',NULL,2358.00,0.00,0.00,0.00,'1','default',NULL,NULL,2358.00,NULL,1,'pending',NULL,'2023-12-26 01:16:20','2024-01-06 17:16:20'),(2,'Botble\\Ecommerce\\Models\\Order',2,'INV-2','Caleigh Morissette','',NULL,'terry.ryley@example.com','+16296838612','553 Julius Ford, Koeppburgh, Nebraska, SB',NULL,2869.00,0.00,0.00,0.00,'1','default',NULL,NULL,2869.00,NULL,2,'completed','2024-01-06 17:16:20','2024-01-01 23:16:20','2024-01-06 17:16:20'),(3,'Botble\\Ecommerce\\Models\\Order',3,'INV-3','Zora Murphy','',NULL,'john.smith@botble.com','+19304923626','97510 Delphine Walk, Lake Reece, Louisiana, PY',NULL,3405.00,0.00,0.00,0.00,'1','default',NULL,NULL,3405.00,NULL,3,'completed','2024-01-06 17:16:21','2024-01-05 05:16:21','2024-01-06 17:16:21'),(4,'Botble\\Ecommerce\\Models\\Order',4,'INV-4','Dr. Eric Jacobson DVM','',NULL,'leif45@example.com','+13038410580','90379 Jany Freeway, Mohrberg, Alabama, TW',NULL,2396.00,0.00,0.00,0.00,'1','default',NULL,NULL,2396.00,NULL,4,'pending',NULL,'2023-12-27 19:16:21','2024-01-06 17:16:21'),(5,'Botble\\Ecommerce\\Models\\Order',5,'INV-5','Mike Romaguera','',NULL,'hkling@example.org','+17324037918','531 Kessler Dale, Franciscoland, Texas, ME',NULL,427.00,0.00,0.00,0.00,'1','default',NULL,NULL,427.00,NULL,5,'completed','2024-01-06 17:16:21','2023-12-29 17:16:21','2024-01-06 17:16:21'),(6,'Botble\\Ecommerce\\Models\\Order',6,'INV-6','Winona Dibbert','',NULL,'cordia.witting@example.net','+15393378531','9871 Runolfsson Key, New Reginaldmouth, Indiana, TZ',NULL,1060.00,0.00,0.00,0.00,'1','default',NULL,NULL,1060.00,NULL,6,'completed','2024-01-06 17:16:21','2023-12-28 23:16:21','2024-01-06 17:16:21'),(7,'Botble\\Ecommerce\\Models\\Order',7,'INV-7','Mrs. Haylie Cruickshank','',NULL,'stark.roscoe@example.net','+14698473733','52894 Lennie Rapids Apt. 612, Adellefort, Connecticut, QA',NULL,862.00,0.00,0.00,0.00,'1','default',NULL,NULL,862.00,NULL,7,'completed','2024-01-06 17:16:21','2023-12-27 05:16:21','2024-01-06 17:16:21'),(8,'Botble\\Ecommerce\\Models\\Order',8,'INV-8','Dr. Eric Jacobson DVM','',NULL,'leif45@example.com','+13038410580','90379 Jany Freeway, Mohrberg, Alabama, TW',NULL,1652.00,0.00,0.00,0.00,'1','default',NULL,NULL,1652.00,NULL,8,'completed','2024-01-06 17:16:22','2023-12-30 03:16:22','2024-01-06 17:16:22'),(9,'Botble\\Ecommerce\\Models\\Order',9,'INV-9','Winona Dibbert','',NULL,'cordia.witting@example.net','+15393378531','9871 Runolfsson Key, New Reginaldmouth, Indiana, TZ',NULL,2340.00,0.00,0.00,0.00,'1','default',NULL,NULL,2340.00,NULL,9,'completed','2024-01-06 17:16:22','2023-12-29 17:16:22','2024-01-06 17:16:22'),(10,'Botble\\Ecommerce\\Models\\Order',10,'INV-10','Winona Dibbert','',NULL,'cordia.witting@example.net','+15393378531','9871 Runolfsson Key, New Reginaldmouth, Indiana, TZ',NULL,1516.00,0.00,0.00,0.00,'1','default',NULL,NULL,1516.00,NULL,10,'completed','2024-01-06 17:16:22','2024-01-05 19:16:22','2024-01-06 17:16:22'),(11,'Botble\\Ecommerce\\Models\\Order',11,'INV-11','Zora Murphy','',NULL,'john.smith@botble.com','+19304923626','97510 Delphine Walk, Lake Reece, Louisiana, PY',NULL,830.00,0.00,0.00,0.00,'1','default',NULL,NULL,830.00,NULL,11,'completed','2024-01-06 17:16:22','2023-12-29 09:16:22','2024-01-06 17:16:22'),(12,'Botble\\Ecommerce\\Models\\Order',12,'INV-12','Caleigh Morissette','',NULL,'terry.ryley@example.com','+16296838612','553 Julius Ford, Koeppburgh, Nebraska, SB',NULL,3355.00,0.00,0.00,0.00,'1','default',NULL,NULL,3355.00,NULL,12,'completed','2024-01-06 17:16:22','2024-01-03 17:16:22','2024-01-06 17:16:22'),(13,'Botble\\Ecommerce\\Models\\Order',13,'INV-13','Caleigh Morissette','',NULL,'terry.ryley@example.com','+16296838612','553 Julius Ford, Koeppburgh, Nebraska, SB',NULL,2788.00,0.00,0.00,0.00,'1','default',NULL,NULL,2788.00,NULL,13,'completed','2024-01-06 17:16:22','2024-01-03 09:16:22','2024-01-06 17:16:22'),(14,'Botble\\Ecommerce\\Models\\Order',14,'INV-14','Kayden Schultz','',NULL,'customer@botble.com','+17475390301','656 Bednar Ferry Apt. 806, Port Garretchester, Arizona, TM',NULL,634.00,0.00,0.00,0.00,'1','default',NULL,NULL,634.00,NULL,14,'pending',NULL,'2024-01-01 11:16:23','2024-01-06 17:16:23'),(15,'Botble\\Ecommerce\\Models\\Order',15,'INV-15','Kayden Schultz','',NULL,'customer@botble.com','+17475390301','656 Bednar Ferry Apt. 806, Port Garretchester, Arizona, TM',NULL,1685.00,0.00,0.00,0.00,'1','default',NULL,NULL,1685.00,NULL,15,'pending',NULL,'2024-01-05 05:16:23','2024-01-06 17:16:23'),(16,'Botble\\Ecommerce\\Models\\Order',16,'INV-16','Dr. Eric Jacobson DVM','',NULL,'leif45@example.com','+13038410580','90379 Jany Freeway, Mohrberg, Alabama, TW',NULL,832.00,0.00,0.00,0.00,'1','default',NULL,NULL,832.00,NULL,16,'pending',NULL,'2024-01-05 21:16:23','2024-01-06 17:16:23'),(17,'Botble\\Ecommerce\\Models\\Order',17,'INV-17','Miss Kyra Feil V','',NULL,'jakob.rutherford@example.net','+12484501767','736 Berneice Spring Apt. 816, South Trace, Arizona, AQ',NULL,1911.00,0.00,0.00,0.00,'1','default',NULL,NULL,1911.00,NULL,17,'pending',NULL,'2024-01-05 17:16:23','2024-01-06 17:16:23'),(18,'Botble\\Ecommerce\\Models\\Order',18,'INV-18','Miss Kyra Feil V','',NULL,'jakob.rutherford@example.net','+12484501767','736 Berneice Spring Apt. 816, South Trace, Arizona, AQ',NULL,2756.00,0.00,0.00,0.00,'1','default',NULL,NULL,2756.00,NULL,18,'completed','2024-01-06 17:16:23','2024-01-04 23:16:23','2024-01-06 17:16:23'),(19,'Botble\\Ecommerce\\Models\\Order',19,'INV-19','Miss Kyra Feil V','',NULL,'jakob.rutherford@example.net','+12484501767','736 Berneice Spring Apt. 816, South Trace, Arizona, AQ',NULL,1351.00,0.00,0.00,0.00,NULL,'',NULL,NULL,1351.00,NULL,19,'completed','2024-01-06 17:16:23','2024-01-06 01:16:23','2024-01-06 17:16:23'),(20,'Botble\\Ecommerce\\Models\\Order',20,'INV-20','Houston D\'Amore DVM','',NULL,'leonardo.feil@example.com','+14346043412','5880 Gerardo Junctions, Wymanside, Illinois, UY',NULL,1947.00,0.00,0.00,0.00,'1','default',NULL,NULL,1947.00,NULL,20,'completed','2024-01-06 17:16:24','2024-01-06 09:16:24','2024-01-06 17:16:24');
/*!40000 ALTER TABLE `ec_invoices` ENABLE KEYS */;
UNLOCK TABLES;

--
-- Table structure for table `ec_option_value`
--

DROP TABLE IF EXISTS `ec_option_value`;
/*!40101 SET @saved_cs_client     = @@character_set_client */;
/*!50503 SET character_set_client = utf8mb4 */;
CREATE TABLE `ec_option_value` (
  `option_id` bigint unsigned NOT NULL COMMENT 'option id',
  `id` bigint unsigned NOT NULL AUTO_INCREMENT,
  `option_value` tinytext COLLATE utf8mb4_unicode_ci COMMENT 'option value',
  `affect_price` double DEFAULT NULL COMMENT 'value of price of this option affect',
  `order` int NOT NULL DEFAULT '9999',
  `affect_type` tinyint NOT NULL DEFAULT '0' COMMENT '0. fixed 1. percent',
  `created_at` timestamp NULL DEFAULT NULL,
  `updated_at` timestamp NULL DEFAULT NULL,
  PRIMARY KEY (`id`)
) ENGINE=InnoDB DEFAULT CHARSET=utf8mb4 COLLATE=utf8mb4_unicode_ci;
/*!40101 SET character_set_client = @saved_cs_client */;

--
-- Dumping data for table `ec_option_value`
--

LOCK TABLES `ec_option_value` WRITE;
/*!40000 ALTER TABLE `ec_option_value` DISABLE KEYS */;
/*!40000 ALTER TABLE `ec_option_value` ENABLE KEYS */;
UNLOCK TABLES;

--
-- Table structure for table `ec_option_value_translations`
--

DROP TABLE IF EXISTS `ec_option_value_translations`;
/*!40101 SET @saved_cs_client     = @@character_set_client */;
/*!50503 SET character_set_client = utf8mb4 */;
CREATE TABLE `ec_option_value_translations` (
  `lang_code` varchar(191) COLLATE utf8mb4_unicode_ci NOT NULL,
  `ec_option_value_id` bigint unsigned NOT NULL,
  `option_value` varchar(255) COLLATE utf8mb4_unicode_ci DEFAULT NULL,
  PRIMARY KEY (`lang_code`,`ec_option_value_id`)
) ENGINE=InnoDB DEFAULT CHARSET=utf8mb4 COLLATE=utf8mb4_unicode_ci;
/*!40101 SET character_set_client = @saved_cs_client */;

--
-- Dumping data for table `ec_option_value_translations`
--

LOCK TABLES `ec_option_value_translations` WRITE;
/*!40000 ALTER TABLE `ec_option_value_translations` DISABLE KEYS */;
/*!40000 ALTER TABLE `ec_option_value_translations` ENABLE KEYS */;
UNLOCK TABLES;

--
-- Table structure for table `ec_options`
--

DROP TABLE IF EXISTS `ec_options`;
/*!40101 SET @saved_cs_client     = @@character_set_client */;
/*!50503 SET character_set_client = utf8mb4 */;
CREATE TABLE `ec_options` (
  `id` bigint unsigned NOT NULL AUTO_INCREMENT,
  `name` varchar(191) COLLATE utf8mb4_unicode_ci NOT NULL COMMENT 'Name of options',
  `option_type` varchar(191) COLLATE utf8mb4_unicode_ci DEFAULT NULL COMMENT 'option type',
  `product_id` bigint unsigned NOT NULL DEFAULT '0',
  `order` int NOT NULL DEFAULT '9999',
  `required` tinyint(1) NOT NULL DEFAULT '0' COMMENT 'Checked if this option is required',
  `created_at` timestamp NULL DEFAULT NULL,
  `updated_at` timestamp NULL DEFAULT NULL,
  PRIMARY KEY (`id`)
) ENGINE=InnoDB DEFAULT CHARSET=utf8mb4 COLLATE=utf8mb4_unicode_ci;
/*!40101 SET character_set_client = @saved_cs_client */;

--
-- Dumping data for table `ec_options`
--

LOCK TABLES `ec_options` WRITE;
/*!40000 ALTER TABLE `ec_options` DISABLE KEYS */;
/*!40000 ALTER TABLE `ec_options` ENABLE KEYS */;
UNLOCK TABLES;

--
-- Table structure for table `ec_options_translations`
--

DROP TABLE IF EXISTS `ec_options_translations`;
/*!40101 SET @saved_cs_client     = @@character_set_client */;
/*!50503 SET character_set_client = utf8mb4 */;
CREATE TABLE `ec_options_translations` (
  `lang_code` varchar(191) COLLATE utf8mb4_unicode_ci NOT NULL,
  `ec_options_id` bigint unsigned NOT NULL,
  `name` varchar(255) COLLATE utf8mb4_unicode_ci DEFAULT NULL,
  PRIMARY KEY (`lang_code`,`ec_options_id`)
) ENGINE=InnoDB DEFAULT CHARSET=utf8mb4 COLLATE=utf8mb4_unicode_ci;
/*!40101 SET character_set_client = @saved_cs_client */;

--
-- Dumping data for table `ec_options_translations`
--

LOCK TABLES `ec_options_translations` WRITE;
/*!40000 ALTER TABLE `ec_options_translations` DISABLE KEYS */;
/*!40000 ALTER TABLE `ec_options_translations` ENABLE KEYS */;
UNLOCK TABLES;

--
-- Table structure for table `ec_order_addresses`
--

DROP TABLE IF EXISTS `ec_order_addresses`;
/*!40101 SET @saved_cs_client     = @@character_set_client */;
/*!50503 SET character_set_client = utf8mb4 */;
CREATE TABLE `ec_order_addresses` (
  `id` bigint unsigned NOT NULL AUTO_INCREMENT,
  `name` varchar(191) COLLATE utf8mb4_unicode_ci NOT NULL,
  `phone` varchar(20) COLLATE utf8mb4_unicode_ci DEFAULT NULL,
  `email` varchar(191) COLLATE utf8mb4_unicode_ci DEFAULT NULL,
  `country` varchar(120) COLLATE utf8mb4_unicode_ci DEFAULT NULL,
  `state` varchar(120) COLLATE utf8mb4_unicode_ci DEFAULT NULL,
  `city` varchar(120) COLLATE utf8mb4_unicode_ci DEFAULT NULL,
  `address` varchar(255) COLLATE utf8mb4_unicode_ci DEFAULT NULL,
  `order_id` bigint unsigned NOT NULL,
  `zip_code` varchar(20) COLLATE utf8mb4_unicode_ci DEFAULT NULL,
  `type` varchar(60) COLLATE utf8mb4_unicode_ci NOT NULL DEFAULT 'shipping_address',
  PRIMARY KEY (`id`)
) ENGINE=InnoDB AUTO_INCREMENT=21 DEFAULT CHARSET=utf8mb4 COLLATE=utf8mb4_unicode_ci;
/*!40101 SET character_set_client = @saved_cs_client */;

--
-- Dumping data for table `ec_order_addresses`
--

LOCK TABLES `ec_order_addresses` WRITE;
/*!40000 ALTER TABLE `ec_order_addresses` DISABLE KEYS */;
INSERT INTO `ec_order_addresses` VALUES (1,'Caleigh Morissette','+16296838612','terry.ryley@example.com','SB','Nebraska','Koeppburgh','553 Julius Ford',1,'89996-6037','shipping_address'),(2,'Caleigh Morissette','+16296838612','terry.ryley@example.com','SB','Nebraska','Koeppburgh','553 Julius Ford',2,'89996-6037','shipping_address'),(3,'Zora Murphy','+19304923626','john.smith@botble.com','PY','Louisiana','Lake Reece','97510 Delphine Walk',3,'31602','shipping_address'),(4,'Dr. Eric Jacobson DVM','+13038410580','leif45@example.com','TW','Alabama','Mohrberg','90379 Jany Freeway',4,'68734-6894','shipping_address'),(5,'Mike Romaguera','+17324037918','hkling@example.org','ME','Texas','Franciscoland','531 Kessler Dale',5,'59136','shipping_address'),(6,'Winona Dibbert','+15393378531','cordia.witting@example.net','TZ','Indiana','New Reginaldmouth','9871 Runolfsson Key',6,'51716','shipping_address'),(7,'Mrs. Haylie Cruickshank','+14698473733','stark.roscoe@example.net','QA','Connecticut','Adellefort','52894 Lennie Rapids Apt. 612',7,'18738','shipping_address'),(8,'Dr. Eric Jacobson DVM','+13038410580','leif45@example.com','TW','Alabama','Mohrberg','90379 Jany Freeway',8,'68734-6894','shipping_address'),(9,'Winona Dibbert','+15393378531','cordia.witting@example.net','TZ','Indiana','New Reginaldmouth','9871 Runolfsson Key',9,'51716','shipping_address'),(10,'Winona Dibbert','+15393378531','cordia.witting@example.net','TZ','Indiana','New Reginaldmouth','9871 Runolfsson Key',10,'51716','shipping_address'),(11,'Zora Murphy','+19304923626','john.smith@botble.com','PY','Louisiana','Lake Reece','97510 Delphine Walk',11,'31602','shipping_address'),(12,'Caleigh Morissette','+16296838612','terry.ryley@example.com','SB','Nebraska','Koeppburgh','553 Julius Ford',12,'89996-6037','shipping_address'),(13,'Caleigh Morissette','+16296838612','terry.ryley@example.com','SB','Nebraska','Koeppburgh','553 Julius Ford',13,'89996-6037','shipping_address'),(14,'Kayden Schultz','+17475390301','customer@botble.com','TM','Arizona','Port Garretchester','656 Bednar Ferry Apt. 806',14,'83904','shipping_address'),(15,'Kayden Schultz','+17475390301','customer@botble.com','TM','Arizona','Port Garretchester','656 Bednar Ferry Apt. 806',15,'83904','shipping_address'),(16,'Dr. Eric Jacobson DVM','+13038410580','leif45@example.com','TW','Alabama','Mohrberg','90379 Jany Freeway',16,'68734-6894','shipping_address'),(17,'Miss Kyra Feil V','+12484501767','jakob.rutherford@example.net','AQ','Arizona','South Trace','736 Berneice Spring Apt. 816',17,'46561-5677','shipping_address'),(18,'Miss Kyra Feil V','+12484501767','jakob.rutherford@example.net','AQ','Arizona','South Trace','736 Berneice Spring Apt. 816',18,'46561-5677','shipping_address'),(19,'Miss Kyra Feil V','+12484501767','jakob.rutherford@example.net','AQ','Arizona','South Trace','736 Berneice Spring Apt. 816',19,'46561-5677','shipping_address'),(20,'Houston D\'Amore DVM','+14346043412','leonardo.feil@example.com','UY','Illinois','Wymanside','5880 Gerardo Junctions',20,'25137','shipping_address');
/*!40000 ALTER TABLE `ec_order_addresses` ENABLE KEYS */;
UNLOCK TABLES;

--
-- Table structure for table `ec_order_histories`
--

DROP TABLE IF EXISTS `ec_order_histories`;
/*!40101 SET @saved_cs_client     = @@character_set_client */;
/*!50503 SET character_set_client = utf8mb4 */;
CREATE TABLE `ec_order_histories` (
  `id` bigint unsigned NOT NULL AUTO_INCREMENT,
  `action` varchar(120) COLLATE utf8mb4_unicode_ci NOT NULL,
  `description` varchar(255) COLLATE utf8mb4_unicode_ci NOT NULL,
  `user_id` bigint unsigned DEFAULT NULL,
  `order_id` bigint unsigned NOT NULL,
  `extras` text COLLATE utf8mb4_unicode_ci,
  `created_at` timestamp NULL DEFAULT NULL,
  `updated_at` timestamp NULL DEFAULT NULL,
  PRIMARY KEY (`id`)
) ENGINE=InnoDB AUTO_INCREMENT=90 DEFAULT CHARSET=utf8mb4 COLLATE=utf8mb4_unicode_ci;
/*!40101 SET character_set_client = @saved_cs_client */;

--
-- Dumping data for table `ec_order_histories`
--

LOCK TABLES `ec_order_histories` WRITE;
/*!40000 ALTER TABLE `ec_order_histories` DISABLE KEYS */;
INSERT INTO `ec_order_histories` VALUES (1,'create_order_from_seeder','Order is created from the checkout page',NULL,1,NULL,'2023-12-26 01:16:20','2023-12-26 01:16:20'),(2,'confirm_order','Order was verified by %user_name%',0,1,NULL,'2023-12-26 01:16:20','2023-12-26 01:16:20'),(3,'create_shipment','Created shipment for order',0,1,NULL,'2024-01-06 17:16:20','2024-01-06 17:16:20'),(4,'update_status','Changed status of shipping to: Delivered. Updated by: %user_name%',0,1,NULL,'2024-01-06 17:16:20','2024-01-06 17:16:20'),(5,'create_order_from_seeder','Order is created from the checkout page',NULL,2,NULL,'2024-01-01 23:16:20','2024-01-01 23:16:20'),(6,'confirm_order','Order was verified by %user_name%',0,2,NULL,'2024-01-01 23:16:20','2024-01-01 23:16:20'),(7,'confirm_payment','Payment was confirmed (amount $2,869.00) by %user_name%',0,2,NULL,'2024-01-06 17:16:20','2024-01-06 17:16:20'),(8,'create_shipment','Created shipment for order',0,2,NULL,'2024-01-06 17:16:21','2024-01-06 17:16:21'),(9,'update_status','Changed status of shipping to: Delivered. Updated by: %user_name%',0,2,NULL,'2024-01-06 17:16:21','2024-01-06 17:16:21'),(10,'create_order_from_seeder','Order is created from the checkout page',NULL,3,NULL,'2024-01-05 05:16:21','2024-01-05 05:16:21'),(11,'confirm_order','Order was verified by %user_name%',0,3,NULL,'2024-01-05 05:16:21','2024-01-05 05:16:21'),(12,'confirm_payment','Payment was confirmed (amount $3,405.00) by %user_name%',0,3,NULL,'2024-01-06 17:16:21','2024-01-06 17:16:21'),(13,'create_shipment','Created shipment for order',0,3,NULL,'2024-01-06 17:16:21','2024-01-06 17:16:21'),(14,'create_order_from_seeder','Order is created from the checkout page',NULL,4,NULL,'2023-12-27 19:16:21','2023-12-27 19:16:21'),(15,'confirm_order','Order was verified by %user_name%',0,4,NULL,'2023-12-27 19:16:21','2023-12-27 19:16:21'),(16,'create_shipment','Created shipment for order',0,4,NULL,'2024-01-06 17:16:21','2024-01-06 17:16:21'),(17,'create_order_from_seeder','Order is created from the checkout page',NULL,5,NULL,'2023-12-29 17:16:21','2023-12-29 17:16:21'),(18,'confirm_order','Order was verified by %user_name%',0,5,NULL,'2023-12-29 17:16:21','2023-12-29 17:16:21'),(19,'confirm_payment','Payment was confirmed (amount $427.00) by %user_name%',0,5,NULL,'2024-01-06 17:16:21','2024-01-06 17:16:21'),(20,'create_shipment','Created shipment for order',0,5,NULL,'2024-01-06 17:16:21','2024-01-06 17:16:21'),(21,'update_status','Changed status of shipping to: Delivered. Updated by: %user_name%',0,5,NULL,'2024-01-06 17:16:21','2024-01-06 17:16:21'),(22,'create_order_from_seeder','Order is created from the checkout page',NULL,6,NULL,'2023-12-28 23:16:21','2023-12-28 23:16:21'),(23,'confirm_order','Order was verified by %user_name%',0,6,NULL,'2023-12-28 23:16:21','2023-12-28 23:16:21'),(24,'confirm_payment','Payment was confirmed (amount $1,060.00) by %user_name%',0,6,NULL,'2024-01-06 17:16:21','2024-01-06 17:16:21'),(25,'create_shipment','Created shipment for order',0,6,NULL,'2024-01-06 17:16:21','2024-01-06 17:16:21'),(26,'create_order_from_seeder','Order is created from the checkout page',NULL,7,NULL,'2023-12-27 05:16:21','2023-12-27 05:16:21'),(27,'confirm_order','Order was verified by %user_name%',0,7,NULL,'2023-12-27 05:16:21','2023-12-27 05:16:21'),(28,'confirm_payment','Payment was confirmed (amount $862.00) by %user_name%',0,7,NULL,'2024-01-06 17:16:21','2024-01-06 17:16:21'),(29,'create_shipment','Created shipment for order',0,7,NULL,'2024-01-06 17:16:21','2024-01-06 17:16:21'),(30,'update_status','Changed status of shipping to: Delivered. Updated by: %user_name%',0,7,NULL,'2024-01-06 17:16:22','2024-01-06 17:16:22'),(31,'create_order_from_seeder','Order is created from the checkout page',NULL,8,NULL,'2023-12-30 03:16:22','2023-12-30 03:16:22'),(32,'confirm_order','Order was verified by %user_name%',0,8,NULL,'2023-12-30 03:16:22','2023-12-30 03:16:22'),(33,'confirm_payment','Payment was confirmed (amount $1,652.00) by %user_name%',0,8,NULL,'2024-01-06 17:16:22','2024-01-06 17:16:22'),(34,'create_shipment','Created shipment for order',0,8,NULL,'2024-01-06 17:16:22','2024-01-06 17:16:22'),(35,'update_status','Changed status of shipping to: Delivered. Updated by: %user_name%',0,8,NULL,'2024-01-06 17:16:22','2024-01-06 17:16:22'),(36,'create_order_from_seeder','Order is created from the checkout page',NULL,9,NULL,'2023-12-29 17:16:22','2023-12-29 17:16:22'),(37,'confirm_order','Order was verified by %user_name%',0,9,NULL,'2023-12-29 17:16:22','2023-12-29 17:16:22'),(38,'confirm_payment','Payment was confirmed (amount $2,340.00) by %user_name%',0,9,NULL,'2024-01-06 17:16:22','2024-01-06 17:16:22'),(39,'create_shipment','Created shipment for order',0,9,NULL,'2024-01-06 17:16:22','2024-01-06 17:16:22'),(40,'update_status','Changed status of shipping to: Delivered. Updated by: %user_name%',0,9,NULL,'2024-01-06 17:16:22','2024-01-06 17:16:22'),(41,'create_order_from_seeder','Order is created from the checkout page',NULL,10,NULL,'2024-01-05 19:16:22','2024-01-05 19:16:22'),(42,'confirm_order','Order was verified by %user_name%',0,10,NULL,'2024-01-05 19:16:22','2024-01-05 19:16:22'),(43,'confirm_payment','Payment was confirmed (amount $1,516.00) by %user_name%',0,10,NULL,'2024-01-06 17:16:22','2024-01-06 17:16:22'),(44,'create_shipment','Created shipment for order',0,10,NULL,'2024-01-06 17:16:22','2024-01-06 17:16:22'),(45,'create_order_from_seeder','Order is created from the checkout page',NULL,11,NULL,'2023-12-29 09:16:22','2023-12-29 09:16:22'),(46,'confirm_order','Order was verified by %user_name%',0,11,NULL,'2023-12-29 09:16:22','2023-12-29 09:16:22'),(47,'confirm_payment','Payment was confirmed (amount $830.00) by %user_name%',0,11,NULL,'2024-01-06 17:16:22','2024-01-06 17:16:22'),(48,'create_shipment','Created shipment for order',0,11,NULL,'2024-01-06 17:16:22','2024-01-06 17:16:22'),(49,'create_order_from_seeder','Order is created from the checkout page',NULL,12,NULL,'2024-01-03 17:16:22','2024-01-03 17:16:22'),(50,'confirm_order','Order was verified by %user_name%',0,12,NULL,'2024-01-03 17:16:22','2024-01-03 17:16:22'),(51,'confirm_payment','Payment was confirmed (amount $3,355.00) by %user_name%',0,12,NULL,'2024-01-06 17:16:22','2024-01-06 17:16:22'),(52,'create_shipment','Created shipment for order',0,12,NULL,'2024-01-06 17:16:22','2024-01-06 17:16:22'),(53,'create_order_from_seeder','Order is created from the checkout page',NULL,13,NULL,'2024-01-03 09:16:22','2024-01-03 09:16:22'),(54,'confirm_order','Order was verified by %user_name%',0,13,NULL,'2024-01-03 09:16:22','2024-01-03 09:16:22'),(55,'confirm_payment','Payment was confirmed (amount $2,788.00) by %user_name%',0,13,NULL,'2024-01-06 17:16:22','2024-01-06 17:16:22'),(56,'create_shipment','Created shipment for order',0,13,NULL,'2024-01-06 17:16:23','2024-01-06 17:16:23'),(57,'create_order_from_seeder','Order is created from the checkout page',NULL,14,NULL,'2024-01-01 11:16:23','2024-01-01 11:16:23'),(58,'confirm_order','Order was verified by %user_name%',0,14,NULL,'2024-01-01 11:16:23','2024-01-01 11:16:23'),(59,'create_shipment','Created shipment for order',0,14,NULL,'2024-01-06 17:16:23','2024-01-06 17:16:23'),(60,'create_order_from_seeder','Order is created from the checkout page',NULL,15,NULL,'2024-01-05 05:16:23','2024-01-05 05:16:23'),(61,'confirm_order','Order was verified by %user_name%',0,15,NULL,'2024-01-05 05:16:23','2024-01-05 05:16:23'),(62,'create_shipment','Created shipment for order',0,15,NULL,'2024-01-06 17:16:23','2024-01-06 17:16:23'),(63,'update_status','Changed status of shipping to: Delivered. Updated by: %user_name%',0,15,NULL,'2024-01-06 17:16:23','2024-01-06 17:16:23'),(64,'create_order_from_seeder','Order is created from the checkout page',NULL,16,NULL,'2024-01-05 21:16:23','2024-01-05 21:16:23'),(65,'confirm_order','Order was verified by %user_name%',0,16,NULL,'2024-01-05 21:16:23','2024-01-05 21:16:23'),(66,'create_shipment','Created shipment for order',0,16,NULL,'2024-01-06 17:16:23','2024-01-06 17:16:23'),(67,'update_status','Changed status of shipping to: Delivered. Updated by: %user_name%',0,16,NULL,'2024-01-06 17:16:23','2024-01-06 17:16:23'),(68,'create_order_from_seeder','Order is created from the checkout page',NULL,17,NULL,'2024-01-05 17:16:23','2024-01-05 17:16:23'),(69,'confirm_order','Order was verified by %user_name%',0,17,NULL,'2024-01-05 17:16:23','2024-01-05 17:16:23'),(70,'create_shipment','Created shipment for order',0,17,NULL,'2024-01-06 17:16:23','2024-01-06 17:16:23'),(71,'create_order_from_seeder','Order is created from the checkout page',NULL,18,NULL,'2024-01-04 23:16:23','2024-01-04 23:16:23'),(72,'confirm_order','Order was verified by %user_name%',0,18,NULL,'2024-01-04 23:16:23','2024-01-04 23:16:23'),(73,'confirm_payment','Payment was confirmed (amount $2,756.00) by %user_name%',0,18,NULL,'2024-01-06 17:16:23','2024-01-06 17:16:23'),(74,'create_shipment','Created shipment for order',0,18,NULL,'2024-01-06 17:16:23','2024-01-06 17:16:23'),(75,'create_order_from_seeder','Order is created from the checkout page',NULL,19,NULL,'2024-01-06 01:16:23','2024-01-06 01:16:23'),(76,'confirm_order','Order was verified by %user_name%',0,19,NULL,'2024-01-06 01:16:23','2024-01-06 01:16:23'),(77,'confirm_payment','Payment was confirmed (amount $1,351.00) by %user_name%',0,19,NULL,'2024-01-06 17:16:23','2024-01-06 17:16:23'),(78,'update_status','Changed status of shipping to: . Updated by: %user_name%',0,19,NULL,'2024-01-06 17:16:24','2024-01-06 17:16:24'),(79,'create_order_from_seeder','Order is created from the checkout page',NULL,20,NULL,'2024-01-06 09:16:24','2024-01-06 09:16:24'),(80,'confirm_order','Order was verified by %user_name%',0,20,NULL,'2024-01-06 09:16:24','2024-01-06 09:16:24'),(81,'confirm_payment','Payment was confirmed (amount $1,947.00) by %user_name%',0,20,NULL,'2024-01-06 17:16:24','2024-01-06 17:16:24'),(82,'create_shipment','Created shipment for order',0,20,NULL,'2024-01-06 17:16:24','2024-01-06 17:16:24'),(83,'update_status','Changed status of shipping to: Delivered. Updated by: %user_name%',0,20,NULL,'2024-01-06 17:16:24','2024-01-06 17:16:24'),(84,'update_status','Order confirmed by %user_name%',0,2,NULL,'2024-01-06 17:16:24','2024-01-06 17:16:24'),(85,'update_status','Order confirmed by %user_name%',0,5,NULL,'2024-01-06 17:16:24','2024-01-06 17:16:24'),(86,'update_status','Order confirmed by %user_name%',0,7,NULL,'2024-01-06 17:16:24','2024-01-06 17:16:24'),(87,'update_status','Order confirmed by %user_name%',0,8,NULL,'2024-01-06 17:16:24','2024-01-06 17:16:24'),(88,'update_status','Order confirmed by %user_name%',0,9,NULL,'2024-01-06 17:16:24','2024-01-06 17:16:24'),(89,'update_status','Order confirmed by %user_name%',0,20,NULL,'2024-01-06 17:16:24','2024-01-06 17:16:24');
/*!40000 ALTER TABLE `ec_order_histories` ENABLE KEYS */;
UNLOCK TABLES;

--
-- Table structure for table `ec_order_product`
--

DROP TABLE IF EXISTS `ec_order_product`;
/*!40101 SET @saved_cs_client     = @@character_set_client */;
/*!50503 SET character_set_client = utf8mb4 */;
CREATE TABLE `ec_order_product` (
  `id` bigint unsigned NOT NULL AUTO_INCREMENT,
  `order_id` bigint unsigned NOT NULL,
  `qty` int NOT NULL,
  `price` decimal(15,2) NOT NULL,
  `tax_amount` decimal(15,2) NOT NULL,
  `options` text COLLATE utf8mb4_unicode_ci,
  `product_options` text COLLATE utf8mb4_unicode_ci COMMENT 'product option data',
  `product_id` bigint unsigned DEFAULT NULL,
  `product_name` varchar(191) COLLATE utf8mb4_unicode_ci NOT NULL,
  `product_image` varchar(191) COLLATE utf8mb4_unicode_ci DEFAULT NULL,
  `weight` double(8,2) DEFAULT '0.00',
  `restock_quantity` int unsigned DEFAULT '0',
  `created_at` timestamp NULL DEFAULT NULL,
  `updated_at` timestamp NULL DEFAULT NULL,
  `product_type` varchar(60) COLLATE utf8mb4_unicode_ci NOT NULL DEFAULT 'physical',
  `times_downloaded` int NOT NULL DEFAULT '0',
  `license_code` char(36) COLLATE utf8mb4_unicode_ci DEFAULT NULL,
  PRIMARY KEY (`id`)
) ENGINE=InnoDB AUTO_INCREMENT=61 DEFAULT CHARSET=utf8mb4 COLLATE=utf8mb4_unicode_ci;
/*!40101 SET character_set_client = @saved_cs_client */;

--
-- Dumping data for table `ec_order_product`
--

LOCK TABLES `ec_order_product` WRITE;
/*!40000 ALTER TABLE `ec_order_product` DISABLE KEYS */;
INSERT INTO `ec_order_product` VALUES (1,1,2,305.00,0.00,'[]',NULL,219,'Avocado, Hass Large','products/product-25.jpg',1688.00,0,'2024-01-06 17:16:20','2024-01-06 17:16:20','digital',1,NULL),(2,1,2,204.00,0.00,'[]',NULL,225,'Maxwell House Classic Roast Mocha','products/product-71.jpg',1246.00,0,'2024-01-06 17:16:20','2024-01-06 17:16:20','physical',0,NULL),(3,1,1,383.00,0.00,'[]',NULL,239,'Casillero Diablo Cabernet Sauvignon','products/product-75.jpg',545.00,0,'2024-01-06 17:16:20','2024-01-06 17:16:20','physical',0,NULL),(4,1,3,319.00,0.00,'[]',NULL,260,'Iceland 6 Hot Cross Buns','products/product-46.jpg',2691.00,0,'2024-01-06 17:16:20','2024-01-06 17:16:20','physical',0,NULL),(5,2,2,297.00,0.00,'[]',NULL,103,'Miklonda Co. Crafted Candles','products/product-52.jpg',1522.00,0,'2024-01-06 17:16:20','2024-01-06 17:16:20','digital',3,NULL),(6,2,3,273.00,0.00,'[]',NULL,153,'Baxter Care Hair Kit For Bearded Mens','products/product-23.jpg',1701.00,0,'2024-01-06 17:16:20','2024-01-06 17:16:20','physical',0,NULL),(7,2,1,478.00,0.00,'[]',NULL,165,'Crock Pot Slow Cooker','products/product-61.jpg',588.00,0,'2024-01-06 17:16:20','2024-01-06 17:16:20','physical',0,NULL),(8,2,2,489.00,0.00,'[]',NULL,198,'Dolmio Bolognese Pasta Sauce','products/product-64.jpg',1658.00,0,'2024-01-06 17:16:20','2024-01-06 17:16:20','physical',0,NULL),(9,3,3,432.00,0.00,'[]',NULL,186,'Häagen-Dazs Salted Caramel','products/product-61.jpg',1818.00,0,'2024-01-06 17:16:21','2024-01-06 17:16:21','physical',0,NULL),(10,3,3,376.00,0.00,'[]',NULL,188,'Iceland 3 Solo Exotic Burst','products/product-21.jpg',1569.00,0,'2024-01-06 17:16:21','2024-01-06 17:16:21','physical',0,NULL),(11,3,1,335.00,0.00,'[]',NULL,238,'Coca-Cola Original Taste','products/product-34.jpg',826.00,0,'2024-01-06 17:16:21','2024-01-06 17:16:21','physical',0,NULL),(12,3,2,323.00,0.00,'[]',NULL,255,'Honest Organic Still Lemonade','products/product-26.jpg',1456.00,0,'2024-01-06 17:16:21','2024-01-06 17:16:21','digital',9,NULL),(13,4,1,344.00,0.00,'[]',NULL,97,'Purab Enormous Miranda Bottle','products/product-51.jpg',626.00,0,'2024-01-06 17:16:21','2024-01-06 17:16:21','physical',0,NULL),(14,4,3,306.00,0.00,'[]',NULL,109,'Dual Camera 20MP','products/product-48.jpg',2313.00,0,'2024-01-06 17:16:21','2024-01-06 17:16:21','physical',0,NULL),(15,4,2,366.00,0.00,'[]',NULL,115,'Beat Headphone','products/product-2.jpg',1602.00,0,'2024-01-06 17:16:21','2024-01-06 17:16:21','digital',1,NULL),(16,4,2,201.00,0.00,'[]',NULL,258,'Ice Beck’s Beer 350ml x 24 Pieces','products/product-30.jpg',1552.00,0,'2024-01-06 17:16:21','2024-01-06 17:16:21','physical',0,NULL),(17,5,1,225.00,0.00,'[]',NULL,170,'Soft Mochi & Galeto Ice Cream','products/product-35.jpg',726.00,0,'2024-01-06 17:16:21','2024-01-06 17:16:21','digital',9,NULL),(18,5,1,202.00,0.00,'[]',NULL,213,'Sesame Seed Bread','products/product-18.jpg',869.00,0,'2024-01-06 17:16:21','2024-01-06 17:16:21','physical',0,NULL),(19,6,1,230.00,0.00,'[]',NULL,106,'Pinkol Enormous Granite Bottle','products/product-32.jpg',512.00,0,'2024-01-06 17:16:21','2024-01-06 17:16:21','physical',0,NULL),(20,6,1,291.00,0.00,'[]',NULL,141,'Apple MacBook Air Retina 13.3-Inch Laptop','products/product-75.jpg',664.00,0,'2024-01-06 17:16:21','2024-01-06 17:16:21','digital',0,NULL),(21,6,1,204.00,0.00,'[]',NULL,225,'Maxwell House Classic Roast Mocha','products/product-71.jpg',623.00,0,'2024-01-06 17:16:21','2024-01-06 17:16:21','physical',0,NULL),(22,6,1,335.00,0.00,'[]',NULL,235,'Coca-Cola Original Taste','products/product-41.jpg',826.00,0,'2024-01-06 17:16:21','2024-01-06 17:16:21','physical',0,NULL),(23,7,2,230.00,0.00,'[]',NULL,106,'Pinkol Enormous Granite Bottle','products/product-32.jpg',1024.00,0,'2024-01-06 17:16:21','2024-01-06 17:16:21','physical',0,NULL),(24,7,2,201.00,0.00,'[]',NULL,258,'Ice Beck’s Beer 350ml x 24 Pieces','products/product-30.jpg',1552.00,0,'2024-01-06 17:16:21','2024-01-06 17:16:21','physical',0,NULL),(25,8,1,344.00,0.00,'[]',NULL,99,'Purab Enormous Miranda Bottle','products/product-72.jpg',626.00,0,'2024-01-06 17:16:22','2024-01-06 17:16:22','physical',0,NULL),(26,8,1,311.00,0.00,'[]',NULL,211,'Miko The Panda Water Bottle','products/product-68.jpg',601.00,0,'2024-01-06 17:16:22','2024-01-06 17:16:22','physical',0,NULL),(27,8,1,202.00,0.00,'[]',NULL,222,'Italia Beef Lasagne','products/product-92.jpg',691.00,0,'2024-01-06 17:16:22','2024-01-06 17:16:22','physical',0,NULL),(28,8,3,265.00,0.00,'[]',NULL,274,'Kit Kat Chunky Milk Chocolate','products/product-34.jpg',1611.00,0,'2024-01-06 17:16:22','2024-01-06 17:16:22','physical',0,NULL),(29,9,2,499.00,0.00,'[]',NULL,117,'Red & Black Headphone','products/product-85.jpg',1328.00,0,'2024-01-06 17:16:22','2024-01-06 17:16:22','physical',0,NULL),(30,9,2,499.00,0.00,'[]',NULL,120,'Red & Black Headphone','products/product-31.jpg',1328.00,0,'2024-01-06 17:16:22','2024-01-06 17:16:22','physical',0,NULL),(31,9,1,344.00,0.00,'[]',NULL,138,'B&O Play Mini Bluetooth Speaker','products/product-34.jpg',786.00,0,'2024-01-06 17:16:22','2024-01-06 17:16:22','physical',0,NULL),(32,10,1,499.00,0.00,'[]',NULL,120,'Red & Black Headphone','products/product-31.jpg',664.00,0,'2024-01-06 17:16:22','2024-01-06 17:16:22','physical',0,NULL),(33,10,3,339.00,0.00,'[]',NULL,135,'EPSION Plaster Printer','products/product-31.jpg',1512.00,0,'2024-01-06 17:16:22','2024-01-06 17:16:22','physical',0,NULL),(34,11,2,230.00,0.00,'[]',NULL,104,'Pinkol Enormous Granite Bottle','products/product-50.jpg',1024.00,0,'2024-01-06 17:16:22','2024-01-06 17:16:22','physical',0,NULL),(35,11,1,370.00,0.00,'[]',NULL,207,'Wayfair Basics Dinner Plate Storage','products/product-86.jpg',866.00,0,'2024-01-06 17:16:22','2024-01-06 17:16:22','digital',6,NULL),(36,12,1,297.00,0.00,'[]',NULL,102,'Miklonda Co. Crafted Candles','products/product-29.jpg',761.00,0,'2024-01-06 17:16:22','2024-01-06 17:16:22','digital',7,NULL),(37,12,3,376.00,0.00,'[]',NULL,190,'Iceland 3 Solo Exotic Burst','products/product-81.jpg',1569.00,0,'2024-01-06 17:16:22','2024-01-06 17:16:22','physical',0,NULL),(38,12,3,402.00,0.00,'[]',NULL,200,'Sitema BakeIT Plastic Box','products/product-94.jpg',1503.00,0,'2024-01-06 17:16:22','2024-01-06 17:16:22','physical',0,NULL),(39,12,2,362.00,0.00,'[]',NULL,264,'Iceland Soft Scoop Vanilla','products/product-73.jpg',1224.00,0,'2024-01-06 17:16:22','2024-01-06 17:16:22','digital',1,NULL),(40,13,3,366.00,0.00,'[]',NULL,116,'Beat Headphone','products/product-95.jpg',2403.00,0,'2024-01-06 17:16:22','2024-01-06 17:16:22','digital',4,NULL),(41,13,1,305.00,0.00,'[]',NULL,216,'Morrisons The Best Beef','products/product-81.jpg',863.00,0,'2024-01-06 17:16:22','2024-01-06 17:16:22','physical',0,NULL),(42,13,2,277.00,0.00,'[]',NULL,280,'Pice 94w Beasley Journal','products/product-70.jpg',1108.00,0,'2024-01-06 17:16:22','2024-01-06 17:16:22','physical',0,NULL),(43,13,3,277.00,0.00,'[]',NULL,281,'Pice 94w Beasley Journal','products/product-49.jpg',1662.00,0,'2024-01-06 17:16:22','2024-01-06 17:16:22','physical',0,NULL),(44,14,1,230.00,0.00,'[]',NULL,106,'Pinkol Enormous Granite Bottle','products/product-32.jpg',512.00,0,'2024-01-06 17:16:23','2024-01-06 17:16:23','physical',0,NULL),(45,14,2,202.00,0.00,'[]',NULL,213,'Sesame Seed Bread','products/product-18.jpg',1738.00,0,'2024-01-06 17:16:23','2024-01-06 17:16:23','physical',0,NULL),(46,15,2,376.00,0.00,'[]',NULL,188,'Iceland 3 Solo Exotic Burst','products/product-21.jpg',1046.00,0,'2024-01-06 17:16:23','2024-01-06 17:16:23','physical',0,NULL),(47,15,3,311.00,0.00,'[]',NULL,208,'Miko The Panda Water Bottle','products/product-9.jpg',1803.00,0,'2024-01-06 17:16:23','2024-01-06 17:16:23','physical',0,NULL),(48,16,1,488.00,0.00,'[]',NULL,90,'CLCo. Incredible Paper Car','products/product-13.jpg',741.00,0,'2024-01-06 17:16:23','2024-01-06 17:16:23','physical',0,NULL),(49,16,1,344.00,0.00,'[]',NULL,138,'B&O Play Mini Bluetooth Speaker','products/product-34.jpg',786.00,0,'2024-01-06 17:16:23','2024-01-06 17:16:23','physical',0,NULL),(50,17,2,366.00,0.00,'[]',NULL,116,'Beat Headphone','products/product-95.jpg',1602.00,0,'2024-01-06 17:16:23','2024-01-06 17:16:23','digital',3,NULL),(51,17,3,393.00,0.00,'[]',NULL,229,'Bottled Pure Water 500ml','products/product-73.jpg',2277.00,0,'2024-01-06 17:16:23','2024-01-06 17:16:23','physical',0,NULL),(52,18,1,328.00,0.00,'[]',NULL,82,'Pinkol Enormous Granite Bottle','products/product-90.jpg',804.00,0,'2024-01-06 17:16:23','2024-01-06 17:16:23','physical',0,NULL),(53,18,2,489.00,0.00,'[]',NULL,198,'Dolmio Bolognese Pasta Sauce','products/product-64.jpg',1658.00,0,'2024-01-06 17:16:23','2024-01-06 17:16:23','physical',0,NULL),(54,18,3,402.00,0.00,'[]',NULL,201,'Sitema BakeIT Plastic Box','products/product-70.jpg',1503.00,0,'2024-01-06 17:16:23','2024-01-06 17:16:23','physical',0,NULL),(55,18,1,244.00,0.00,'[]',NULL,240,'Arla Organic Free Range Milk','products/product-85.jpg',794.00,0,'2024-01-06 17:16:23','2024-01-06 17:16:23','physical',0,NULL),(56,19,3,207.00,0.00,'[]',NULL,181,'Broccoli Crowns','products/product-9.jpg',1677.00,0,'2024-01-06 17:16:23','2024-01-06 17:16:23','digital',9,NULL),(57,19,1,370.00,0.00,'[]',NULL,206,'Wayfair Basics Dinner Plate Storage','products/product-26.jpg',866.00,0,'2024-01-06 17:16:23','2024-01-06 17:16:23','digital',8,NULL),(58,19,1,360.00,0.00,'[]',NULL,234,'Famart Farmhouse Soft White','products/product-95.jpg',693.00,0,'2024-01-06 17:16:23','2024-01-06 17:16:23','digital',10,NULL),(59,20,3,338.00,0.00,'[]',NULL,177,'Bar S – Classic Bun Length Franks','products/product-95.jpg',1764.00,0,'2024-01-06 17:16:24','2024-01-06 17:16:24','physical',0,NULL),(60,20,3,311.00,0.00,'[]',NULL,208,'Miko The Panda Water Bottle','products/product-9.jpg',1803.00,0,'2024-01-06 17:16:24','2024-01-06 17:16:24','physical',0,NULL);
/*!40000 ALTER TABLE `ec_order_product` ENABLE KEYS */;
UNLOCK TABLES;

--
-- Table structure for table `ec_order_referrals`
--

DROP TABLE IF EXISTS `ec_order_referrals`;
/*!40101 SET @saved_cs_client     = @@character_set_client */;
/*!50503 SET character_set_client = utf8mb4 */;
CREATE TABLE `ec_order_referrals` (
  `id` bigint unsigned NOT NULL AUTO_INCREMENT,
  `ip` varchar(39) COLLATE utf8mb4_unicode_ci DEFAULT NULL,
  `landing_domain` varchar(255) COLLATE utf8mb4_unicode_ci DEFAULT NULL,
  `landing_page` varchar(255) COLLATE utf8mb4_unicode_ci DEFAULT NULL,
  `landing_params` varchar(255) COLLATE utf8mb4_unicode_ci DEFAULT NULL,
  `referral` varchar(255) COLLATE utf8mb4_unicode_ci DEFAULT NULL,
  `gclid` varchar(255) COLLATE utf8mb4_unicode_ci DEFAULT NULL,
  `fclid` varchar(255) COLLATE utf8mb4_unicode_ci DEFAULT NULL,
  `utm_source` varchar(255) COLLATE utf8mb4_unicode_ci DEFAULT NULL,
  `utm_campaign` varchar(255) COLLATE utf8mb4_unicode_ci DEFAULT NULL,
  `utm_medium` varchar(255) COLLATE utf8mb4_unicode_ci DEFAULT NULL,
  `utm_term` varchar(255) COLLATE utf8mb4_unicode_ci DEFAULT NULL,
  `utm_content` varchar(255) COLLATE utf8mb4_unicode_ci DEFAULT NULL,
  `referrer_url` text COLLATE utf8mb4_unicode_ci,
  `referrer_domain` varchar(255) COLLATE utf8mb4_unicode_ci DEFAULT NULL,
  `order_id` bigint unsigned DEFAULT NULL,
  `created_at` timestamp NULL DEFAULT NULL,
  `updated_at` timestamp NULL DEFAULT NULL,
  PRIMARY KEY (`id`),
  KEY `ec_order_referrals_order_id_index` (`order_id`)
) ENGINE=InnoDB DEFAULT CHARSET=utf8mb4 COLLATE=utf8mb4_unicode_ci;
/*!40101 SET character_set_client = @saved_cs_client */;

--
-- Dumping data for table `ec_order_referrals`
--

LOCK TABLES `ec_order_referrals` WRITE;
/*!40000 ALTER TABLE `ec_order_referrals` DISABLE KEYS */;
/*!40000 ALTER TABLE `ec_order_referrals` ENABLE KEYS */;
UNLOCK TABLES;

--
-- Table structure for table `ec_order_return_items`
--

DROP TABLE IF EXISTS `ec_order_return_items`;
/*!40101 SET @saved_cs_client     = @@character_set_client */;
/*!50503 SET character_set_client = utf8mb4 */;
CREATE TABLE `ec_order_return_items` (
  `id` bigint unsigned NOT NULL AUTO_INCREMENT,
  `order_return_id` bigint unsigned NOT NULL COMMENT 'Order return id',
  `order_product_id` bigint unsigned NOT NULL COMMENT 'Order product id',
  `product_id` bigint unsigned NOT NULL COMMENT 'Product id',
  `product_name` varchar(191) COLLATE utf8mb4_unicode_ci NOT NULL,
  `product_image` varchar(191) COLLATE utf8mb4_unicode_ci DEFAULT NULL,
  `qty` int NOT NULL COMMENT 'Quantity return',
  `price` decimal(15,2) NOT NULL COMMENT 'Price Product',
  `reason` text COLLATE utf8mb4_unicode_ci,
  `created_at` timestamp NULL DEFAULT NULL,
  `updated_at` timestamp NULL DEFAULT NULL,
  `refund_amount` decimal(12,2) DEFAULT '0.00',
  PRIMARY KEY (`id`)
) ENGINE=InnoDB DEFAULT CHARSET=utf8mb4 COLLATE=utf8mb4_unicode_ci;
/*!40101 SET character_set_client = @saved_cs_client */;

--
-- Dumping data for table `ec_order_return_items`
--

LOCK TABLES `ec_order_return_items` WRITE;
/*!40000 ALTER TABLE `ec_order_return_items` DISABLE KEYS */;
/*!40000 ALTER TABLE `ec_order_return_items` ENABLE KEYS */;
UNLOCK TABLES;

--
-- Table structure for table `ec_order_returns`
--

DROP TABLE IF EXISTS `ec_order_returns`;
/*!40101 SET @saved_cs_client     = @@character_set_client */;
/*!50503 SET character_set_client = utf8mb4 */;
CREATE TABLE `ec_order_returns` (
  `id` bigint unsigned NOT NULL AUTO_INCREMENT,
  `code` varchar(191) COLLATE utf8mb4_unicode_ci DEFAULT NULL,
  `order_id` bigint unsigned NOT NULL COMMENT 'Order ID',
  `store_id` bigint unsigned DEFAULT NULL COMMENT 'Store ID',
  `user_id` bigint unsigned NOT NULL COMMENT 'Customer ID',
  `reason` text COLLATE utf8mb4_unicode_ci COMMENT 'Reason return order',
  `order_status` varchar(191) COLLATE utf8mb4_unicode_ci DEFAULT NULL COMMENT 'Order current status',
  `return_status` varchar(191) COLLATE utf8mb4_unicode_ci NOT NULL COMMENT 'Return status',
  `created_at` timestamp NULL DEFAULT NULL,
  `updated_at` timestamp NULL DEFAULT NULL,
  PRIMARY KEY (`id`),
  UNIQUE KEY `ec_order_returns_code_unique` (`code`)
) ENGINE=InnoDB DEFAULT CHARSET=utf8mb4 COLLATE=utf8mb4_unicode_ci;
/*!40101 SET character_set_client = @saved_cs_client */;

--
-- Dumping data for table `ec_order_returns`
--

LOCK TABLES `ec_order_returns` WRITE;
/*!40000 ALTER TABLE `ec_order_returns` DISABLE KEYS */;
/*!40000 ALTER TABLE `ec_order_returns` ENABLE KEYS */;
UNLOCK TABLES;

--
-- Table structure for table `ec_order_tax_information`
--

DROP TABLE IF EXISTS `ec_order_tax_information`;
/*!40101 SET @saved_cs_client     = @@character_set_client */;
/*!50503 SET character_set_client = utf8mb4 */;
CREATE TABLE `ec_order_tax_information` (
  `id` bigint unsigned NOT NULL AUTO_INCREMENT,
  `order_id` bigint unsigned NOT NULL,
  `company_name` varchar(120) COLLATE utf8mb4_unicode_ci NOT NULL,
  `company_address` varchar(191) COLLATE utf8mb4_unicode_ci NOT NULL,
  `company_tax_code` varchar(20) COLLATE utf8mb4_unicode_ci NOT NULL,
  `company_email` varchar(60) COLLATE utf8mb4_unicode_ci NOT NULL,
  `created_at` timestamp NULL DEFAULT NULL,
  `updated_at` timestamp NULL DEFAULT NULL,
  PRIMARY KEY (`id`),
  KEY `ec_order_tax_information_order_id_index` (`order_id`)
) ENGINE=InnoDB DEFAULT CHARSET=utf8mb4 COLLATE=utf8mb4_unicode_ci;
/*!40101 SET character_set_client = @saved_cs_client */;

--
-- Dumping data for table `ec_order_tax_information`
--

LOCK TABLES `ec_order_tax_information` WRITE;
/*!40000 ALTER TABLE `ec_order_tax_information` DISABLE KEYS */;
/*!40000 ALTER TABLE `ec_order_tax_information` ENABLE KEYS */;
UNLOCK TABLES;

--
-- Table structure for table `ec_orders`
--

DROP TABLE IF EXISTS `ec_orders`;
/*!40101 SET @saved_cs_client     = @@character_set_client */;
/*!50503 SET character_set_client = utf8mb4 */;
CREATE TABLE `ec_orders` (
  `id` bigint unsigned NOT NULL AUTO_INCREMENT,
  `code` varchar(191) COLLATE utf8mb4_unicode_ci DEFAULT NULL,
  `user_id` bigint unsigned NOT NULL,
  `shipping_option` varchar(60) COLLATE utf8mb4_unicode_ci DEFAULT NULL,
  `shipping_method` varchar(60) COLLATE utf8mb4_unicode_ci NOT NULL DEFAULT 'default',
  `status` varchar(120) COLLATE utf8mb4_unicode_ci NOT NULL DEFAULT 'pending',
  `amount` decimal(15,2) NOT NULL,
  `tax_amount` decimal(15,2) DEFAULT NULL,
  `shipping_amount` decimal(15,2) DEFAULT NULL,
  `description` text COLLATE utf8mb4_unicode_ci,
  `coupon_code` varchar(120) COLLATE utf8mb4_unicode_ci DEFAULT NULL,
  `discount_amount` decimal(15,2) DEFAULT NULL,
  `sub_total` decimal(15,2) NOT NULL,
  `is_confirmed` tinyint(1) NOT NULL DEFAULT '0',
  `discount_description` varchar(255) COLLATE utf8mb4_unicode_ci DEFAULT NULL,
  `is_finished` tinyint(1) DEFAULT '0',
  `completed_at` timestamp NULL DEFAULT NULL,
  `token` varchar(120) COLLATE utf8mb4_unicode_ci DEFAULT NULL,
  `payment_id` bigint unsigned DEFAULT NULL,
  `created_at` timestamp NULL DEFAULT NULL,
  `updated_at` timestamp NULL DEFAULT NULL,
  PRIMARY KEY (`id`),
  UNIQUE KEY `ec_orders_code_unique` (`code`),
  KEY `ec_orders_user_id_status_created_at_index` (`user_id`,`status`,`created_at`)
) ENGINE=InnoDB AUTO_INCREMENT=21 DEFAULT CHARSET=utf8mb4 COLLATE=utf8mb4_unicode_ci;
/*!40101 SET character_set_client = @saved_cs_client */;

--
-- Dumping data for table `ec_orders`
--

LOCK TABLES `ec_orders` WRITE;
/*!40000 ALTER TABLE `ec_orders` DISABLE KEYS */;
INSERT INTO `ec_orders` VALUES (1,'#10000001',4,'1','default','completed',2358.00,0.00,0.00,NULL,NULL,0.00,2358.00,1,NULL,1,'2024-01-06 17:16:20','SwQme50IsNE3h2kt6z2Zxeg9aV4ii',1,'2023-12-26 01:16:20','2024-01-06 17:16:20'),(2,'#10000002',4,'1','default','completed',2869.00,0.00,0.00,NULL,NULL,0.00,2869.00,1,NULL,1,'2024-01-06 17:16:24','WtV6XVwovrB2Z8Rflncx3OdI3GMQB',2,'2024-01-01 23:16:20','2024-01-06 17:16:24'),(3,'#10000003',2,'1','default','pending',3405.00,0.00,0.00,NULL,NULL,0.00,3405.00,1,NULL,1,NULL,'prhOO0Tbw54o7UnXe4pY5Oq6ojKrs',3,'2024-01-05 05:16:21','2024-01-06 17:16:21'),(4,'#10000004',6,'1','default','pending',2396.00,0.00,0.00,NULL,NULL,0.00,2396.00,1,NULL,1,NULL,'ZK1yKA31hmbVTvzTXkQJWxpiZQ80X',4,'2023-12-27 19:16:21','2024-01-06 17:16:21'),(5,'#10000005',9,'1','default','completed',427.00,0.00,0.00,NULL,NULL,0.00,427.00,1,NULL,1,'2024-01-06 17:16:24','hFwm1mua4S8OZkqtwSa5E5jj7e26a',5,'2023-12-29 17:16:21','2024-01-06 17:16:24'),(6,'#10000006',5,'1','default','pending',1060.00,0.00,0.00,NULL,NULL,0.00,1060.00,1,NULL,1,NULL,'GEvpyWV20SinU3w4rsR9kHl8TOg20',6,'2023-12-28 23:16:21','2024-01-06 17:16:21'),(7,'#10000007',8,'1','default','completed',862.00,0.00,0.00,NULL,NULL,0.00,862.00,1,NULL,1,'2024-01-06 17:16:24','iWSvHA4V8Yh7LbHocXOaC33Vq7OmO',7,'2023-12-27 05:16:21','2024-01-06 17:16:24'),(8,'#10000008',6,'1','default','completed',1652.00,0.00,0.00,NULL,NULL,0.00,1652.00,1,NULL,1,'2024-01-06 17:16:24','Y17dFI0BwliAfdaLdE59nvxIvWUvB',8,'2023-12-30 03:16:22','2024-01-06 17:16:24'),(9,'#10000009',5,'1','default','completed',2340.00,0.00,0.00,NULL,NULL,0.00,2340.00,1,NULL,1,'2024-01-06 17:16:24','r4xS1wh9UzqaCBc2GhtmF5yB1Orb0',9,'2023-12-29 17:16:22','2024-01-06 17:16:24'),(10,'#10000010',5,'1','default','pending',1516.00,0.00,0.00,NULL,NULL,0.00,1516.00,1,NULL,1,NULL,'NTeIMqzlQgVsZlVZPadw60Gi42poQ',10,'2024-01-05 19:16:22','2024-01-06 17:16:22'),(11,'#10000011',2,'1','default','pending',830.00,0.00,0.00,NULL,NULL,0.00,830.00,1,NULL,1,NULL,'Il2OLyHQM4zqFhrm5snt9nMV6EL0v',11,'2023-12-29 09:16:22','2024-01-06 17:16:22'),(12,'#10000012',4,'1','default','pending',3355.00,0.00,0.00,NULL,NULL,0.00,3355.00,1,NULL,1,NULL,'j8Bbz9ihY6QvpB7D0gjYsI9d5qIvg',12,'2024-01-03 17:16:22','2024-01-06 17:16:22'),(13,'#10000013',4,'1','default','pending',2788.00,0.00,0.00,NULL,NULL,0.00,2788.00,1,NULL,1,NULL,'XJUXbgS1GExsza4aSnY6sPpHXRpDx',13,'2024-01-03 09:16:22','2024-01-06 17:16:22'),(14,'#10000014',1,'1','default','pending',634.00,0.00,0.00,NULL,NULL,0.00,634.00,1,NULL,1,NULL,'7byNxgiLSwNUFGGIVJolNIUXEqlsk',14,'2024-01-01 11:16:23','2024-01-06 17:16:23'),(15,'#10000015',1,'1','default','completed',1685.00,0.00,0.00,NULL,NULL,0.00,1685.00,1,NULL,1,'2024-01-06 17:16:23','foFnzmtzstMXjHboGVBKd0HXIBOJQ',15,'2024-01-05 05:16:23','2024-01-06 17:16:23'),(16,'#10000016',6,'1','default','completed',832.00,0.00,0.00,NULL,NULL,0.00,832.00,1,NULL,1,'2024-01-06 17:16:23','anlVXDLS1hycf0Hmf6zPbSbWSq2u0',16,'2024-01-05 21:16:23','2024-01-06 17:16:23'),(17,'#10000017',10,'1','default','pending',1911.00,0.00,0.00,NULL,NULL,0.00,1911.00,1,NULL,1,NULL,'5JZ3oMxdomnWscKHCuTItklFaY5F9',17,'2024-01-05 17:16:23','2024-01-06 17:16:23'),(18,'#10000018',10,'1','default','pending',2756.00,0.00,0.00,NULL,NULL,0.00,2756.00,1,NULL,1,NULL,'j4RuBwcCo50aZ3zCKYsRfNo0XBzPR',18,'2024-01-04 23:16:23','2024-01-06 17:16:23'),(19,'#10000019',10,NULL,'','completed',1351.00,0.00,0.00,NULL,NULL,0.00,1351.00,1,NULL,1,'2024-01-06 17:16:24','vqGPC9ykM81m0SGHtVlCtzBjuFpmB',19,'2024-01-06 01:16:23','2024-01-06 17:16:24'),(20,'#10000020',3,'1','default','completed',1947.00,0.00,0.00,NULL,NULL,0.00,1947.00,1,NULL,1,'2024-01-06 17:16:24','3YTOUfoHOVsNdX5K5GJZBPFNydM3e',20,'2024-01-06 09:16:24','2024-01-06 17:16:24');
/*!40000 ALTER TABLE `ec_orders` ENABLE KEYS */;
UNLOCK TABLES;

--
-- Table structure for table `ec_product_attribute_sets`
--

DROP TABLE IF EXISTS `ec_product_attribute_sets`;
/*!40101 SET @saved_cs_client     = @@character_set_client */;
/*!50503 SET character_set_client = utf8mb4 */;
CREATE TABLE `ec_product_attribute_sets` (
  `id` bigint unsigned NOT NULL AUTO_INCREMENT,
  `title` varchar(120) COLLATE utf8mb4_unicode_ci NOT NULL,
  `slug` varchar(120) COLLATE utf8mb4_unicode_ci DEFAULT NULL,
  `display_layout` varchar(191) COLLATE utf8mb4_unicode_ci NOT NULL DEFAULT 'swatch_dropdown',
  `is_searchable` tinyint unsigned NOT NULL DEFAULT '1',
  `is_comparable` tinyint unsigned NOT NULL DEFAULT '1',
  `is_use_in_product_listing` tinyint unsigned NOT NULL DEFAULT '0',
  `status` varchar(60) COLLATE utf8mb4_unicode_ci NOT NULL DEFAULT 'published',
  `order` tinyint unsigned NOT NULL DEFAULT '0',
  `created_at` timestamp NULL DEFAULT NULL,
  `updated_at` timestamp NULL DEFAULT NULL,
  `use_image_from_product_variation` tinyint unsigned NOT NULL DEFAULT '0',
  PRIMARY KEY (`id`)
) ENGINE=InnoDB AUTO_INCREMENT=3 DEFAULT CHARSET=utf8mb4 COLLATE=utf8mb4_unicode_ci;
/*!40101 SET character_set_client = @saved_cs_client */;

--
-- Dumping data for table `ec_product_attribute_sets`
--

LOCK TABLES `ec_product_attribute_sets` WRITE;
/*!40000 ALTER TABLE `ec_product_attribute_sets` DISABLE KEYS */;
INSERT INTO `ec_product_attribute_sets` VALUES (1,'Color','color','visual',1,1,1,'published',0,'2024-01-06 17:16:06','2024-01-06 17:16:06',1),(2,'Size','size','text',1,1,1,'published',1,'2024-01-06 17:16:06','2024-01-06 17:16:06',0);
/*!40000 ALTER TABLE `ec_product_attribute_sets` ENABLE KEYS */;
UNLOCK TABLES;

--
-- Table structure for table `ec_product_attribute_sets_translations`
--

DROP TABLE IF EXISTS `ec_product_attribute_sets_translations`;
/*!40101 SET @saved_cs_client     = @@character_set_client */;
/*!50503 SET character_set_client = utf8mb4 */;
CREATE TABLE `ec_product_attribute_sets_translations` (
  `lang_code` varchar(191) COLLATE utf8mb4_unicode_ci NOT NULL,
  `ec_product_attribute_sets_id` bigint unsigned NOT NULL,
  `title` varchar(191) COLLATE utf8mb4_unicode_ci DEFAULT NULL,
  PRIMARY KEY (`lang_code`,`ec_product_attribute_sets_id`)
) ENGINE=InnoDB DEFAULT CHARSET=utf8mb4 COLLATE=utf8mb4_unicode_ci;
/*!40101 SET character_set_client = @saved_cs_client */;

--
-- Dumping data for table `ec_product_attribute_sets_translations`
--

LOCK TABLES `ec_product_attribute_sets_translations` WRITE;
/*!40000 ALTER TABLE `ec_product_attribute_sets_translations` DISABLE KEYS */;
/*!40000 ALTER TABLE `ec_product_attribute_sets_translations` ENABLE KEYS */;
UNLOCK TABLES;

--
-- Table structure for table `ec_product_attributes`
--

DROP TABLE IF EXISTS `ec_product_attributes`;
/*!40101 SET @saved_cs_client     = @@character_set_client */;
/*!50503 SET character_set_client = utf8mb4 */;
CREATE TABLE `ec_product_attributes` (
  `id` bigint unsigned NOT NULL AUTO_INCREMENT,
  `attribute_set_id` bigint unsigned NOT NULL,
  `title` varchar(120) COLLATE utf8mb4_unicode_ci NOT NULL,
  `slug` varchar(120) COLLATE utf8mb4_unicode_ci DEFAULT NULL,
  `color` varchar(50) COLLATE utf8mb4_unicode_ci DEFAULT NULL,
  `image` varchar(191) COLLATE utf8mb4_unicode_ci DEFAULT NULL,
  `is_default` tinyint unsigned NOT NULL DEFAULT '0',
  `order` tinyint unsigned NOT NULL DEFAULT '0',
  `created_at` timestamp NULL DEFAULT NULL,
  `updated_at` timestamp NULL DEFAULT NULL,
  PRIMARY KEY (`id`),
  KEY `attribute_set_status_index` (`attribute_set_id`)
) ENGINE=InnoDB AUTO_INCREMENT=11 DEFAULT CHARSET=utf8mb4 COLLATE=utf8mb4_unicode_ci;
/*!40101 SET character_set_client = @saved_cs_client */;

--
-- Dumping data for table `ec_product_attributes`
--

LOCK TABLES `ec_product_attributes` WRITE;
/*!40000 ALTER TABLE `ec_product_attributes` DISABLE KEYS */;
INSERT INTO `ec_product_attributes` VALUES (1,1,'Green','green','#5FB7D4',NULL,1,1,'2024-01-06 17:16:06','2024-01-06 17:16:06'),(2,1,'Blue','blue','#333333',NULL,0,2,'2024-01-06 17:16:06','2024-01-06 17:16:06'),(3,1,'Red','red','#DA323F',NULL,0,3,'2024-01-06 17:16:06','2024-01-06 17:16:06'),(4,1,'Black','black','#2F366C',NULL,0,4,'2024-01-06 17:16:06','2024-01-06 17:16:06'),(5,1,'Brown','brown','#87554B',NULL,0,5,'2024-01-06 17:16:06','2024-01-06 17:16:06'),(6,2,'S','s',NULL,NULL,1,1,'2024-01-06 17:16:06','2024-01-06 17:16:06'),(7,2,'M','m',NULL,NULL,0,2,'2024-01-06 17:16:06','2024-01-06 17:16:06'),(8,2,'L','l',NULL,NULL,0,3,'2024-01-06 17:16:06','2024-01-06 17:16:06'),(9,2,'XL','xl',NULL,NULL,0,4,'2024-01-06 17:16:06','2024-01-06 17:16:06'),(10,2,'XXL','xxl',NULL,NULL,0,5,'2024-01-06 17:16:06','2024-01-06 17:16:06');
/*!40000 ALTER TABLE `ec_product_attributes` ENABLE KEYS */;
UNLOCK TABLES;

--
-- Table structure for table `ec_product_attributes_translations`
--

DROP TABLE IF EXISTS `ec_product_attributes_translations`;
/*!40101 SET @saved_cs_client     = @@character_set_client */;
/*!50503 SET character_set_client = utf8mb4 */;
CREATE TABLE `ec_product_attributes_translations` (
  `lang_code` varchar(191) COLLATE utf8mb4_unicode_ci NOT NULL,
  `ec_product_attributes_id` bigint unsigned NOT NULL,
  `title` varchar(191) COLLATE utf8mb4_unicode_ci DEFAULT NULL,
  PRIMARY KEY (`lang_code`,`ec_product_attributes_id`)
) ENGINE=InnoDB DEFAULT CHARSET=utf8mb4 COLLATE=utf8mb4_unicode_ci;
/*!40101 SET character_set_client = @saved_cs_client */;

--
-- Dumping data for table `ec_product_attributes_translations`
--

LOCK TABLES `ec_product_attributes_translations` WRITE;
/*!40000 ALTER TABLE `ec_product_attributes_translations` DISABLE KEYS */;
/*!40000 ALTER TABLE `ec_product_attributes_translations` ENABLE KEYS */;
UNLOCK TABLES;

--
-- Table structure for table `ec_product_categories`
--

DROP TABLE IF EXISTS `ec_product_categories`;
/*!40101 SET @saved_cs_client     = @@character_set_client */;
/*!50503 SET character_set_client = utf8mb4 */;
CREATE TABLE `ec_product_categories` (
  `id` bigint unsigned NOT NULL AUTO_INCREMENT,
  `name` varchar(191) COLLATE utf8mb4_unicode_ci NOT NULL,
  `parent_id` bigint unsigned NOT NULL DEFAULT '0',
  `description` mediumtext COLLATE utf8mb4_unicode_ci,
  `status` varchar(60) COLLATE utf8mb4_unicode_ci NOT NULL DEFAULT 'published',
  `order` int unsigned NOT NULL DEFAULT '0',
  `image` varchar(255) COLLATE utf8mb4_unicode_ci DEFAULT NULL,
  `is_featured` tinyint unsigned NOT NULL DEFAULT '0',
  `created_at` timestamp NULL DEFAULT NULL,
  `updated_at` timestamp NULL DEFAULT NULL,
  `icon` varchar(191) COLLATE utf8mb4_unicode_ci DEFAULT NULL,
  `icon_image` varchar(191) COLLATE utf8mb4_unicode_ci DEFAULT NULL,
  PRIMARY KEY (`id`),
  KEY `ec_product_categories_parent_id_status_created_at_index` (`parent_id`,`status`,`created_at`),
  KEY `ec_product_categories_parent_id_status_index` (`parent_id`,`status`)
) ENGINE=InnoDB AUTO_INCREMENT=18 DEFAULT CHARSET=utf8mb4 COLLATE=utf8mb4_unicode_ci;
/*!40101 SET character_set_client = @saved_cs_client */;

--
-- Dumping data for table `ec_product_categories`
--

LOCK TABLES `ec_product_categories` WRITE;
/*!40000 ALTER TABLE `ec_product_categories` DISABLE KEYS */;
INSERT INTO `ec_product_categories` VALUES (1,'Pro Glasses',0,NULL,'published',0,'banners/banner-2-01.jpg',1,'2024-01-06 17:16:06','2024-01-06 17:16:06',NULL,NULL),(2,'Casual Shoes',0,NULL,'published',0,'banners/banner-2-02.jpg',1,'2024-01-06 17:16:06','2024-01-06 17:16:06',NULL,NULL),(3,'Winter Jacket',2,NULL,'published',0,'banners/banner-2-03.jpg',1,'2024-01-06 17:16:06','2024-01-06 17:16:06',NULL,NULL),(4,'New Added',2,NULL,'published',0,'banners/banner-2-04.jpg',1,'2024-01-06 17:16:06','2024-01-06 17:16:06',NULL,NULL),(5,'Wooden',2,NULL,'published',0,NULL,1,'2024-01-06 17:16:06','2024-01-06 17:16:06',NULL,NULL),(6,'Furniture',2,NULL,'published',0,NULL,1,'2024-01-06 17:16:06','2024-01-06 17:16:06',NULL,NULL),(7,'Clock',2,NULL,'published',0,NULL,1,'2024-01-06 17:16:06','2024-01-06 17:16:06',NULL,NULL),(8,'Gifts',2,NULL,'published',0,NULL,1,'2024-01-06 17:16:06','2024-01-06 17:16:06',NULL,NULL),(9,'Crafts',2,NULL,'published',0,NULL,1,'2024-01-06 17:16:06','2024-01-06 17:16:06',NULL,NULL),(10,'Gift Sets',0,NULL,'published',0,'features/feature-icon-01.png',1,'2024-01-06 17:16:06','2024-01-06 17:16:06',NULL,NULL),(11,'Plastic Gifts',0,NULL,'published',0,'features/feature-icon-02.png',1,'2024-01-06 17:16:06','2024-01-06 17:16:06',NULL,NULL),(12,'Handy Cream',0,NULL,'published',0,'features/feature-icon-03.png',1,'2024-01-06 17:16:06','2024-01-06 17:16:06',NULL,NULL),(13,'Cosmetics',0,NULL,'published',0,'features/feature-icon-04.png',1,'2024-01-06 17:16:06','2024-01-06 17:16:06',NULL,NULL),(14,'Silk Accessories',0,NULL,'published',0,'features/feature-icon-05.png',1,'2024-01-06 17:16:06','2024-01-06 17:16:06',NULL,NULL),(15,'Finest Skincare Lotions',0,NULL,'published',0,'features/feature-icon-06.png',1,'2024-01-06 17:16:06','2024-01-06 17:16:06',NULL,NULL),(16,'Bags & Purses',0,NULL,'published',0,NULL,1,'2024-01-06 17:16:06','2024-01-06 17:16:06',NULL,NULL),(17,'Sunglasses',0,NULL,'published',0,NULL,1,'2024-01-06 17:16:06','2024-01-06 17:16:06',NULL,NULL);
/*!40000 ALTER TABLE `ec_product_categories` ENABLE KEYS */;
UNLOCK TABLES;

--
-- Table structure for table `ec_product_categories_translations`
--

DROP TABLE IF EXISTS `ec_product_categories_translations`;
/*!40101 SET @saved_cs_client     = @@character_set_client */;
/*!50503 SET character_set_client = utf8mb4 */;
CREATE TABLE `ec_product_categories_translations` (
  `lang_code` varchar(191) COLLATE utf8mb4_unicode_ci NOT NULL,
  `ec_product_categories_id` bigint unsigned NOT NULL,
  `name` varchar(191) COLLATE utf8mb4_unicode_ci DEFAULT NULL,
  `description` text COLLATE utf8mb4_unicode_ci,
  PRIMARY KEY (`lang_code`,`ec_product_categories_id`)
) ENGINE=InnoDB DEFAULT CHARSET=utf8mb4 COLLATE=utf8mb4_unicode_ci;
/*!40101 SET character_set_client = @saved_cs_client */;

--
-- Dumping data for table `ec_product_categories_translations`
--

LOCK TABLES `ec_product_categories_translations` WRITE;
/*!40000 ALTER TABLE `ec_product_categories_translations` DISABLE KEYS */;
/*!40000 ALTER TABLE `ec_product_categories_translations` ENABLE KEYS */;
UNLOCK TABLES;

--
-- Table structure for table `ec_product_categorizables`
--

DROP TABLE IF EXISTS `ec_product_categorizables`;
/*!40101 SET @saved_cs_client     = @@character_set_client */;
/*!50503 SET character_set_client = utf8mb4 */;
CREATE TABLE `ec_product_categorizables` (
  `category_id` bigint unsigned NOT NULL,
  `reference_id` bigint unsigned NOT NULL,
  `reference_type` varchar(120) COLLATE utf8mb4_unicode_ci NOT NULL,
  PRIMARY KEY (`category_id`,`reference_id`,`reference_type`),
  KEY `ec_product_categorizables_category_id_index` (`category_id`),
  KEY `ec_product_categorizables_reference_id_index` (`reference_id`),
  KEY `ec_product_categorizables_reference_type_index` (`reference_type`)
) ENGINE=InnoDB DEFAULT CHARSET=utf8mb4 COLLATE=utf8mb4_unicode_ci;
/*!40101 SET character_set_client = @saved_cs_client */;

--
-- Dumping data for table `ec_product_categorizables`
--

LOCK TABLES `ec_product_categorizables` WRITE;
/*!40000 ALTER TABLE `ec_product_categorizables` DISABLE KEYS */;
/*!40000 ALTER TABLE `ec_product_categorizables` ENABLE KEYS */;
UNLOCK TABLES;

--
-- Table structure for table `ec_product_category_product`
--

DROP TABLE IF EXISTS `ec_product_category_product`;
/*!40101 SET @saved_cs_client     = @@character_set_client */;
/*!50503 SET character_set_client = utf8mb4 */;
CREATE TABLE `ec_product_category_product` (
  `category_id` bigint unsigned NOT NULL,
  `product_id` bigint unsigned NOT NULL,
  PRIMARY KEY (`product_id`,`category_id`),
  KEY `ec_product_category_product_category_id_index` (`category_id`),
  KEY `ec_product_category_product_product_id_index` (`product_id`)
) ENGINE=InnoDB DEFAULT CHARSET=utf8mb4 COLLATE=utf8mb4_unicode_ci;
/*!40101 SET character_set_client = @saved_cs_client */;

--
-- Dumping data for table `ec_product_category_product`
--

LOCK TABLES `ec_product_category_product` WRITE;
/*!40000 ALTER TABLE `ec_product_category_product` DISABLE KEYS */;
INSERT INTO `ec_product_category_product` VALUES (1,10),(1,24),(1,37),(1,49),(2,8),(2,22),(2,46),(2,50),(2,58),(2,66),(2,69),(3,4),(3,34),(3,41),(3,61),(3,65),(4,27),(4,28),(4,32),(4,38),(4,40),(4,48),(4,52),(4,53),(4,60),(5,3),(5,7),(5,20),(5,29),(5,35),(5,39),(5,73),(5,75),(6,2),(6,62),(6,74),(7,1),(7,9),(7,18),(7,21),(7,51),(7,56),(7,70),(8,36),(8,57),(8,59),(9,6),(9,19),(9,42),(9,45),(9,71),(10,5),(10,12),(10,23),(10,26),(10,54),(11,11),(11,16),(11,17),(11,44),(11,47),(12,13),(12,15),(12,30),(12,64),(12,67),(12,72),(13,31),(13,33),(13,43),(13,55),(13,63),(13,68),(14,14),(14,25);
/*!40000 ALTER TABLE `ec_product_category_product` ENABLE KEYS */;
UNLOCK TABLES;

--
-- Table structure for table `ec_product_collection_products`
--

DROP TABLE IF EXISTS `ec_product_collection_products`;
/*!40101 SET @saved_cs_client     = @@character_set_client */;
/*!50503 SET character_set_client = utf8mb4 */;
CREATE TABLE `ec_product_collection_products` (
  `product_collection_id` bigint unsigned NOT NULL,
  `product_id` bigint unsigned NOT NULL,
  PRIMARY KEY (`product_id`,`product_collection_id`),
  KEY `ec_product_collection_products_product_collection_id_index` (`product_collection_id`),
  KEY `ec_product_collection_products_product_id_index` (`product_id`)
) ENGINE=InnoDB DEFAULT CHARSET=utf8mb4 COLLATE=utf8mb4_unicode_ci;
/*!40101 SET character_set_client = @saved_cs_client */;

--
-- Dumping data for table `ec_product_collection_products`
--

LOCK TABLES `ec_product_collection_products` WRITE;
/*!40000 ALTER TABLE `ec_product_collection_products` DISABLE KEYS */;
INSERT INTO `ec_product_collection_products` VALUES (1,1),(1,2),(1,6),(1,8),(1,9),(1,10),(1,15),(1,17),(1,18),(1,19),(1,20),(1,22),(1,25),(1,27),(1,33),(1,35),(1,37),(1,39),(1,44),(1,47),(1,48),(1,52),(1,55),(1,58),(1,59),(1,60),(1,63),(1,64),(1,68),(1,71),(1,75),(2,4),(2,5),(2,7),(2,11),(2,12),(2,13),(2,14),(2,24),(2,26),(2,28),(2,30),(2,32),(2,34),(2,36),(2,41),(2,43),(2,46),(2,49),(2,50),(2,51),(2,53),(2,54),(2,56),(2,65),(2,66),(3,3),(3,16),(3,21),(3,23),(3,29),(3,31),(3,38),(3,40),(3,42),(3,45),(3,57),(3,61),(3,62),(3,67),(3,69),(3,70),(3,72),(3,73),(3,74);
/*!40000 ALTER TABLE `ec_product_collection_products` ENABLE KEYS */;
UNLOCK TABLES;

--
-- Table structure for table `ec_product_collections`
--

DROP TABLE IF EXISTS `ec_product_collections`;
/*!40101 SET @saved_cs_client     = @@character_set_client */;
/*!50503 SET character_set_client = utf8mb4 */;
CREATE TABLE `ec_product_collections` (
  `id` bigint unsigned NOT NULL AUTO_INCREMENT,
  `name` varchar(191) COLLATE utf8mb4_unicode_ci NOT NULL,
  `slug` varchar(191) COLLATE utf8mb4_unicode_ci NOT NULL,
  `description` varchar(400) COLLATE utf8mb4_unicode_ci DEFAULT NULL,
  `image` varchar(255) COLLATE utf8mb4_unicode_ci DEFAULT NULL,
  `status` varchar(60) COLLATE utf8mb4_unicode_ci NOT NULL DEFAULT 'published',
  `created_at` timestamp NULL DEFAULT NULL,
  `updated_at` timestamp NULL DEFAULT NULL,
  `is_featured` tinyint unsigned NOT NULL DEFAULT '0',
  PRIMARY KEY (`id`)
) ENGINE=InnoDB AUTO_INCREMENT=8 DEFAULT CHARSET=utf8mb4 COLLATE=utf8mb4_unicode_ci;
/*!40101 SET character_set_client = @saved_cs_client */;

--
-- Dumping data for table `ec_product_collections`
--

LOCK TABLES `ec_product_collections` WRITE;
/*!40000 ALTER TABLE `ec_product_collections` DISABLE KEYS */;
INSERT INTO `ec_product_collections` VALUES (1,'New Arrival','new-arrival',NULL,NULL,'published','2024-01-06 17:16:06','2024-01-06 17:16:06',0),(2,'Best Sellers','best-sellers',NULL,NULL,'published','2024-01-06 17:16:06','2024-01-06 17:16:06',0),(3,'Special Offer','special-offer',NULL,NULL,'published','2024-01-06 17:16:06','2024-01-06 17:16:06',0),(4,'Reactive Providence Hair Color','reactive-providence-hair-color',NULL,'banners/thumb-01.jpg','published','2024-01-06 17:16:06','2024-01-06 17:16:06',0),(5,'New Modern &amp; Stylist Makeup','new-modern-stylist-makeup',NULL,'banners/thumb-02.jpg','published','2024-01-06 17:16:06','2024-01-06 17:16:06',0),(6,'Intensive Glow C+ Serum','intensive-glow-c-serum',NULL,'banners/thumb-03.jpg','published','2024-01-06 17:16:06','2024-01-06 17:16:06',0),(7,'Vogue','vogue',NULL,'banners/thumb-04.jpg','published','2024-01-06 17:16:06','2024-01-06 17:16:06',0);
/*!40000 ALTER TABLE `ec_product_collections` ENABLE KEYS */;
UNLOCK TABLES;

--
-- Table structure for table `ec_product_collections_translations`
--

DROP TABLE IF EXISTS `ec_product_collections_translations`;
/*!40101 SET @saved_cs_client     = @@character_set_client */;
/*!50503 SET character_set_client = utf8mb4 */;
CREATE TABLE `ec_product_collections_translations` (
  `lang_code` varchar(191) COLLATE utf8mb4_unicode_ci NOT NULL,
  `ec_product_collections_id` bigint unsigned NOT NULL,
  `name` varchar(191) COLLATE utf8mb4_unicode_ci DEFAULT NULL,
  `description` varchar(191) COLLATE utf8mb4_unicode_ci DEFAULT NULL,
  PRIMARY KEY (`lang_code`,`ec_product_collections_id`)
) ENGINE=InnoDB DEFAULT CHARSET=utf8mb4 COLLATE=utf8mb4_unicode_ci;
/*!40101 SET character_set_client = @saved_cs_client */;

--
-- Dumping data for table `ec_product_collections_translations`
--

LOCK TABLES `ec_product_collections_translations` WRITE;
/*!40000 ALTER TABLE `ec_product_collections_translations` DISABLE KEYS */;
/*!40000 ALTER TABLE `ec_product_collections_translations` ENABLE KEYS */;
UNLOCK TABLES;

--
-- Table structure for table `ec_product_cross_sale_relations`
--

DROP TABLE IF EXISTS `ec_product_cross_sale_relations`;
/*!40101 SET @saved_cs_client     = @@character_set_client */;
/*!50503 SET character_set_client = utf8mb4 */;
CREATE TABLE `ec_product_cross_sale_relations` (
  `from_product_id` bigint unsigned NOT NULL,
  `to_product_id` bigint unsigned NOT NULL,
  `is_variant` tinyint(1) NOT NULL DEFAULT '0',
  `price` decimal(15,2) DEFAULT '0.00',
  `price_type` varchar(191) COLLATE utf8mb4_unicode_ci NOT NULL DEFAULT 'fixed',
  `apply_to_all_variations` tinyint(1) NOT NULL DEFAULT '1',
  PRIMARY KEY (`from_product_id`,`to_product_id`),
  KEY `ec_product_cross_sale_relations_from_product_id_index` (`from_product_id`),
  KEY `ec_product_cross_sale_relations_to_product_id_index` (`to_product_id`)
) ENGINE=InnoDB DEFAULT CHARSET=utf8mb4 COLLATE=utf8mb4_unicode_ci;
/*!40101 SET character_set_client = @saved_cs_client */;

--
-- Dumping data for table `ec_product_cross_sale_relations`
--

LOCK TABLES `ec_product_cross_sale_relations` WRITE;
/*!40000 ALTER TABLE `ec_product_cross_sale_relations` DISABLE KEYS */;
INSERT INTO `ec_product_cross_sale_relations` VALUES (1,14,0,0.00,'fixed',1),(1,21,0,0.00,'fixed',1),(1,27,0,0.00,'fixed',1),(1,35,0,0.00,'fixed',1),(2,27,0,0.00,'fixed',1),(2,28,0,0.00,'fixed',1),(2,50,0,0.00,'fixed',1),(2,52,0,0.00,'fixed',1),(3,4,0,0.00,'fixed',1),(3,8,0,0.00,'fixed',1),(3,15,0,0.00,'fixed',1),(3,48,0,0.00,'fixed',1),(4,59,0,0.00,'fixed',1),(4,60,0,0.00,'fixed',1),(4,63,0,0.00,'fixed',1),(4,65,0,0.00,'fixed',1),(5,6,0,0.00,'fixed',1),(5,7,0,0.00,'fixed',1),(5,35,0,0.00,'fixed',1),(5,74,0,0.00,'fixed',1),(6,11,0,0.00,'fixed',1),(6,34,0,0.00,'fixed',1),(6,37,0,0.00,'fixed',1),(6,74,0,0.00,'fixed',1),(7,1,0,0.00,'fixed',1),(7,12,0,0.00,'fixed',1),(7,42,0,0.00,'fixed',1),(7,53,0,0.00,'fixed',1),(8,19,0,0.00,'fixed',1),(8,39,0,0.00,'fixed',1),(8,47,0,0.00,'fixed',1),(8,62,0,0.00,'fixed',1),(9,20,0,0.00,'fixed',1),(9,25,0,0.00,'fixed',1),(9,37,0,0.00,'fixed',1),(9,41,0,0.00,'fixed',1),(10,42,0,0.00,'fixed',1),(10,57,0,0.00,'fixed',1),(10,72,0,0.00,'fixed',1),(11,3,0,0.00,'fixed',1),(11,33,0,0.00,'fixed',1),(11,48,0,0.00,'fixed',1),(11,57,0,0.00,'fixed',1),(12,3,0,0.00,'fixed',1),(12,32,0,0.00,'fixed',1),(12,53,0,0.00,'fixed',1),(12,67,0,0.00,'fixed',1),(13,9,0,0.00,'fixed',1),(13,14,0,0.00,'fixed',1),(13,38,0,0.00,'fixed',1),(13,71,0,0.00,'fixed',1),(14,11,0,0.00,'fixed',1),(14,42,0,0.00,'fixed',1),(14,61,0,0.00,'fixed',1),(15,2,0,0.00,'fixed',1),(15,4,0,0.00,'fixed',1),(15,6,0,0.00,'fixed',1),(15,47,0,0.00,'fixed',1),(16,32,0,0.00,'fixed',1),(16,48,0,0.00,'fixed',1),(16,71,0,0.00,'fixed',1),(16,75,0,0.00,'fixed',1),(17,56,0,0.00,'fixed',1),(17,57,0,0.00,'fixed',1),(17,59,0,0.00,'fixed',1),(17,66,0,0.00,'fixed',1),(18,8,0,0.00,'fixed',1),(18,39,0,0.00,'fixed',1),(18,44,0,0.00,'fixed',1),(18,75,0,0.00,'fixed',1),(19,26,0,0.00,'fixed',1),(19,54,0,0.00,'fixed',1),(19,71,0,0.00,'fixed',1),(20,3,0,0.00,'fixed',1),(20,11,0,0.00,'fixed',1),(20,26,0,0.00,'fixed',1),(20,70,0,0.00,'fixed',1),(21,8,0,0.00,'fixed',1),(21,17,0,0.00,'fixed',1),(21,18,0,0.00,'fixed',1),(21,72,0,0.00,'fixed',1),(22,4,0,0.00,'fixed',1),(22,25,0,0.00,'fixed',1),(22,38,0,0.00,'fixed',1),(22,53,0,0.00,'fixed',1),(23,22,0,0.00,'fixed',1),(23,26,0,0.00,'fixed',1),(23,33,0,0.00,'fixed',1),(23,63,0,0.00,'fixed',1),(24,47,0,0.00,'fixed',1),(24,51,0,0.00,'fixed',1),(24,70,0,0.00,'fixed',1),(24,72,0,0.00,'fixed',1),(25,11,0,0.00,'fixed',1),(25,40,0,0.00,'fixed',1),(25,55,0,0.00,'fixed',1),(25,58,0,0.00,'fixed',1),(26,13,0,0.00,'fixed',1),(26,16,0,0.00,'fixed',1),(26,23,0,0.00,'fixed',1),(26,30,0,0.00,'fixed',1),(27,3,0,0.00,'fixed',1),(27,6,0,0.00,'fixed',1),(27,29,0,0.00,'fixed',1),(27,33,0,0.00,'fixed',1),(28,13,0,0.00,'fixed',1),(28,24,0,0.00,'fixed',1),(28,27,0,0.00,'fixed',1),(29,17,0,0.00,'fixed',1),(29,35,0,0.00,'fixed',1),(29,39,0,0.00,'fixed',1),(29,50,0,0.00,'fixed',1),(30,1,0,0.00,'fixed',1),(30,9,0,0.00,'fixed',1),(30,14,0,0.00,'fixed',1),(30,54,0,0.00,'fixed',1),(31,4,0,0.00,'fixed',1),(31,6,0,0.00,'fixed',1),(31,21,0,0.00,'fixed',1),(31,27,0,0.00,'fixed',1),(32,13,0,0.00,'fixed',1),(32,20,0,0.00,'fixed',1),(32,31,0,0.00,'fixed',1),(32,45,0,0.00,'fixed',1),(33,13,0,0.00,'fixed',1),(33,16,0,0.00,'fixed',1),(33,37,0,0.00,'fixed',1),(33,42,0,0.00,'fixed',1),(34,3,0,0.00,'fixed',1),(34,13,0,0.00,'fixed',1),(34,27,0,0.00,'fixed',1),(34,51,0,0.00,'fixed',1),(35,2,0,0.00,'fixed',1),(35,20,0,0.00,'fixed',1),(35,42,0,0.00,'fixed',1),(36,6,0,0.00,'fixed',1),(36,8,0,0.00,'fixed',1),(36,54,0,0.00,'fixed',1),(36,55,0,0.00,'fixed',1),(37,4,0,0.00,'fixed',1),(37,23,0,0.00,'fixed',1),(37,68,0,0.00,'fixed',1),(37,74,0,0.00,'fixed',1),(38,2,0,0.00,'fixed',1),(38,9,0,0.00,'fixed',1),(38,69,0,0.00,'fixed',1),(39,10,0,0.00,'fixed',1),(39,33,0,0.00,'fixed',1),(39,65,0,0.00,'fixed',1),(39,66,0,0.00,'fixed',1),(40,29,0,0.00,'fixed',1),(40,39,0,0.00,'fixed',1),(40,60,0,0.00,'fixed',1),(40,64,0,0.00,'fixed',1),(41,11,0,0.00,'fixed',1),(41,17,0,0.00,'fixed',1),(41,32,0,0.00,'fixed',1),(41,69,0,0.00,'fixed',1),(42,14,0,0.00,'fixed',1),(42,45,0,0.00,'fixed',1),(42,55,0,0.00,'fixed',1),(42,60,0,0.00,'fixed',1),(43,57,0,0.00,'fixed',1),(43,58,0,0.00,'fixed',1),(43,61,0,0.00,'fixed',1),(43,66,0,0.00,'fixed',1),(44,15,0,0.00,'fixed',1),(44,21,0,0.00,'fixed',1),(44,35,0,0.00,'fixed',1),(44,57,0,0.00,'fixed',1),(45,1,0,0.00,'fixed',1),(45,26,0,0.00,'fixed',1),(45,29,0,0.00,'fixed',1),(45,56,0,0.00,'fixed',1),(46,33,0,0.00,'fixed',1),(46,60,0,0.00,'fixed',1),(46,61,0,0.00,'fixed',1),(47,19,0,0.00,'fixed',1),(47,32,0,0.00,'fixed',1),(47,43,0,0.00,'fixed',1),(47,50,0,0.00,'fixed',1),(48,23,0,0.00,'fixed',1),(48,51,0,0.00,'fixed',1),(48,55,0,0.00,'fixed',1),(48,64,0,0.00,'fixed',1),(49,17,0,0.00,'fixed',1),(49,38,0,0.00,'fixed',1),(49,67,0,0.00,'fixed',1),(49,71,0,0.00,'fixed',1),(50,11,0,0.00,'fixed',1),(50,26,0,0.00,'fixed',1),(50,38,0,0.00,'fixed',1),(50,44,0,0.00,'fixed',1),(51,3,0,0.00,'fixed',1),(51,14,0,0.00,'fixed',1),(51,58,0,0.00,'fixed',1),(51,73,0,0.00,'fixed',1),(52,43,0,0.00,'fixed',1),(52,53,0,0.00,'fixed',1),(52,55,0,0.00,'fixed',1),(52,71,0,0.00,'fixed',1),(53,10,0,0.00,'fixed',1),(53,14,0,0.00,'fixed',1),(53,38,0,0.00,'fixed',1),(53,61,0,0.00,'fixed',1),(54,20,0,0.00,'fixed',1),(54,31,0,0.00,'fixed',1),(54,58,0,0.00,'fixed',1),(54,68,0,0.00,'fixed',1),(55,43,0,0.00,'fixed',1),(55,45,0,0.00,'fixed',1),(55,63,0,0.00,'fixed',1),(56,14,0,0.00,'fixed',1),(56,38,0,0.00,'fixed',1),(56,51,0,0.00,'fixed',1),(56,59,0,0.00,'fixed',1),(57,23,0,0.00,'fixed',1),(57,37,0,0.00,'fixed',1),(57,39,0,0.00,'fixed',1),(57,74,0,0.00,'fixed',1),(58,24,0,0.00,'fixed',1),(58,26,0,0.00,'fixed',1),(58,35,0,0.00,'fixed',1),(58,54,0,0.00,'fixed',1),(59,25,0,0.00,'fixed',1),(59,38,0,0.00,'fixed',1),(59,57,0,0.00,'fixed',1),(59,67,0,0.00,'fixed',1),(60,8,0,0.00,'fixed',1),(60,13,0,0.00,'fixed',1),(60,58,0,0.00,'fixed',1),(61,16,0,0.00,'fixed',1),(61,42,0,0.00,'fixed',1),(61,67,0,0.00,'fixed',1),(62,10,0,0.00,'fixed',1),(62,39,0,0.00,'fixed',1),(62,42,0,0.00,'fixed',1),(62,66,0,0.00,'fixed',1),(63,7,0,0.00,'fixed',1),(63,13,0,0.00,'fixed',1),(63,35,0,0.00,'fixed',1),(63,43,0,0.00,'fixed',1),(64,6,0,0.00,'fixed',1),(64,18,0,0.00,'fixed',1),(64,25,0,0.00,'fixed',1),(64,62,0,0.00,'fixed',1),(65,12,0,0.00,'fixed',1),(65,17,0,0.00,'fixed',1),(65,33,0,0.00,'fixed',1),(65,44,0,0.00,'fixed',1),(66,12,0,0.00,'fixed',1),(66,50,0,0.00,'fixed',1),(66,54,0,0.00,'fixed',1),(66,61,0,0.00,'fixed',1),(67,18,0,0.00,'fixed',1),(67,22,0,0.00,'fixed',1),(67,50,0,0.00,'fixed',1),(67,74,0,0.00,'fixed',1),(68,20,0,0.00,'fixed',1),(68,51,0,0.00,'fixed',1),(68,72,0,0.00,'fixed',1),(69,3,0,0.00,'fixed',1),(69,5,0,0.00,'fixed',1),(69,34,0,0.00,'fixed',1),(69,67,0,0.00,'fixed',1),(70,16,0,0.00,'fixed',1),(70,40,0,0.00,'fixed',1),(70,47,0,0.00,'fixed',1),(70,56,0,0.00,'fixed',1),(71,9,0,0.00,'fixed',1),(71,13,0,0.00,'fixed',1),(71,51,0,0.00,'fixed',1),(71,55,0,0.00,'fixed',1),(72,26,0,0.00,'fixed',1),(72,51,0,0.00,'fixed',1),(72,70,0,0.00,'fixed',1),(73,24,0,0.00,'fixed',1),(73,42,0,0.00,'fixed',1),(73,53,0,0.00,'fixed',1),(73,64,0,0.00,'fixed',1),(74,44,0,0.00,'fixed',1),(74,64,0,0.00,'fixed',1),(74,75,0,0.00,'fixed',1),(75,7,0,0.00,'fixed',1),(75,16,0,0.00,'fixed',1),(75,39,0,0.00,'fixed',1),(75,68,0,0.00,'fixed',1);
/*!40000 ALTER TABLE `ec_product_cross_sale_relations` ENABLE KEYS */;
UNLOCK TABLES;

--
-- Table structure for table `ec_product_files`
--

DROP TABLE IF EXISTS `ec_product_files`;
/*!40101 SET @saved_cs_client     = @@character_set_client */;
/*!50503 SET character_set_client = utf8mb4 */;
CREATE TABLE `ec_product_files` (
  `id` bigint unsigned NOT NULL AUTO_INCREMENT,
  `product_id` bigint unsigned DEFAULT NULL,
  `url` varchar(400) COLLATE utf8mb4_unicode_ci DEFAULT NULL,
  `extras` mediumtext COLLATE utf8mb4_unicode_ci,
  `created_at` timestamp NULL DEFAULT NULL,
  `updated_at` timestamp NULL DEFAULT NULL,
  PRIMARY KEY (`id`),
  KEY `ec_product_files_product_id_index` (`product_id`)
) ENGINE=InnoDB AUTO_INCREMENT=476 DEFAULT CHARSET=utf8mb4 COLLATE=utf8mb4_unicode_ci;
/*!40101 SET character_set_client = @saved_cs_client */;

--
-- Dumping data for table `ec_product_files`
--

LOCK TABLES `ec_product_files` WRITE;
/*!40000 ALTER TABLE `ec_product_files` DISABLE KEYS */;
INSERT INTO `ec_product_files` VALUES (1,76,'product-files/product-19.jpg','{\"filename\":\"product-19.jpg\",\"url\":\"product-files\\/product-19.jpg\",\"mime_type\":\"image\\/jpeg\",\"size\":9730,\"modified\":\"2024-01-07 00:16:13\",\"name\":\"product-19\",\"extension\":\"jpg\"}','2024-01-06 17:16:13','2024-01-06 17:16:13'),(2,76,'product-files/product-78.jpg','{\"filename\":\"product-78.jpg\",\"url\":\"product-files\\/product-78.jpg\",\"mime_type\":\"image\\/jpeg\",\"size\":9730,\"modified\":\"2024-01-07 00:16:13\",\"name\":\"product-78\",\"extension\":\"jpg\"}','2024-01-06 17:16:13','2024-01-06 17:16:13'),(3,76,'product-files/product-49.jpg','{\"filename\":\"product-49.jpg\",\"url\":\"product-files\\/product-49.jpg\",\"mime_type\":\"image\\/jpeg\",\"size\":9730,\"modified\":\"2024-01-07 00:16:13\",\"name\":\"product-49\",\"extension\":\"jpg\"}','2024-01-06 17:16:13','2024-01-06 17:16:13'),(4,76,'product-files/product-8.jpg','{\"filename\":\"product-8.jpg\",\"url\":\"product-files\\/product-8.jpg\",\"mime_type\":\"image\\/jpeg\",\"size\":9730,\"modified\":\"2024-01-07 00:16:13\",\"name\":\"product-8\",\"extension\":\"jpg\"}','2024-01-06 17:16:13','2024-01-06 17:16:13'),(5,76,'product-files/product-40.jpg','{\"filename\":\"product-40.jpg\",\"url\":\"product-files\\/product-40.jpg\",\"mime_type\":\"image\\/jpeg\",\"size\":9730,\"modified\":\"2024-01-07 00:16:13\",\"name\":\"product-40\",\"extension\":\"jpg\"}','2024-01-06 17:16:13','2024-01-06 17:16:13'),(6,76,'product-files/product-95.jpg','{\"filename\":\"product-95.jpg\",\"url\":\"product-files\\/product-95.jpg\",\"mime_type\":\"image\\/jpeg\",\"size\":9730,\"modified\":\"2024-01-07 00:16:13\",\"name\":\"product-95\",\"extension\":\"jpg\"}','2024-01-06 17:16:13','2024-01-06 17:16:13'),(7,76,'product-files/product-45.jpg','{\"filename\":\"product-45.jpg\",\"url\":\"product-files\\/product-45.jpg\",\"mime_type\":\"image\\/jpeg\",\"size\":9730,\"modified\":\"2024-01-07 00:16:13\",\"name\":\"product-45\",\"extension\":\"jpg\"}','2024-01-06 17:16:13','2024-01-06 17:16:13'),(8,76,'product-files/product-64.jpg','{\"filename\":\"product-64.jpg\",\"url\":\"product-files\\/product-64.jpg\",\"mime_type\":\"image\\/jpeg\",\"size\":9730,\"modified\":\"2024-01-07 00:16:13\",\"name\":\"product-64\",\"extension\":\"jpg\"}','2024-01-06 17:16:13','2024-01-06 17:16:13'),(9,77,'product-files/product-19.jpg','{\"filename\":\"product-19.jpg\",\"url\":\"product-files\\/product-19.jpg\",\"mime_type\":\"image\\/jpeg\",\"size\":9730,\"modified\":\"2024-01-07 00:16:13\",\"name\":\"product-19\",\"extension\":\"jpg\"}','2024-01-06 17:16:13','2024-01-06 17:16:13'),(10,77,'product-files/product-78.jpg','{\"filename\":\"product-78.jpg\",\"url\":\"product-files\\/product-78.jpg\",\"mime_type\":\"image\\/jpeg\",\"size\":9730,\"modified\":\"2024-01-07 00:16:13\",\"name\":\"product-78\",\"extension\":\"jpg\"}','2024-01-06 17:16:13','2024-01-06 17:16:13'),(11,77,'product-files/product-49.jpg','{\"filename\":\"product-49.jpg\",\"url\":\"product-files\\/product-49.jpg\",\"mime_type\":\"image\\/jpeg\",\"size\":9730,\"modified\":\"2024-01-07 00:16:13\",\"name\":\"product-49\",\"extension\":\"jpg\"}','2024-01-06 17:16:13','2024-01-06 17:16:13'),(12,77,'product-files/product-8.jpg','{\"filename\":\"product-8.jpg\",\"url\":\"product-files\\/product-8.jpg\",\"mime_type\":\"image\\/jpeg\",\"size\":9730,\"modified\":\"2024-01-07 00:16:13\",\"name\":\"product-8\",\"extension\":\"jpg\"}','2024-01-06 17:16:13','2024-01-06 17:16:13'),(13,77,'product-files/product-40.jpg','{\"filename\":\"product-40.jpg\",\"url\":\"product-files\\/product-40.jpg\",\"mime_type\":\"image\\/jpeg\",\"size\":9730,\"modified\":\"2024-01-07 00:16:13\",\"name\":\"product-40\",\"extension\":\"jpg\"}','2024-01-06 17:16:13','2024-01-06 17:16:13'),(14,77,'product-files/product-95.jpg','{\"filename\":\"product-95.jpg\",\"url\":\"product-files\\/product-95.jpg\",\"mime_type\":\"image\\/jpeg\",\"size\":9730,\"modified\":\"2024-01-07 00:16:13\",\"name\":\"product-95\",\"extension\":\"jpg\"}','2024-01-06 17:16:13','2024-01-06 17:16:13'),(15,77,'product-files/product-45.jpg','{\"filename\":\"product-45.jpg\",\"url\":\"product-files\\/product-45.jpg\",\"mime_type\":\"image\\/jpeg\",\"size\":9730,\"modified\":\"2024-01-07 00:16:13\",\"name\":\"product-45\",\"extension\":\"jpg\"}','2024-01-06 17:16:13','2024-01-06 17:16:13'),(16,77,'product-files/product-64.jpg','{\"filename\":\"product-64.jpg\",\"url\":\"product-files\\/product-64.jpg\",\"mime_type\":\"image\\/jpeg\",\"size\":9730,\"modified\":\"2024-01-07 00:16:13\",\"name\":\"product-64\",\"extension\":\"jpg\"}','2024-01-06 17:16:13','2024-01-06 17:16:13'),(17,87,'product-files/product-35.jpg','{\"filename\":\"product-35.jpg\",\"url\":\"product-files\\/product-35.jpg\",\"mime_type\":\"image\\/jpeg\",\"size\":9730,\"modified\":\"2024-01-07 00:16:13\",\"name\":\"product-35\",\"extension\":\"jpg\"}','2024-01-06 17:16:13','2024-01-06 17:16:13'),(18,87,'product-files/product-94.jpg','{\"filename\":\"product-94.jpg\",\"url\":\"product-files\\/product-94.jpg\",\"mime_type\":\"image\\/jpeg\",\"size\":9730,\"modified\":\"2024-01-07 00:16:13\",\"name\":\"product-94\",\"extension\":\"jpg\"}','2024-01-06 17:16:13','2024-01-06 17:16:13'),(19,87,'product-files/product-93.jpg','{\"filename\":\"product-93.jpg\",\"url\":\"product-files\\/product-93.jpg\",\"mime_type\":\"image\\/jpeg\",\"size\":9730,\"modified\":\"2024-01-07 00:16:13\",\"name\":\"product-93\",\"extension\":\"jpg\"}','2024-01-06 17:16:13','2024-01-06 17:16:13'),(20,87,'product-files/product-91.jpg','{\"filename\":\"product-91.jpg\",\"url\":\"product-files\\/product-91.jpg\",\"mime_type\":\"image\\/jpeg\",\"size\":9730,\"modified\":\"2024-01-07 00:16:13\",\"name\":\"product-91\",\"extension\":\"jpg\"}','2024-01-06 17:16:13','2024-01-06 17:16:13'),(21,87,'product-files/product-20.jpg','{\"filename\":\"product-20.jpg\",\"url\":\"product-files\\/product-20.jpg\",\"mime_type\":\"image\\/jpeg\",\"size\":9730,\"modified\":\"2024-01-07 00:16:13\",\"name\":\"product-20\",\"extension\":\"jpg\"}','2024-01-06 17:16:13','2024-01-06 17:16:13'),(22,88,'product-files/product-35.jpg','{\"filename\":\"product-35.jpg\",\"url\":\"product-files\\/product-35.jpg\",\"mime_type\":\"image\\/jpeg\",\"size\":9730,\"modified\":\"2024-01-07 00:16:13\",\"name\":\"product-35\",\"extension\":\"jpg\"}','2024-01-06 17:16:13','2024-01-06 17:16:13'),(23,88,'product-files/product-94.jpg','{\"filename\":\"product-94.jpg\",\"url\":\"product-files\\/product-94.jpg\",\"mime_type\":\"image\\/jpeg\",\"size\":9730,\"modified\":\"2024-01-07 00:16:13\",\"name\":\"product-94\",\"extension\":\"jpg\"}','2024-01-06 17:16:13','2024-01-06 17:16:13'),(24,88,'product-files/product-93.jpg','{\"filename\":\"product-93.jpg\",\"url\":\"product-files\\/product-93.jpg\",\"mime_type\":\"image\\/jpeg\",\"size\":9730,\"modified\":\"2024-01-07 00:16:13\",\"name\":\"product-93\",\"extension\":\"jpg\"}','2024-01-06 17:16:13','2024-01-06 17:16:13'),(25,88,'product-files/product-91.jpg','{\"filename\":\"product-91.jpg\",\"url\":\"product-files\\/product-91.jpg\",\"mime_type\":\"image\\/jpeg\",\"size\":9730,\"modified\":\"2024-01-07 00:16:13\",\"name\":\"product-91\",\"extension\":\"jpg\"}','2024-01-06 17:16:13','2024-01-06 17:16:13'),(26,88,'product-files/product-20.jpg','{\"filename\":\"product-20.jpg\",\"url\":\"product-files\\/product-20.jpg\",\"mime_type\":\"image\\/jpeg\",\"size\":9730,\"modified\":\"2024-01-07 00:16:13\",\"name\":\"product-20\",\"extension\":\"jpg\"}','2024-01-06 17:16:13','2024-01-06 17:16:13'),(27,101,'product-files/product-68.jpg','{\"filename\":\"product-68.jpg\",\"url\":\"product-files\\/product-68.jpg\",\"mime_type\":\"image\\/jpeg\",\"size\":9730,\"modified\":\"2024-01-07 00:16:14\",\"name\":\"product-68\",\"extension\":\"jpg\"}','2024-01-06 17:16:14','2024-01-06 17:16:14'),(28,101,'product-files/product-29.jpg','{\"filename\":\"product-29.jpg\",\"url\":\"product-files\\/product-29.jpg\",\"mime_type\":\"image\\/jpeg\",\"size\":9730,\"modified\":\"2024-01-07 00:16:14\",\"name\":\"product-29\",\"extension\":\"jpg\"}','2024-01-06 17:16:14','2024-01-06 17:16:14'),(29,101,'product-files/product-52.jpg','{\"filename\":\"product-52.jpg\",\"url\":\"product-files\\/product-52.jpg\",\"mime_type\":\"image\\/jpeg\",\"size\":9730,\"modified\":\"2024-01-07 00:16:14\",\"name\":\"product-52\",\"extension\":\"jpg\"}','2024-01-06 17:16:14','2024-01-06 17:16:14'),(30,101,'product-files/product-27.jpg','{\"filename\":\"product-27.jpg\",\"url\":\"product-files\\/product-27.jpg\",\"mime_type\":\"image\\/jpeg\",\"size\":9730,\"modified\":\"2024-01-07 00:16:14\",\"name\":\"product-27\",\"extension\":\"jpg\"}','2024-01-06 17:16:14','2024-01-06 17:16:14'),(31,101,'product-files/product-55.jpg','{\"filename\":\"product-55.jpg\",\"url\":\"product-files\\/product-55.jpg\",\"mime_type\":\"image\\/jpeg\",\"size\":9730,\"modified\":\"2024-01-07 00:16:14\",\"name\":\"product-55\",\"extension\":\"jpg\"}','2024-01-06 17:16:14','2024-01-06 17:16:14'),(32,101,'product-files/product-44.jpg','{\"filename\":\"product-44.jpg\",\"url\":\"product-files\\/product-44.jpg\",\"mime_type\":\"image\\/jpeg\",\"size\":9730,\"modified\":\"2024-01-07 00:16:14\",\"name\":\"product-44\",\"extension\":\"jpg\"}','2024-01-06 17:16:14','2024-01-06 17:16:14'),(33,101,'product-files/product-53.jpg','{\"filename\":\"product-53.jpg\",\"url\":\"product-files\\/product-53.jpg\",\"mime_type\":\"image\\/jpeg\",\"size\":9730,\"modified\":\"2024-01-07 00:16:14\",\"name\":\"product-53\",\"extension\":\"jpg\"}','2024-01-06 17:16:14','2024-01-06 17:16:14'),(34,101,'product-files/product-25.jpg','{\"filename\":\"product-25.jpg\",\"url\":\"product-files\\/product-25.jpg\",\"mime_type\":\"image\\/jpeg\",\"size\":9730,\"modified\":\"2024-01-07 00:16:14\",\"name\":\"product-25\",\"extension\":\"jpg\"}','2024-01-06 17:16:14','2024-01-06 17:16:14'),(35,102,'product-files/product-68.jpg','{\"filename\":\"product-68.jpg\",\"url\":\"product-files\\/product-68.jpg\",\"mime_type\":\"image\\/jpeg\",\"size\":9730,\"modified\":\"2024-01-07 00:16:14\",\"name\":\"product-68\",\"extension\":\"jpg\"}','2024-01-06 17:16:14','2024-01-06 17:16:14'),(36,102,'product-files/product-29.jpg','{\"filename\":\"product-29.jpg\",\"url\":\"product-files\\/product-29.jpg\",\"mime_type\":\"image\\/jpeg\",\"size\":9730,\"modified\":\"2024-01-07 00:16:14\",\"name\":\"product-29\",\"extension\":\"jpg\"}','2024-01-06 17:16:14','2024-01-06 17:16:14'),(37,102,'product-files/product-52.jpg','{\"filename\":\"product-52.jpg\",\"url\":\"product-files\\/product-52.jpg\",\"mime_type\":\"image\\/jpeg\",\"size\":9730,\"modified\":\"2024-01-07 00:16:14\",\"name\":\"product-52\",\"extension\":\"jpg\"}','2024-01-06 17:16:14','2024-01-06 17:16:14'),(38,102,'product-files/product-27.jpg','{\"filename\":\"product-27.jpg\",\"url\":\"product-files\\/product-27.jpg\",\"mime_type\":\"image\\/jpeg\",\"size\":9730,\"modified\":\"2024-01-07 00:16:14\",\"name\":\"product-27\",\"extension\":\"jpg\"}','2024-01-06 17:16:14','2024-01-06 17:16:14'),(39,102,'product-files/product-55.jpg','{\"filename\":\"product-55.jpg\",\"url\":\"product-files\\/product-55.jpg\",\"mime_type\":\"image\\/jpeg\",\"size\":9730,\"modified\":\"2024-01-07 00:16:14\",\"name\":\"product-55\",\"extension\":\"jpg\"}','2024-01-06 17:16:14','2024-01-06 17:16:14'),(40,102,'product-files/product-44.jpg','{\"filename\":\"product-44.jpg\",\"url\":\"product-files\\/product-44.jpg\",\"mime_type\":\"image\\/jpeg\",\"size\":9730,\"modified\":\"2024-01-07 00:16:14\",\"name\":\"product-44\",\"extension\":\"jpg\"}','2024-01-06 17:16:14','2024-01-06 17:16:14'),(41,102,'product-files/product-53.jpg','{\"filename\":\"product-53.jpg\",\"url\":\"product-files\\/product-53.jpg\",\"mime_type\":\"image\\/jpeg\",\"size\":9730,\"modified\":\"2024-01-07 00:16:14\",\"name\":\"product-53\",\"extension\":\"jpg\"}','2024-01-06 17:16:14','2024-01-06 17:16:14'),(42,102,'product-files/product-25.jpg','{\"filename\":\"product-25.jpg\",\"url\":\"product-files\\/product-25.jpg\",\"mime_type\":\"image\\/jpeg\",\"size\":9730,\"modified\":\"2024-01-07 00:16:14\",\"name\":\"product-25\",\"extension\":\"jpg\"}','2024-01-06 17:16:14','2024-01-06 17:16:14'),(43,103,'product-files/product-68.jpg','{\"filename\":\"product-68.jpg\",\"url\":\"product-files\\/product-68.jpg\",\"mime_type\":\"image\\/jpeg\",\"size\":9730,\"modified\":\"2024-01-07 00:16:14\",\"name\":\"product-68\",\"extension\":\"jpg\"}','2024-01-06 17:16:14','2024-01-06 17:16:14'),(44,103,'product-files/product-29.jpg','{\"filename\":\"product-29.jpg\",\"url\":\"product-files\\/product-29.jpg\",\"mime_type\":\"image\\/jpeg\",\"size\":9730,\"modified\":\"2024-01-07 00:16:14\",\"name\":\"product-29\",\"extension\":\"jpg\"}','2024-01-06 17:16:14','2024-01-06 17:16:14'),(45,103,'product-files/product-52.jpg','{\"filename\":\"product-52.jpg\",\"url\":\"product-files\\/product-52.jpg\",\"mime_type\":\"image\\/jpeg\",\"size\":9730,\"modified\":\"2024-01-07 00:16:14\",\"name\":\"product-52\",\"extension\":\"jpg\"}','2024-01-06 17:16:14','2024-01-06 17:16:14'),(46,103,'product-files/product-27.jpg','{\"filename\":\"product-27.jpg\",\"url\":\"product-files\\/product-27.jpg\",\"mime_type\":\"image\\/jpeg\",\"size\":9730,\"modified\":\"2024-01-07 00:16:14\",\"name\":\"product-27\",\"extension\":\"jpg\"}','2024-01-06 17:16:14','2024-01-06 17:16:14'),(47,103,'product-files/product-55.jpg','{\"filename\":\"product-55.jpg\",\"url\":\"product-files\\/product-55.jpg\",\"mime_type\":\"image\\/jpeg\",\"size\":9730,\"modified\":\"2024-01-07 00:16:14\",\"name\":\"product-55\",\"extension\":\"jpg\"}','2024-01-06 17:16:14','2024-01-06 17:16:14'),(48,103,'product-files/product-44.jpg','{\"filename\":\"product-44.jpg\",\"url\":\"product-files\\/product-44.jpg\",\"mime_type\":\"image\\/jpeg\",\"size\":9730,\"modified\":\"2024-01-07 00:16:14\",\"name\":\"product-44\",\"extension\":\"jpg\"}','2024-01-06 17:16:14','2024-01-06 17:16:14'),(49,103,'product-files/product-53.jpg','{\"filename\":\"product-53.jpg\",\"url\":\"product-files\\/product-53.jpg\",\"mime_type\":\"image\\/jpeg\",\"size\":9730,\"modified\":\"2024-01-07 00:16:14\",\"name\":\"product-53\",\"extension\":\"jpg\"}','2024-01-06 17:16:14','2024-01-06 17:16:14'),(50,103,'product-files/product-25.jpg','{\"filename\":\"product-25.jpg\",\"url\":\"product-files\\/product-25.jpg\",\"mime_type\":\"image\\/jpeg\",\"size\":9730,\"modified\":\"2024-01-07 00:16:14\",\"name\":\"product-25\",\"extension\":\"jpg\"}','2024-01-06 17:16:14','2024-01-06 17:16:14'),(51,115,'product-files/product-2.jpg','{\"filename\":\"product-2.jpg\",\"url\":\"product-files\\/product-2.jpg\",\"mime_type\":\"image\\/jpeg\",\"size\":9730,\"modified\":\"2024-01-07 00:16:14\",\"name\":\"product-2\",\"extension\":\"jpg\"}','2024-01-06 17:16:14','2024-01-06 17:16:14'),(52,115,'product-files/product-95.jpg','{\"filename\":\"product-95.jpg\",\"url\":\"product-files\\/product-95.jpg\",\"mime_type\":\"image\\/jpeg\",\"size\":9730,\"modified\":\"2024-01-07 00:16:14\",\"name\":\"product-95\",\"extension\":\"jpg\"}','2024-01-06 17:16:14','2024-01-06 17:16:14'),(53,115,'product-files/product-58.jpg','{\"filename\":\"product-58.jpg\",\"url\":\"product-files\\/product-58.jpg\",\"mime_type\":\"image\\/jpeg\",\"size\":9730,\"modified\":\"2024-01-07 00:16:14\",\"name\":\"product-58\",\"extension\":\"jpg\"}','2024-01-06 17:16:14','2024-01-06 17:16:14'),(54,115,'product-files/product-75.jpg','{\"filename\":\"product-75.jpg\",\"url\":\"product-files\\/product-75.jpg\",\"mime_type\":\"image\\/jpeg\",\"size\":9730,\"modified\":\"2024-01-07 00:16:14\",\"name\":\"product-75\",\"extension\":\"jpg\"}','2024-01-06 17:16:14','2024-01-06 17:16:14'),(55,115,'product-files/product-5.jpg','{\"filename\":\"product-5.jpg\",\"url\":\"product-files\\/product-5.jpg\",\"mime_type\":\"image\\/jpeg\",\"size\":9730,\"modified\":\"2024-01-07 00:16:14\",\"name\":\"product-5\",\"extension\":\"jpg\"}','2024-01-06 17:16:14','2024-01-06 17:16:14'),(56,115,'product-files/product-83.jpg','{\"filename\":\"product-83.jpg\",\"url\":\"product-files\\/product-83.jpg\",\"mime_type\":\"image\\/jpeg\",\"size\":9730,\"modified\":\"2024-01-07 00:16:14\",\"name\":\"product-83\",\"extension\":\"jpg\"}','2024-01-06 17:16:14','2024-01-06 17:16:14'),(57,116,'product-files/product-2.jpg','{\"filename\":\"product-2.jpg\",\"url\":\"product-files\\/product-2.jpg\",\"mime_type\":\"image\\/jpeg\",\"size\":9730,\"modified\":\"2024-01-07 00:16:14\",\"name\":\"product-2\",\"extension\":\"jpg\"}','2024-01-06 17:16:14','2024-01-06 17:16:14'),(58,116,'product-files/product-95.jpg','{\"filename\":\"product-95.jpg\",\"url\":\"product-files\\/product-95.jpg\",\"mime_type\":\"image\\/jpeg\",\"size\":9730,\"modified\":\"2024-01-07 00:16:14\",\"name\":\"product-95\",\"extension\":\"jpg\"}','2024-01-06 17:16:14','2024-01-06 17:16:14'),(59,116,'product-files/product-58.jpg','{\"filename\":\"product-58.jpg\",\"url\":\"product-files\\/product-58.jpg\",\"mime_type\":\"image\\/jpeg\",\"size\":9730,\"modified\":\"2024-01-07 00:16:14\",\"name\":\"product-58\",\"extension\":\"jpg\"}','2024-01-06 17:16:14','2024-01-06 17:16:14'),(60,116,'product-files/product-75.jpg','{\"filename\":\"product-75.jpg\",\"url\":\"product-files\\/product-75.jpg\",\"mime_type\":\"image\\/jpeg\",\"size\":9730,\"modified\":\"2024-01-07 00:16:14\",\"name\":\"product-75\",\"extension\":\"jpg\"}','2024-01-06 17:16:14','2024-01-06 17:16:14'),(61,116,'product-files/product-5.jpg','{\"filename\":\"product-5.jpg\",\"url\":\"product-files\\/product-5.jpg\",\"mime_type\":\"image\\/jpeg\",\"size\":9730,\"modified\":\"2024-01-07 00:16:14\",\"name\":\"product-5\",\"extension\":\"jpg\"}','2024-01-06 17:16:14','2024-01-06 17:16:14'),(62,116,'product-files/product-83.jpg','{\"filename\":\"product-83.jpg\",\"url\":\"product-files\\/product-83.jpg\",\"mime_type\":\"image\\/jpeg\",\"size\":9730,\"modified\":\"2024-01-07 00:16:14\",\"name\":\"product-83\",\"extension\":\"jpg\"}','2024-01-06 17:16:14','2024-01-06 17:16:14'),(63,126,'product-files/product-51.jpg','{\"filename\":\"product-51.jpg\",\"url\":\"product-files\\/product-51.jpg\",\"mime_type\":\"image\\/jpeg\",\"size\":9730,\"modified\":\"2024-01-07 00:16:14\",\"name\":\"product-51\",\"extension\":\"jpg\"}','2024-01-06 17:16:14','2024-01-06 17:16:14'),(64,126,'product-files/product-47.jpg','{\"filename\":\"product-47.jpg\",\"url\":\"product-files\\/product-47.jpg\",\"mime_type\":\"image\\/jpeg\",\"size\":9730,\"modified\":\"2024-01-07 00:16:14\",\"name\":\"product-47\",\"extension\":\"jpg\"}','2024-01-06 17:16:14','2024-01-06 17:16:14'),(65,126,'product-files/product-55.jpg','{\"filename\":\"product-55.jpg\",\"url\":\"product-files\\/product-55.jpg\",\"mime_type\":\"image\\/jpeg\",\"size\":9730,\"modified\":\"2024-01-07 00:16:14\",\"name\":\"product-55\",\"extension\":\"jpg\"}','2024-01-06 17:16:14','2024-01-06 17:16:14'),(66,126,'product-files/product-94.jpg','{\"filename\":\"product-94.jpg\",\"url\":\"product-files\\/product-94.jpg\",\"mime_type\":\"image\\/jpeg\",\"size\":9730,\"modified\":\"2024-01-07 00:16:14\",\"name\":\"product-94\",\"extension\":\"jpg\"}','2024-01-06 17:16:14','2024-01-06 17:16:14'),(67,126,'product-files/product-54.jpg','{\"filename\":\"product-54.jpg\",\"url\":\"product-files\\/product-54.jpg\",\"mime_type\":\"image\\/jpeg\",\"size\":9730,\"modified\":\"2024-01-07 00:16:14\",\"name\":\"product-54\",\"extension\":\"jpg\"}','2024-01-06 17:16:14','2024-01-06 17:16:14'),(68,126,'product-files/product-29.jpg','{\"filename\":\"product-29.jpg\",\"url\":\"product-files\\/product-29.jpg\",\"mime_type\":\"image\\/jpeg\",\"size\":9730,\"modified\":\"2024-01-07 00:16:14\",\"name\":\"product-29\",\"extension\":\"jpg\"}','2024-01-06 17:16:14','2024-01-06 17:16:14'),(69,126,'product-files/product-69.jpg','{\"filename\":\"product-69.jpg\",\"url\":\"product-files\\/product-69.jpg\",\"mime_type\":\"image\\/jpeg\",\"size\":9730,\"modified\":\"2024-01-07 00:16:14\",\"name\":\"product-69\",\"extension\":\"jpg\"}','2024-01-06 17:16:14','2024-01-06 17:16:14'),(70,126,'product-files/product-84.jpg','{\"filename\":\"product-84.jpg\",\"url\":\"product-files\\/product-84.jpg\",\"mime_type\":\"image\\/jpeg\",\"size\":9730,\"modified\":\"2024-01-07 00:16:14\",\"name\":\"product-84\",\"extension\":\"jpg\"}','2024-01-06 17:16:14','2024-01-06 17:16:14'),(71,126,'product-files/product-80.jpg','{\"filename\":\"product-80.jpg\",\"url\":\"product-files\\/product-80.jpg\",\"mime_type\":\"image\\/jpeg\",\"size\":9730,\"modified\":\"2024-01-07 00:16:14\",\"name\":\"product-80\",\"extension\":\"jpg\"}','2024-01-06 17:16:14','2024-01-06 17:16:14'),(72,126,'product-files/product-74.jpg','{\"filename\":\"product-74.jpg\",\"url\":\"product-files\\/product-74.jpg\",\"mime_type\":\"image\\/jpeg\",\"size\":9730,\"modified\":\"2024-01-07 00:16:14\",\"name\":\"product-74\",\"extension\":\"jpg\"}','2024-01-06 17:16:14','2024-01-06 17:16:14'),(73,131,'product-files/product-86.jpg','{\"filename\":\"product-86.jpg\",\"url\":\"product-files\\/product-86.jpg\",\"mime_type\":\"image\\/jpeg\",\"size\":9730,\"modified\":\"2024-01-07 00:16:14\",\"name\":\"product-86\",\"extension\":\"jpg\"}','2024-01-06 17:16:14','2024-01-06 17:16:14'),(74,131,'product-files/product-49.jpg','{\"filename\":\"product-49.jpg\",\"url\":\"product-files\\/product-49.jpg\",\"mime_type\":\"image\\/jpeg\",\"size\":9730,\"modified\":\"2024-01-07 00:16:14\",\"name\":\"product-49\",\"extension\":\"jpg\"}','2024-01-06 17:16:14','2024-01-06 17:16:14'),(75,131,'product-files/product-6.jpg','{\"filename\":\"product-6.jpg\",\"url\":\"product-files\\/product-6.jpg\",\"mime_type\":\"image\\/jpeg\",\"size\":9730,\"modified\":\"2024-01-07 00:16:14\",\"name\":\"product-6\",\"extension\":\"jpg\"}','2024-01-06 17:16:14','2024-01-06 17:16:14'),(76,131,'product-files/product-54.jpg','{\"filename\":\"product-54.jpg\",\"url\":\"product-files\\/product-54.jpg\",\"mime_type\":\"image\\/jpeg\",\"size\":9730,\"modified\":\"2024-01-07 00:16:14\",\"name\":\"product-54\",\"extension\":\"jpg\"}','2024-01-06 17:16:14','2024-01-06 17:16:14'),(77,131,'product-files/product-46.jpg','{\"filename\":\"product-46.jpg\",\"url\":\"product-files\\/product-46.jpg\",\"mime_type\":\"image\\/jpeg\",\"size\":9730,\"modified\":\"2024-01-07 00:16:14\",\"name\":\"product-46\",\"extension\":\"jpg\"}','2024-01-06 17:16:14','2024-01-06 17:16:14'),(78,131,'product-files/product-8.jpg','{\"filename\":\"product-8.jpg\",\"url\":\"product-files\\/product-8.jpg\",\"mime_type\":\"image\\/jpeg\",\"size\":9730,\"modified\":\"2024-01-07 00:16:14\",\"name\":\"product-8\",\"extension\":\"jpg\"}','2024-01-06 17:16:14','2024-01-06 17:16:14'),(79,131,'product-files/product-71.jpg','{\"filename\":\"product-71.jpg\",\"url\":\"product-files\\/product-71.jpg\",\"mime_type\":\"image\\/jpeg\",\"size\":9730,\"modified\":\"2024-01-07 00:16:14\",\"name\":\"product-71\",\"extension\":\"jpg\"}','2024-01-06 17:16:14','2024-01-06 17:16:14'),(80,131,'product-files/product-34.jpg','{\"filename\":\"product-34.jpg\",\"url\":\"product-files\\/product-34.jpg\",\"mime_type\":\"image\\/jpeg\",\"size\":9730,\"modified\":\"2024-01-07 00:16:14\",\"name\":\"product-34\",\"extension\":\"jpg\"}','2024-01-06 17:16:14','2024-01-06 17:16:14'),(81,132,'product-files/product-86.jpg','{\"filename\":\"product-86.jpg\",\"url\":\"product-files\\/product-86.jpg\",\"mime_type\":\"image\\/jpeg\",\"size\":9730,\"modified\":\"2024-01-07 00:16:14\",\"name\":\"product-86\",\"extension\":\"jpg\"}','2024-01-06 17:16:14','2024-01-06 17:16:14'),(82,132,'product-files/product-49.jpg','{\"filename\":\"product-49.jpg\",\"url\":\"product-files\\/product-49.jpg\",\"mime_type\":\"image\\/jpeg\",\"size\":9730,\"modified\":\"2024-01-07 00:16:14\",\"name\":\"product-49\",\"extension\":\"jpg\"}','2024-01-06 17:16:14','2024-01-06 17:16:14'),(83,132,'product-files/product-6.jpg','{\"filename\":\"product-6.jpg\",\"url\":\"product-files\\/product-6.jpg\",\"mime_type\":\"image\\/jpeg\",\"size\":9730,\"modified\":\"2024-01-07 00:16:14\",\"name\":\"product-6\",\"extension\":\"jpg\"}','2024-01-06 17:16:14','2024-01-06 17:16:14'),(84,132,'product-files/product-54.jpg','{\"filename\":\"product-54.jpg\",\"url\":\"product-files\\/product-54.jpg\",\"mime_type\":\"image\\/jpeg\",\"size\":9730,\"modified\":\"2024-01-07 00:16:14\",\"name\":\"product-54\",\"extension\":\"jpg\"}','2024-01-06 17:16:14','2024-01-06 17:16:14'),(85,132,'product-files/product-46.jpg','{\"filename\":\"product-46.jpg\",\"url\":\"product-files\\/product-46.jpg\",\"mime_type\":\"image\\/jpeg\",\"size\":9730,\"modified\":\"2024-01-07 00:16:14\",\"name\":\"product-46\",\"extension\":\"jpg\"}','2024-01-06 17:16:14','2024-01-06 17:16:14'),(86,132,'product-files/product-8.jpg','{\"filename\":\"product-8.jpg\",\"url\":\"product-files\\/product-8.jpg\",\"mime_type\":\"image\\/jpeg\",\"size\":9730,\"modified\":\"2024-01-07 00:16:14\",\"name\":\"product-8\",\"extension\":\"jpg\"}','2024-01-06 17:16:14','2024-01-06 17:16:14'),(87,132,'product-files/product-71.jpg','{\"filename\":\"product-71.jpg\",\"url\":\"product-files\\/product-71.jpg\",\"mime_type\":\"image\\/jpeg\",\"size\":9730,\"modified\":\"2024-01-07 00:16:14\",\"name\":\"product-71\",\"extension\":\"jpg\"}','2024-01-06 17:16:14','2024-01-06 17:16:14'),(88,132,'product-files/product-34.jpg','{\"filename\":\"product-34.jpg\",\"url\":\"product-files\\/product-34.jpg\",\"mime_type\":\"image\\/jpeg\",\"size\":9730,\"modified\":\"2024-01-07 00:16:14\",\"name\":\"product-34\",\"extension\":\"jpg\"}','2024-01-06 17:16:14','2024-01-06 17:16:14'),(89,133,'product-files/product-86.jpg','{\"filename\":\"product-86.jpg\",\"url\":\"product-files\\/product-86.jpg\",\"mime_type\":\"image\\/jpeg\",\"size\":9730,\"modified\":\"2024-01-07 00:16:14\",\"name\":\"product-86\",\"extension\":\"jpg\"}','2024-01-06 17:16:14','2024-01-06 17:16:14'),(90,133,'product-files/product-49.jpg','{\"filename\":\"product-49.jpg\",\"url\":\"product-files\\/product-49.jpg\",\"mime_type\":\"image\\/jpeg\",\"size\":9730,\"modified\":\"2024-01-07 00:16:14\",\"name\":\"product-49\",\"extension\":\"jpg\"}','2024-01-06 17:16:14','2024-01-06 17:16:14'),(91,133,'product-files/product-6.jpg','{\"filename\":\"product-6.jpg\",\"url\":\"product-files\\/product-6.jpg\",\"mime_type\":\"image\\/jpeg\",\"size\":9730,\"modified\":\"2024-01-07 00:16:14\",\"name\":\"product-6\",\"extension\":\"jpg\"}','2024-01-06 17:16:14','2024-01-06 17:16:14'),(92,133,'product-files/product-54.jpg','{\"filename\":\"product-54.jpg\",\"url\":\"product-files\\/product-54.jpg\",\"mime_type\":\"image\\/jpeg\",\"size\":9730,\"modified\":\"2024-01-07 00:16:14\",\"name\":\"product-54\",\"extension\":\"jpg\"}','2024-01-06 17:16:14','2024-01-06 17:16:14'),(93,133,'product-files/product-46.jpg','{\"filename\":\"product-46.jpg\",\"url\":\"product-files\\/product-46.jpg\",\"mime_type\":\"image\\/jpeg\",\"size\":9730,\"modified\":\"2024-01-07 00:16:14\",\"name\":\"product-46\",\"extension\":\"jpg\"}','2024-01-06 17:16:14','2024-01-06 17:16:14'),(94,133,'product-files/product-8.jpg','{\"filename\":\"product-8.jpg\",\"url\":\"product-files\\/product-8.jpg\",\"mime_type\":\"image\\/jpeg\",\"size\":9730,\"modified\":\"2024-01-07 00:16:14\",\"name\":\"product-8\",\"extension\":\"jpg\"}','2024-01-06 17:16:14','2024-01-06 17:16:14'),(95,133,'product-files/product-71.jpg','{\"filename\":\"product-71.jpg\",\"url\":\"product-files\\/product-71.jpg\",\"mime_type\":\"image\\/jpeg\",\"size\":9730,\"modified\":\"2024-01-07 00:16:14\",\"name\":\"product-71\",\"extension\":\"jpg\"}','2024-01-06 17:16:14','2024-01-06 17:16:14'),(96,133,'product-files/product-34.jpg','{\"filename\":\"product-34.jpg\",\"url\":\"product-files\\/product-34.jpg\",\"mime_type\":\"image\\/jpeg\",\"size\":9730,\"modified\":\"2024-01-07 00:16:14\",\"name\":\"product-34\",\"extension\":\"jpg\"}','2024-01-06 17:16:14','2024-01-06 17:16:14'),(97,134,'product-files/product-86.jpg','{\"filename\":\"product-86.jpg\",\"url\":\"product-files\\/product-86.jpg\",\"mime_type\":\"image\\/jpeg\",\"size\":9730,\"modified\":\"2024-01-07 00:16:14\",\"name\":\"product-86\",\"extension\":\"jpg\"}','2024-01-06 17:16:14','2024-01-06 17:16:14'),(98,134,'product-files/product-49.jpg','{\"filename\":\"product-49.jpg\",\"url\":\"product-files\\/product-49.jpg\",\"mime_type\":\"image\\/jpeg\",\"size\":9730,\"modified\":\"2024-01-07 00:16:14\",\"name\":\"product-49\",\"extension\":\"jpg\"}','2024-01-06 17:16:14','2024-01-06 17:16:14'),(99,134,'product-files/product-6.jpg','{\"filename\":\"product-6.jpg\",\"url\":\"product-files\\/product-6.jpg\",\"mime_type\":\"image\\/jpeg\",\"size\":9730,\"modified\":\"2024-01-07 00:16:14\",\"name\":\"product-6\",\"extension\":\"jpg\"}','2024-01-06 17:16:14','2024-01-06 17:16:14'),(100,134,'product-files/product-54.jpg','{\"filename\":\"product-54.jpg\",\"url\":\"product-files\\/product-54.jpg\",\"mime_type\":\"image\\/jpeg\",\"size\":9730,\"modified\":\"2024-01-07 00:16:14\",\"name\":\"product-54\",\"extension\":\"jpg\"}','2024-01-06 17:16:14','2024-01-06 17:16:14'),(101,134,'product-files/product-46.jpg','{\"filename\":\"product-46.jpg\",\"url\":\"product-files\\/product-46.jpg\",\"mime_type\":\"image\\/jpeg\",\"size\":9730,\"modified\":\"2024-01-07 00:16:14\",\"name\":\"product-46\",\"extension\":\"jpg\"}','2024-01-06 17:16:14','2024-01-06 17:16:14'),(102,134,'product-files/product-8.jpg','{\"filename\":\"product-8.jpg\",\"url\":\"product-files\\/product-8.jpg\",\"mime_type\":\"image\\/jpeg\",\"size\":9730,\"modified\":\"2024-01-07 00:16:14\",\"name\":\"product-8\",\"extension\":\"jpg\"}','2024-01-06 17:16:14','2024-01-06 17:16:14'),(103,134,'product-files/product-71.jpg','{\"filename\":\"product-71.jpg\",\"url\":\"product-files\\/product-71.jpg\",\"mime_type\":\"image\\/jpeg\",\"size\":9730,\"modified\":\"2024-01-07 00:16:14\",\"name\":\"product-71\",\"extension\":\"jpg\"}','2024-01-06 17:16:14','2024-01-06 17:16:14'),(104,134,'product-files/product-34.jpg','{\"filename\":\"product-34.jpg\",\"url\":\"product-files\\/product-34.jpg\",\"mime_type\":\"image\\/jpeg\",\"size\":9730,\"modified\":\"2024-01-07 00:16:14\",\"name\":\"product-34\",\"extension\":\"jpg\"}','2024-01-06 17:16:14','2024-01-06 17:16:14'),(105,140,'product-files/product-60.jpg','{\"filename\":\"product-60.jpg\",\"url\":\"product-files\\/product-60.jpg\",\"mime_type\":\"image\\/jpeg\",\"size\":9730,\"modified\":\"2024-01-07 00:16:14\",\"name\":\"product-60\",\"extension\":\"jpg\"}','2024-01-06 17:16:14','2024-01-06 17:16:14'),(106,140,'product-files/product-75.jpg','{\"filename\":\"product-75.jpg\",\"url\":\"product-files\\/product-75.jpg\",\"mime_type\":\"image\\/jpeg\",\"size\":9730,\"modified\":\"2024-01-07 00:16:14\",\"name\":\"product-75\",\"extension\":\"jpg\"}','2024-01-06 17:16:14','2024-01-06 17:16:14'),(107,140,'product-files/product-17.jpg','{\"filename\":\"product-17.jpg\",\"url\":\"product-files\\/product-17.jpg\",\"mime_type\":\"image\\/jpeg\",\"size\":9730,\"modified\":\"2024-01-07 00:16:14\",\"name\":\"product-17\",\"extension\":\"jpg\"}','2024-01-06 17:16:14','2024-01-06 17:16:14'),(108,140,'product-files/product-59.jpg','{\"filename\":\"product-59.jpg\",\"url\":\"product-files\\/product-59.jpg\",\"mime_type\":\"image\\/jpeg\",\"size\":9730,\"modified\":\"2024-01-07 00:16:14\",\"name\":\"product-59\",\"extension\":\"jpg\"}','2024-01-06 17:16:14','2024-01-06 17:16:14'),(109,140,'product-files/product-6.jpg','{\"filename\":\"product-6.jpg\",\"url\":\"product-files\\/product-6.jpg\",\"mime_type\":\"image\\/jpeg\",\"size\":9730,\"modified\":\"2024-01-07 00:16:14\",\"name\":\"product-6\",\"extension\":\"jpg\"}','2024-01-06 17:16:14','2024-01-06 17:16:14'),(110,140,'product-files/product-22.jpg','{\"filename\":\"product-22.jpg\",\"url\":\"product-files\\/product-22.jpg\",\"mime_type\":\"image\\/jpeg\",\"size\":9730,\"modified\":\"2024-01-07 00:16:14\",\"name\":\"product-22\",\"extension\":\"jpg\"}','2024-01-06 17:16:14','2024-01-06 17:16:14'),(111,140,'product-files/product-39.jpg','{\"filename\":\"product-39.jpg\",\"url\":\"product-files\\/product-39.jpg\",\"mime_type\":\"image\\/jpeg\",\"size\":9730,\"modified\":\"2024-01-07 00:16:14\",\"name\":\"product-39\",\"extension\":\"jpg\"}','2024-01-06 17:16:14','2024-01-06 17:16:14'),(112,140,'product-files/product-36.jpg','{\"filename\":\"product-36.jpg\",\"url\":\"product-files\\/product-36.jpg\",\"mime_type\":\"image\\/jpeg\",\"size\":9730,\"modified\":\"2024-01-07 00:16:14\",\"name\":\"product-36\",\"extension\":\"jpg\"}','2024-01-06 17:16:14','2024-01-06 17:16:14'),(113,140,'product-files/product-69.jpg','{\"filename\":\"product-69.jpg\",\"url\":\"product-files\\/product-69.jpg\",\"mime_type\":\"image\\/jpeg\",\"size\":9730,\"modified\":\"2024-01-07 00:16:14\",\"name\":\"product-69\",\"extension\":\"jpg\"}','2024-01-06 17:16:14','2024-01-06 17:16:14'),(114,140,'product-files/product-13.jpg','{\"filename\":\"product-13.jpg\",\"url\":\"product-files\\/product-13.jpg\",\"mime_type\":\"image\\/jpeg\",\"size\":9730,\"modified\":\"2024-01-07 00:16:14\",\"name\":\"product-13\",\"extension\":\"jpg\"}','2024-01-06 17:16:14','2024-01-06 17:16:14'),(115,141,'product-files/product-60.jpg','{\"filename\":\"product-60.jpg\",\"url\":\"product-files\\/product-60.jpg\",\"mime_type\":\"image\\/jpeg\",\"size\":9730,\"modified\":\"2024-01-07 00:16:14\",\"name\":\"product-60\",\"extension\":\"jpg\"}','2024-01-06 17:16:14','2024-01-06 17:16:14'),(116,141,'product-files/product-75.jpg','{\"filename\":\"product-75.jpg\",\"url\":\"product-files\\/product-75.jpg\",\"mime_type\":\"image\\/jpeg\",\"size\":9730,\"modified\":\"2024-01-07 00:16:14\",\"name\":\"product-75\",\"extension\":\"jpg\"}','2024-01-06 17:16:14','2024-01-06 17:16:14'),(117,141,'product-files/product-17.jpg','{\"filename\":\"product-17.jpg\",\"url\":\"product-files\\/product-17.jpg\",\"mime_type\":\"image\\/jpeg\",\"size\":9730,\"modified\":\"2024-01-07 00:16:14\",\"name\":\"product-17\",\"extension\":\"jpg\"}','2024-01-06 17:16:14','2024-01-06 17:16:14'),(118,141,'product-files/product-59.jpg','{\"filename\":\"product-59.jpg\",\"url\":\"product-files\\/product-59.jpg\",\"mime_type\":\"image\\/jpeg\",\"size\":9730,\"modified\":\"2024-01-07 00:16:14\",\"name\":\"product-59\",\"extension\":\"jpg\"}','2024-01-06 17:16:14','2024-01-06 17:16:14'),(119,141,'product-files/product-6.jpg','{\"filename\":\"product-6.jpg\",\"url\":\"product-files\\/product-6.jpg\",\"mime_type\":\"image\\/jpeg\",\"size\":9730,\"modified\":\"2024-01-07 00:16:14\",\"name\":\"product-6\",\"extension\":\"jpg\"}','2024-01-06 17:16:14','2024-01-06 17:16:14'),(120,141,'product-files/product-22.jpg','{\"filename\":\"product-22.jpg\",\"url\":\"product-files\\/product-22.jpg\",\"mime_type\":\"image\\/jpeg\",\"size\":9730,\"modified\":\"2024-01-07 00:16:14\",\"name\":\"product-22\",\"extension\":\"jpg\"}','2024-01-06 17:16:14','2024-01-06 17:16:14'),(121,141,'product-files/product-39.jpg','{\"filename\":\"product-39.jpg\",\"url\":\"product-files\\/product-39.jpg\",\"mime_type\":\"image\\/jpeg\",\"size\":9730,\"modified\":\"2024-01-07 00:16:14\",\"name\":\"product-39\",\"extension\":\"jpg\"}','2024-01-06 17:16:14','2024-01-06 17:16:14'),(122,141,'product-files/product-36.jpg','{\"filename\":\"product-36.jpg\",\"url\":\"product-files\\/product-36.jpg\",\"mime_type\":\"image\\/jpeg\",\"size\":9730,\"modified\":\"2024-01-07 00:16:14\",\"name\":\"product-36\",\"extension\":\"jpg\"}','2024-01-06 17:16:14','2024-01-06 17:16:14'),(123,141,'product-files/product-69.jpg','{\"filename\":\"product-69.jpg\",\"url\":\"product-files\\/product-69.jpg\",\"mime_type\":\"image\\/jpeg\",\"size\":9730,\"modified\":\"2024-01-07 00:16:14\",\"name\":\"product-69\",\"extension\":\"jpg\"}','2024-01-06 17:16:14','2024-01-06 17:16:14'),(124,141,'product-files/product-13.jpg','{\"filename\":\"product-13.jpg\",\"url\":\"product-files\\/product-13.jpg\",\"mime_type\":\"image\\/jpeg\",\"size\":9730,\"modified\":\"2024-01-07 00:16:14\",\"name\":\"product-13\",\"extension\":\"jpg\"}','2024-01-06 17:16:14','2024-01-06 17:16:14'),(125,149,'product-files/product-31.jpg','{\"filename\":\"product-31.jpg\",\"url\":\"product-files\\/product-31.jpg\",\"mime_type\":\"image\\/jpeg\",\"size\":9730,\"modified\":\"2024-01-07 00:16:14\",\"name\":\"product-31\",\"extension\":\"jpg\"}','2024-01-06 17:16:14','2024-01-06 17:16:14'),(126,149,'product-files/product-83.jpg','{\"filename\":\"product-83.jpg\",\"url\":\"product-files\\/product-83.jpg\",\"mime_type\":\"image\\/jpeg\",\"size\":9730,\"modified\":\"2024-01-07 00:16:14\",\"name\":\"product-83\",\"extension\":\"jpg\"}','2024-01-06 17:16:14','2024-01-06 17:16:14'),(127,149,'product-files/product-60.jpg','{\"filename\":\"product-60.jpg\",\"url\":\"product-files\\/product-60.jpg\",\"mime_type\":\"image\\/jpeg\",\"size\":9730,\"modified\":\"2024-01-07 00:16:14\",\"name\":\"product-60\",\"extension\":\"jpg\"}','2024-01-06 17:16:14','2024-01-06 17:16:14'),(128,149,'product-files/product-30.jpg','{\"filename\":\"product-30.jpg\",\"url\":\"product-files\\/product-30.jpg\",\"mime_type\":\"image\\/jpeg\",\"size\":9730,\"modified\":\"2024-01-07 00:16:14\",\"name\":\"product-30\",\"extension\":\"jpg\"}','2024-01-06 17:16:14','2024-01-06 17:16:14'),(129,149,'product-files/product-14.jpg','{\"filename\":\"product-14.jpg\",\"url\":\"product-files\\/product-14.jpg\",\"mime_type\":\"image\\/jpeg\",\"size\":9730,\"modified\":\"2024-01-07 00:16:14\",\"name\":\"product-14\",\"extension\":\"jpg\"}','2024-01-06 17:16:14','2024-01-06 17:16:14'),(130,149,'product-files/product-47.jpg','{\"filename\":\"product-47.jpg\",\"url\":\"product-files\\/product-47.jpg\",\"mime_type\":\"image\\/jpeg\",\"size\":9730,\"modified\":\"2024-01-07 00:16:14\",\"name\":\"product-47\",\"extension\":\"jpg\"}','2024-01-06 17:16:14','2024-01-06 17:16:14'),(131,149,'product-files/product-72.jpg','{\"filename\":\"product-72.jpg\",\"url\":\"product-files\\/product-72.jpg\",\"mime_type\":\"image\\/jpeg\",\"size\":9730,\"modified\":\"2024-01-07 00:16:14\",\"name\":\"product-72\",\"extension\":\"jpg\"}','2024-01-06 17:16:14','2024-01-06 17:16:14'),(132,149,'product-files/product-94.jpg','{\"filename\":\"product-94.jpg\",\"url\":\"product-files\\/product-94.jpg\",\"mime_type\":\"image\\/jpeg\",\"size\":9730,\"modified\":\"2024-01-07 00:16:14\",\"name\":\"product-94\",\"extension\":\"jpg\"}','2024-01-06 17:16:14','2024-01-06 17:16:14'),(133,149,'product-files/product-44.jpg','{\"filename\":\"product-44.jpg\",\"url\":\"product-files\\/product-44.jpg\",\"mime_type\":\"image\\/jpeg\",\"size\":9730,\"modified\":\"2024-01-07 00:16:14\",\"name\":\"product-44\",\"extension\":\"jpg\"}','2024-01-06 17:16:14','2024-01-06 17:16:14'),(134,149,'product-files/product-50.jpg','{\"filename\":\"product-50.jpg\",\"url\":\"product-files\\/product-50.jpg\",\"mime_type\":\"image\\/jpeg\",\"size\":9730,\"modified\":\"2024-01-07 00:16:14\",\"name\":\"product-50\",\"extension\":\"jpg\"}','2024-01-06 17:16:14','2024-01-06 17:16:14'),(135,149,'product-files/product-46.jpg','{\"filename\":\"product-46.jpg\",\"url\":\"product-files\\/product-46.jpg\",\"mime_type\":\"image\\/jpeg\",\"size\":9730,\"modified\":\"2024-01-07 00:16:14\",\"name\":\"product-46\",\"extension\":\"jpg\"}','2024-01-06 17:16:14','2024-01-06 17:16:14'),(136,149,'product-files/product-37.jpg','{\"filename\":\"product-37.jpg\",\"url\":\"product-files\\/product-37.jpg\",\"mime_type\":\"image\\/jpeg\",\"size\":9730,\"modified\":\"2024-01-07 00:16:14\",\"name\":\"product-37\",\"extension\":\"jpg\"}','2024-01-06 17:16:14','2024-01-06 17:16:14'),(137,157,'product-files/product-87.jpg','{\"filename\":\"product-87.jpg\",\"url\":\"product-files\\/product-87.jpg\",\"mime_type\":\"image\\/jpeg\",\"size\":9730,\"modified\":\"2024-01-07 00:16:15\",\"name\":\"product-87\",\"extension\":\"jpg\"}','2024-01-06 17:16:15','2024-01-06 17:16:15'),(138,157,'product-files/product-49.jpg','{\"filename\":\"product-49.jpg\",\"url\":\"product-files\\/product-49.jpg\",\"mime_type\":\"image\\/jpeg\",\"size\":9730,\"modified\":\"2024-01-07 00:16:15\",\"name\":\"product-49\",\"extension\":\"jpg\"}','2024-01-06 17:16:15','2024-01-06 17:16:15'),(139,157,'product-files/product-93.jpg','{\"filename\":\"product-93.jpg\",\"url\":\"product-files\\/product-93.jpg\",\"mime_type\":\"image\\/jpeg\",\"size\":9730,\"modified\":\"2024-01-07 00:16:15\",\"name\":\"product-93\",\"extension\":\"jpg\"}','2024-01-06 17:16:15','2024-01-06 17:16:15'),(140,157,'product-files/product-21.jpg','{\"filename\":\"product-21.jpg\",\"url\":\"product-files\\/product-21.jpg\",\"mime_type\":\"image\\/jpeg\",\"size\":9730,\"modified\":\"2024-01-07 00:16:15\",\"name\":\"product-21\",\"extension\":\"jpg\"}','2024-01-06 17:16:15','2024-01-06 17:16:15'),(141,157,'product-files/product-71.jpg','{\"filename\":\"product-71.jpg\",\"url\":\"product-files\\/product-71.jpg\",\"mime_type\":\"image\\/jpeg\",\"size\":9730,\"modified\":\"2024-01-07 00:16:15\",\"name\":\"product-71\",\"extension\":\"jpg\"}','2024-01-06 17:16:15','2024-01-06 17:16:15'),(142,157,'product-files/product-54.jpg','{\"filename\":\"product-54.jpg\",\"url\":\"product-files\\/product-54.jpg\",\"mime_type\":\"image\\/jpeg\",\"size\":9730,\"modified\":\"2024-01-07 00:16:15\",\"name\":\"product-54\",\"extension\":\"jpg\"}','2024-01-06 17:16:15','2024-01-06 17:16:15'),(143,157,'product-files/product-79.jpg','{\"filename\":\"product-79.jpg\",\"url\":\"product-files\\/product-79.jpg\",\"mime_type\":\"image\\/jpeg\",\"size\":9730,\"modified\":\"2024-01-07 00:16:15\",\"name\":\"product-79\",\"extension\":\"jpg\"}','2024-01-06 17:16:15','2024-01-06 17:16:15'),(144,158,'product-files/product-87.jpg','{\"filename\":\"product-87.jpg\",\"url\":\"product-files\\/product-87.jpg\",\"mime_type\":\"image\\/jpeg\",\"size\":9730,\"modified\":\"2024-01-07 00:16:15\",\"name\":\"product-87\",\"extension\":\"jpg\"}','2024-01-06 17:16:15','2024-01-06 17:16:15'),(145,158,'product-files/product-49.jpg','{\"filename\":\"product-49.jpg\",\"url\":\"product-files\\/product-49.jpg\",\"mime_type\":\"image\\/jpeg\",\"size\":9730,\"modified\":\"2024-01-07 00:16:15\",\"name\":\"product-49\",\"extension\":\"jpg\"}','2024-01-06 17:16:15','2024-01-06 17:16:15'),(146,158,'product-files/product-93.jpg','{\"filename\":\"product-93.jpg\",\"url\":\"product-files\\/product-93.jpg\",\"mime_type\":\"image\\/jpeg\",\"size\":9730,\"modified\":\"2024-01-07 00:16:15\",\"name\":\"product-93\",\"extension\":\"jpg\"}','2024-01-06 17:16:15','2024-01-06 17:16:15'),(147,158,'product-files/product-21.jpg','{\"filename\":\"product-21.jpg\",\"url\":\"product-files\\/product-21.jpg\",\"mime_type\":\"image\\/jpeg\",\"size\":9730,\"modified\":\"2024-01-07 00:16:15\",\"name\":\"product-21\",\"extension\":\"jpg\"}','2024-01-06 17:16:15','2024-01-06 17:16:15'),(148,158,'product-files/product-71.jpg','{\"filename\":\"product-71.jpg\",\"url\":\"product-files\\/product-71.jpg\",\"mime_type\":\"image\\/jpeg\",\"size\":9730,\"modified\":\"2024-01-07 00:16:15\",\"name\":\"product-71\",\"extension\":\"jpg\"}','2024-01-06 17:16:15','2024-01-06 17:16:15'),(149,158,'product-files/product-54.jpg','{\"filename\":\"product-54.jpg\",\"url\":\"product-files\\/product-54.jpg\",\"mime_type\":\"image\\/jpeg\",\"size\":9730,\"modified\":\"2024-01-07 00:16:15\",\"name\":\"product-54\",\"extension\":\"jpg\"}','2024-01-06 17:16:15','2024-01-06 17:16:15'),(150,158,'product-files/product-79.jpg','{\"filename\":\"product-79.jpg\",\"url\":\"product-files\\/product-79.jpg\",\"mime_type\":\"image\\/jpeg\",\"size\":9730,\"modified\":\"2024-01-07 00:16:15\",\"name\":\"product-79\",\"extension\":\"jpg\"}','2024-01-06 17:16:15','2024-01-06 17:16:15'),(151,159,'product-files/product-87.jpg','{\"filename\":\"product-87.jpg\",\"url\":\"product-files\\/product-87.jpg\",\"mime_type\":\"image\\/jpeg\",\"size\":9730,\"modified\":\"2024-01-07 00:16:15\",\"name\":\"product-87\",\"extension\":\"jpg\"}','2024-01-06 17:16:15','2024-01-06 17:16:15'),(152,159,'product-files/product-49.jpg','{\"filename\":\"product-49.jpg\",\"url\":\"product-files\\/product-49.jpg\",\"mime_type\":\"image\\/jpeg\",\"size\":9730,\"modified\":\"2024-01-07 00:16:15\",\"name\":\"product-49\",\"extension\":\"jpg\"}','2024-01-06 17:16:15','2024-01-06 17:16:15'),(153,159,'product-files/product-93.jpg','{\"filename\":\"product-93.jpg\",\"url\":\"product-files\\/product-93.jpg\",\"mime_type\":\"image\\/jpeg\",\"size\":9730,\"modified\":\"2024-01-07 00:16:15\",\"name\":\"product-93\",\"extension\":\"jpg\"}','2024-01-06 17:16:15','2024-01-06 17:16:15'),(154,159,'product-files/product-21.jpg','{\"filename\":\"product-21.jpg\",\"url\":\"product-files\\/product-21.jpg\",\"mime_type\":\"image\\/jpeg\",\"size\":9730,\"modified\":\"2024-01-07 00:16:15\",\"name\":\"product-21\",\"extension\":\"jpg\"}','2024-01-06 17:16:15','2024-01-06 17:16:15'),(155,159,'product-files/product-71.jpg','{\"filename\":\"product-71.jpg\",\"url\":\"product-files\\/product-71.jpg\",\"mime_type\":\"image\\/jpeg\",\"size\":9730,\"modified\":\"2024-01-07 00:16:15\",\"name\":\"product-71\",\"extension\":\"jpg\"}','2024-01-06 17:16:15','2024-01-06 17:16:15'),(156,159,'product-files/product-54.jpg','{\"filename\":\"product-54.jpg\",\"url\":\"product-files\\/product-54.jpg\",\"mime_type\":\"image\\/jpeg\",\"size\":9730,\"modified\":\"2024-01-07 00:16:15\",\"name\":\"product-54\",\"extension\":\"jpg\"}','2024-01-06 17:16:15','2024-01-06 17:16:15'),(157,159,'product-files/product-79.jpg','{\"filename\":\"product-79.jpg\",\"url\":\"product-files\\/product-79.jpg\",\"mime_type\":\"image\\/jpeg\",\"size\":9730,\"modified\":\"2024-01-07 00:16:15\",\"name\":\"product-79\",\"extension\":\"jpg\"}','2024-01-06 17:16:15','2024-01-06 17:16:15'),(158,160,'product-files/product-87.jpg','{\"filename\":\"product-87.jpg\",\"url\":\"product-files\\/product-87.jpg\",\"mime_type\":\"image\\/jpeg\",\"size\":9730,\"modified\":\"2024-01-07 00:16:15\",\"name\":\"product-87\",\"extension\":\"jpg\"}','2024-01-06 17:16:15','2024-01-06 17:16:15'),(159,160,'product-files/product-49.jpg','{\"filename\":\"product-49.jpg\",\"url\":\"product-files\\/product-49.jpg\",\"mime_type\":\"image\\/jpeg\",\"size\":9730,\"modified\":\"2024-01-07 00:16:15\",\"name\":\"product-49\",\"extension\":\"jpg\"}','2024-01-06 17:16:15','2024-01-06 17:16:15'),(160,160,'product-files/product-93.jpg','{\"filename\":\"product-93.jpg\",\"url\":\"product-files\\/product-93.jpg\",\"mime_type\":\"image\\/jpeg\",\"size\":9730,\"modified\":\"2024-01-07 00:16:15\",\"name\":\"product-93\",\"extension\":\"jpg\"}','2024-01-06 17:16:15','2024-01-06 17:16:15'),(161,160,'product-files/product-21.jpg','{\"filename\":\"product-21.jpg\",\"url\":\"product-files\\/product-21.jpg\",\"mime_type\":\"image\\/jpeg\",\"size\":9730,\"modified\":\"2024-01-07 00:16:15\",\"name\":\"product-21\",\"extension\":\"jpg\"}','2024-01-06 17:16:15','2024-01-06 17:16:15'),(162,160,'product-files/product-71.jpg','{\"filename\":\"product-71.jpg\",\"url\":\"product-files\\/product-71.jpg\",\"mime_type\":\"image\\/jpeg\",\"size\":9730,\"modified\":\"2024-01-07 00:16:15\",\"name\":\"product-71\",\"extension\":\"jpg\"}','2024-01-06 17:16:15','2024-01-06 17:16:15'),(163,160,'product-files/product-54.jpg','{\"filename\":\"product-54.jpg\",\"url\":\"product-files\\/product-54.jpg\",\"mime_type\":\"image\\/jpeg\",\"size\":9730,\"modified\":\"2024-01-07 00:16:15\",\"name\":\"product-54\",\"extension\":\"jpg\"}','2024-01-06 17:16:15','2024-01-06 17:16:15'),(164,160,'product-files/product-79.jpg','{\"filename\":\"product-79.jpg\",\"url\":\"product-files\\/product-79.jpg\",\"mime_type\":\"image\\/jpeg\",\"size\":9730,\"modified\":\"2024-01-07 00:16:15\",\"name\":\"product-79\",\"extension\":\"jpg\"}','2024-01-06 17:16:15','2024-01-06 17:16:15'),(165,169,'product-files/product-60.jpg','{\"filename\":\"product-60.jpg\",\"url\":\"product-files\\/product-60.jpg\",\"mime_type\":\"image\\/jpeg\",\"size\":9730,\"modified\":\"2024-01-07 00:16:15\",\"name\":\"product-60\",\"extension\":\"jpg\"}','2024-01-06 17:16:15','2024-01-06 17:16:15'),(166,169,'product-files/product-35.jpg','{\"filename\":\"product-35.jpg\",\"url\":\"product-files\\/product-35.jpg\",\"mime_type\":\"image\\/jpeg\",\"size\":9730,\"modified\":\"2024-01-07 00:16:15\",\"name\":\"product-35\",\"extension\":\"jpg\"}','2024-01-06 17:16:15','2024-01-06 17:16:15'),(167,169,'product-files/product-24.jpg','{\"filename\":\"product-24.jpg\",\"url\":\"product-files\\/product-24.jpg\",\"mime_type\":\"image\\/jpeg\",\"size\":9730,\"modified\":\"2024-01-07 00:16:15\",\"name\":\"product-24\",\"extension\":\"jpg\"}','2024-01-06 17:16:15','2024-01-06 17:16:15'),(168,169,'product-files/product-32.jpg','{\"filename\":\"product-32.jpg\",\"url\":\"product-files\\/product-32.jpg\",\"mime_type\":\"image\\/jpeg\",\"size\":9730,\"modified\":\"2024-01-07 00:16:15\",\"name\":\"product-32\",\"extension\":\"jpg\"}','2024-01-06 17:16:15','2024-01-06 17:16:15'),(169,169,'product-files/product-59.jpg','{\"filename\":\"product-59.jpg\",\"url\":\"product-files\\/product-59.jpg\",\"mime_type\":\"image\\/jpeg\",\"size\":9730,\"modified\":\"2024-01-07 00:16:15\",\"name\":\"product-59\",\"extension\":\"jpg\"}','2024-01-06 17:16:15','2024-01-06 17:16:15'),(170,169,'product-files/product-10.jpg','{\"filename\":\"product-10.jpg\",\"url\":\"product-files\\/product-10.jpg\",\"mime_type\":\"image\\/jpeg\",\"size\":9730,\"modified\":\"2024-01-07 00:16:15\",\"name\":\"product-10\",\"extension\":\"jpg\"}','2024-01-06 17:16:15','2024-01-06 17:16:15'),(171,169,'product-files/product-50.jpg','{\"filename\":\"product-50.jpg\",\"url\":\"product-files\\/product-50.jpg\",\"mime_type\":\"image\\/jpeg\",\"size\":9730,\"modified\":\"2024-01-07 00:16:15\",\"name\":\"product-50\",\"extension\":\"jpg\"}','2024-01-06 17:16:15','2024-01-06 17:16:15'),(172,169,'product-files/product-91.jpg','{\"filename\":\"product-91.jpg\",\"url\":\"product-files\\/product-91.jpg\",\"mime_type\":\"image\\/jpeg\",\"size\":9730,\"modified\":\"2024-01-07 00:16:15\",\"name\":\"product-91\",\"extension\":\"jpg\"}','2024-01-06 17:16:15','2024-01-06 17:16:15'),(173,169,'product-files/product-94.jpg','{\"filename\":\"product-94.jpg\",\"url\":\"product-files\\/product-94.jpg\",\"mime_type\":\"image\\/jpeg\",\"size\":9730,\"modified\":\"2024-01-07 00:16:15\",\"name\":\"product-94\",\"extension\":\"jpg\"}','2024-01-06 17:16:15','2024-01-06 17:16:15'),(174,169,'product-files/product-5.jpg','{\"filename\":\"product-5.jpg\",\"url\":\"product-files\\/product-5.jpg\",\"mime_type\":\"image\\/jpeg\",\"size\":9730,\"modified\":\"2024-01-07 00:16:15\",\"name\":\"product-5\",\"extension\":\"jpg\"}','2024-01-06 17:16:15','2024-01-06 17:16:15'),(175,170,'product-files/product-60.jpg','{\"filename\":\"product-60.jpg\",\"url\":\"product-files\\/product-60.jpg\",\"mime_type\":\"image\\/jpeg\",\"size\":9730,\"modified\":\"2024-01-07 00:16:15\",\"name\":\"product-60\",\"extension\":\"jpg\"}','2024-01-06 17:16:15','2024-01-06 17:16:15'),(176,170,'product-files/product-35.jpg','{\"filename\":\"product-35.jpg\",\"url\":\"product-files\\/product-35.jpg\",\"mime_type\":\"image\\/jpeg\",\"size\":9730,\"modified\":\"2024-01-07 00:16:15\",\"name\":\"product-35\",\"extension\":\"jpg\"}','2024-01-06 17:16:15','2024-01-06 17:16:15'),(177,170,'product-files/product-24.jpg','{\"filename\":\"product-24.jpg\",\"url\":\"product-files\\/product-24.jpg\",\"mime_type\":\"image\\/jpeg\",\"size\":9730,\"modified\":\"2024-01-07 00:16:15\",\"name\":\"product-24\",\"extension\":\"jpg\"}','2024-01-06 17:16:15','2024-01-06 17:16:15'),(178,170,'product-files/product-32.jpg','{\"filename\":\"product-32.jpg\",\"url\":\"product-files\\/product-32.jpg\",\"mime_type\":\"image\\/jpeg\",\"size\":9730,\"modified\":\"2024-01-07 00:16:15\",\"name\":\"product-32\",\"extension\":\"jpg\"}','2024-01-06 17:16:15','2024-01-06 17:16:15'),(179,170,'product-files/product-59.jpg','{\"filename\":\"product-59.jpg\",\"url\":\"product-files\\/product-59.jpg\",\"mime_type\":\"image\\/jpeg\",\"size\":9730,\"modified\":\"2024-01-07 00:16:15\",\"name\":\"product-59\",\"extension\":\"jpg\"}','2024-01-06 17:16:15','2024-01-06 17:16:15'),(180,170,'product-files/product-10.jpg','{\"filename\":\"product-10.jpg\",\"url\":\"product-files\\/product-10.jpg\",\"mime_type\":\"image\\/jpeg\",\"size\":9730,\"modified\":\"2024-01-07 00:16:15\",\"name\":\"product-10\",\"extension\":\"jpg\"}','2024-01-06 17:16:15','2024-01-06 17:16:15'),(181,170,'product-files/product-50.jpg','{\"filename\":\"product-50.jpg\",\"url\":\"product-files\\/product-50.jpg\",\"mime_type\":\"image\\/jpeg\",\"size\":9730,\"modified\":\"2024-01-07 00:16:15\",\"name\":\"product-50\",\"extension\":\"jpg\"}','2024-01-06 17:16:15','2024-01-06 17:16:15'),(182,170,'product-files/product-91.jpg','{\"filename\":\"product-91.jpg\",\"url\":\"product-files\\/product-91.jpg\",\"mime_type\":\"image\\/jpeg\",\"size\":9730,\"modified\":\"2024-01-07 00:16:15\",\"name\":\"product-91\",\"extension\":\"jpg\"}','2024-01-06 17:16:15','2024-01-06 17:16:15'),(183,170,'product-files/product-94.jpg','{\"filename\":\"product-94.jpg\",\"url\":\"product-files\\/product-94.jpg\",\"mime_type\":\"image\\/jpeg\",\"size\":9730,\"modified\":\"2024-01-07 00:16:15\",\"name\":\"product-94\",\"extension\":\"jpg\"}','2024-01-06 17:16:15','2024-01-06 17:16:15'),(184,170,'product-files/product-5.jpg','{\"filename\":\"product-5.jpg\",\"url\":\"product-files\\/product-5.jpg\",\"mime_type\":\"image\\/jpeg\",\"size\":9730,\"modified\":\"2024-01-07 00:16:15\",\"name\":\"product-5\",\"extension\":\"jpg\"}','2024-01-06 17:16:15','2024-01-06 17:16:15'),(185,171,'product-files/product-60.jpg','{\"filename\":\"product-60.jpg\",\"url\":\"product-files\\/product-60.jpg\",\"mime_type\":\"image\\/jpeg\",\"size\":9730,\"modified\":\"2024-01-07 00:16:15\",\"name\":\"product-60\",\"extension\":\"jpg\"}','2024-01-06 17:16:15','2024-01-06 17:16:15'),(186,171,'product-files/product-35.jpg','{\"filename\":\"product-35.jpg\",\"url\":\"product-files\\/product-35.jpg\",\"mime_type\":\"image\\/jpeg\",\"size\":9730,\"modified\":\"2024-01-07 00:16:15\",\"name\":\"product-35\",\"extension\":\"jpg\"}','2024-01-06 17:16:15','2024-01-06 17:16:15'),(187,171,'product-files/product-24.jpg','{\"filename\":\"product-24.jpg\",\"url\":\"product-files\\/product-24.jpg\",\"mime_type\":\"image\\/jpeg\",\"size\":9730,\"modified\":\"2024-01-07 00:16:15\",\"name\":\"product-24\",\"extension\":\"jpg\"}','2024-01-06 17:16:15','2024-01-06 17:16:15'),(188,171,'product-files/product-32.jpg','{\"filename\":\"product-32.jpg\",\"url\":\"product-files\\/product-32.jpg\",\"mime_type\":\"image\\/jpeg\",\"size\":9730,\"modified\":\"2024-01-07 00:16:15\",\"name\":\"product-32\",\"extension\":\"jpg\"}','2024-01-06 17:16:15','2024-01-06 17:16:15'),(189,171,'product-files/product-59.jpg','{\"filename\":\"product-59.jpg\",\"url\":\"product-files\\/product-59.jpg\",\"mime_type\":\"image\\/jpeg\",\"size\":9730,\"modified\":\"2024-01-07 00:16:15\",\"name\":\"product-59\",\"extension\":\"jpg\"}','2024-01-06 17:16:15','2024-01-06 17:16:15'),(190,171,'product-files/product-10.jpg','{\"filename\":\"product-10.jpg\",\"url\":\"product-files\\/product-10.jpg\",\"mime_type\":\"image\\/jpeg\",\"size\":9730,\"modified\":\"2024-01-07 00:16:15\",\"name\":\"product-10\",\"extension\":\"jpg\"}','2024-01-06 17:16:15','2024-01-06 17:16:15'),(191,171,'product-files/product-50.jpg','{\"filename\":\"product-50.jpg\",\"url\":\"product-files\\/product-50.jpg\",\"mime_type\":\"image\\/jpeg\",\"size\":9730,\"modified\":\"2024-01-07 00:16:15\",\"name\":\"product-50\",\"extension\":\"jpg\"}','2024-01-06 17:16:15','2024-01-06 17:16:15'),(192,171,'product-files/product-91.jpg','{\"filename\":\"product-91.jpg\",\"url\":\"product-files\\/product-91.jpg\",\"mime_type\":\"image\\/jpeg\",\"size\":9730,\"modified\":\"2024-01-07 00:16:15\",\"name\":\"product-91\",\"extension\":\"jpg\"}','2024-01-06 17:16:15','2024-01-06 17:16:15'),(193,171,'product-files/product-94.jpg','{\"filename\":\"product-94.jpg\",\"url\":\"product-files\\/product-94.jpg\",\"mime_type\":\"image\\/jpeg\",\"size\":9730,\"modified\":\"2024-01-07 00:16:15\",\"name\":\"product-94\",\"extension\":\"jpg\"}','2024-01-06 17:16:15','2024-01-06 17:16:15'),(194,171,'product-files/product-5.jpg','{\"filename\":\"product-5.jpg\",\"url\":\"product-files\\/product-5.jpg\",\"mime_type\":\"image\\/jpeg\",\"size\":9730,\"modified\":\"2024-01-07 00:16:15\",\"name\":\"product-5\",\"extension\":\"jpg\"}','2024-01-06 17:16:15','2024-01-06 17:16:15'),(195,172,'product-files/product-60.jpg','{\"filename\":\"product-60.jpg\",\"url\":\"product-files\\/product-60.jpg\",\"mime_type\":\"image\\/jpeg\",\"size\":9730,\"modified\":\"2024-01-07 00:16:15\",\"name\":\"product-60\",\"extension\":\"jpg\"}','2024-01-06 17:16:15','2024-01-06 17:16:15'),(196,172,'product-files/product-35.jpg','{\"filename\":\"product-35.jpg\",\"url\":\"product-files\\/product-35.jpg\",\"mime_type\":\"image\\/jpeg\",\"size\":9730,\"modified\":\"2024-01-07 00:16:15\",\"name\":\"product-35\",\"extension\":\"jpg\"}','2024-01-06 17:16:15','2024-01-06 17:16:15'),(197,172,'product-files/product-24.jpg','{\"filename\":\"product-24.jpg\",\"url\":\"product-files\\/product-24.jpg\",\"mime_type\":\"image\\/jpeg\",\"size\":9730,\"modified\":\"2024-01-07 00:16:15\",\"name\":\"product-24\",\"extension\":\"jpg\"}','2024-01-06 17:16:15','2024-01-06 17:16:15'),(198,172,'product-files/product-32.jpg','{\"filename\":\"product-32.jpg\",\"url\":\"product-files\\/product-32.jpg\",\"mime_type\":\"image\\/jpeg\",\"size\":9730,\"modified\":\"2024-01-07 00:16:15\",\"name\":\"product-32\",\"extension\":\"jpg\"}','2024-01-06 17:16:15','2024-01-06 17:16:15'),(199,172,'product-files/product-59.jpg','{\"filename\":\"product-59.jpg\",\"url\":\"product-files\\/product-59.jpg\",\"mime_type\":\"image\\/jpeg\",\"size\":9730,\"modified\":\"2024-01-07 00:16:15\",\"name\":\"product-59\",\"extension\":\"jpg\"}','2024-01-06 17:16:15','2024-01-06 17:16:15'),(200,172,'product-files/product-10.jpg','{\"filename\":\"product-10.jpg\",\"url\":\"product-files\\/product-10.jpg\",\"mime_type\":\"image\\/jpeg\",\"size\":9730,\"modified\":\"2024-01-07 00:16:15\",\"name\":\"product-10\",\"extension\":\"jpg\"}','2024-01-06 17:16:15','2024-01-06 17:16:15'),(201,172,'product-files/product-50.jpg','{\"filename\":\"product-50.jpg\",\"url\":\"product-files\\/product-50.jpg\",\"mime_type\":\"image\\/jpeg\",\"size\":9730,\"modified\":\"2024-01-07 00:16:15\",\"name\":\"product-50\",\"extension\":\"jpg\"}','2024-01-06 17:16:15','2024-01-06 17:16:15'),(202,172,'product-files/product-91.jpg','{\"filename\":\"product-91.jpg\",\"url\":\"product-files\\/product-91.jpg\",\"mime_type\":\"image\\/jpeg\",\"size\":9730,\"modified\":\"2024-01-07 00:16:15\",\"name\":\"product-91\",\"extension\":\"jpg\"}','2024-01-06 17:16:15','2024-01-06 17:16:15'),(203,172,'product-files/product-94.jpg','{\"filename\":\"product-94.jpg\",\"url\":\"product-files\\/product-94.jpg\",\"mime_type\":\"image\\/jpeg\",\"size\":9730,\"modified\":\"2024-01-07 00:16:15\",\"name\":\"product-94\",\"extension\":\"jpg\"}','2024-01-06 17:16:15','2024-01-06 17:16:15'),(204,172,'product-files/product-5.jpg','{\"filename\":\"product-5.jpg\",\"url\":\"product-files\\/product-5.jpg\",\"mime_type\":\"image\\/jpeg\",\"size\":9730,\"modified\":\"2024-01-07 00:16:15\",\"name\":\"product-5\",\"extension\":\"jpg\"}','2024-01-06 17:16:15','2024-01-06 17:16:15'),(205,179,'product-files/product-32.jpg','{\"filename\":\"product-32.jpg\",\"url\":\"product-files\\/product-32.jpg\",\"mime_type\":\"image\\/jpeg\",\"size\":9730,\"modified\":\"2024-01-07 00:16:15\",\"name\":\"product-32\",\"extension\":\"jpg\"}','2024-01-06 17:16:15','2024-01-06 17:16:15'),(206,179,'product-files/product-53.jpg','{\"filename\":\"product-53.jpg\",\"url\":\"product-files\\/product-53.jpg\",\"mime_type\":\"image\\/jpeg\",\"size\":9730,\"modified\":\"2024-01-07 00:16:15\",\"name\":\"product-53\",\"extension\":\"jpg\"}','2024-01-06 17:16:15','2024-01-06 17:16:15'),(207,179,'product-files/product-9.jpg','{\"filename\":\"product-9.jpg\",\"url\":\"product-files\\/product-9.jpg\",\"mime_type\":\"image\\/jpeg\",\"size\":9730,\"modified\":\"2024-01-07 00:16:15\",\"name\":\"product-9\",\"extension\":\"jpg\"}','2024-01-06 17:16:15','2024-01-06 17:16:15'),(208,179,'product-files/product-31.jpg','{\"filename\":\"product-31.jpg\",\"url\":\"product-files\\/product-31.jpg\",\"mime_type\":\"image\\/jpeg\",\"size\":9730,\"modified\":\"2024-01-07 00:16:15\",\"name\":\"product-31\",\"extension\":\"jpg\"}','2024-01-06 17:16:15','2024-01-06 17:16:15'),(209,179,'product-files/product-15.jpg','{\"filename\":\"product-15.jpg\",\"url\":\"product-files\\/product-15.jpg\",\"mime_type\":\"image\\/jpeg\",\"size\":9730,\"modified\":\"2024-01-07 00:16:15\",\"name\":\"product-15\",\"extension\":\"jpg\"}','2024-01-06 17:16:15','2024-01-06 17:16:15'),(210,179,'product-files/product-2.jpg','{\"filename\":\"product-2.jpg\",\"url\":\"product-files\\/product-2.jpg\",\"mime_type\":\"image\\/jpeg\",\"size\":9730,\"modified\":\"2024-01-07 00:16:15\",\"name\":\"product-2\",\"extension\":\"jpg\"}','2024-01-06 17:16:15','2024-01-06 17:16:15'),(211,179,'product-files/product-71.jpg','{\"filename\":\"product-71.jpg\",\"url\":\"product-files\\/product-71.jpg\",\"mime_type\":\"image\\/jpeg\",\"size\":9730,\"modified\":\"2024-01-07 00:16:15\",\"name\":\"product-71\",\"extension\":\"jpg\"}','2024-01-06 17:16:15','2024-01-06 17:16:15'),(212,179,'product-files/product-70.jpg','{\"filename\":\"product-70.jpg\",\"url\":\"product-files\\/product-70.jpg\",\"mime_type\":\"image\\/jpeg\",\"size\":9730,\"modified\":\"2024-01-07 00:16:15\",\"name\":\"product-70\",\"extension\":\"jpg\"}','2024-01-06 17:16:15','2024-01-06 17:16:15'),(213,179,'product-files/product-39.jpg','{\"filename\":\"product-39.jpg\",\"url\":\"product-files\\/product-39.jpg\",\"mime_type\":\"image\\/jpeg\",\"size\":9730,\"modified\":\"2024-01-07 00:16:15\",\"name\":\"product-39\",\"extension\":\"jpg\"}','2024-01-06 17:16:15','2024-01-06 17:16:15'),(214,180,'product-files/product-32.jpg','{\"filename\":\"product-32.jpg\",\"url\":\"product-files\\/product-32.jpg\",\"mime_type\":\"image\\/jpeg\",\"size\":9730,\"modified\":\"2024-01-07 00:16:15\",\"name\":\"product-32\",\"extension\":\"jpg\"}','2024-01-06 17:16:15','2024-01-06 17:16:15'),(215,180,'product-files/product-53.jpg','{\"filename\":\"product-53.jpg\",\"url\":\"product-files\\/product-53.jpg\",\"mime_type\":\"image\\/jpeg\",\"size\":9730,\"modified\":\"2024-01-07 00:16:15\",\"name\":\"product-53\",\"extension\":\"jpg\"}','2024-01-06 17:16:15','2024-01-06 17:16:15'),(216,180,'product-files/product-9.jpg','{\"filename\":\"product-9.jpg\",\"url\":\"product-files\\/product-9.jpg\",\"mime_type\":\"image\\/jpeg\",\"size\":9730,\"modified\":\"2024-01-07 00:16:15\",\"name\":\"product-9\",\"extension\":\"jpg\"}','2024-01-06 17:16:15','2024-01-06 17:16:15'),(217,180,'product-files/product-31.jpg','{\"filename\":\"product-31.jpg\",\"url\":\"product-files\\/product-31.jpg\",\"mime_type\":\"image\\/jpeg\",\"size\":9730,\"modified\":\"2024-01-07 00:16:15\",\"name\":\"product-31\",\"extension\":\"jpg\"}','2024-01-06 17:16:15','2024-01-06 17:16:15'),(218,180,'product-files/product-15.jpg','{\"filename\":\"product-15.jpg\",\"url\":\"product-files\\/product-15.jpg\",\"mime_type\":\"image\\/jpeg\",\"size\":9730,\"modified\":\"2024-01-07 00:16:15\",\"name\":\"product-15\",\"extension\":\"jpg\"}','2024-01-06 17:16:15','2024-01-06 17:16:15'),(219,180,'product-files/product-2.jpg','{\"filename\":\"product-2.jpg\",\"url\":\"product-files\\/product-2.jpg\",\"mime_type\":\"image\\/jpeg\",\"size\":9730,\"modified\":\"2024-01-07 00:16:15\",\"name\":\"product-2\",\"extension\":\"jpg\"}','2024-01-06 17:16:15','2024-01-06 17:16:15'),(220,180,'product-files/product-71.jpg','{\"filename\":\"product-71.jpg\",\"url\":\"product-files\\/product-71.jpg\",\"mime_type\":\"image\\/jpeg\",\"size\":9730,\"modified\":\"2024-01-07 00:16:15\",\"name\":\"product-71\",\"extension\":\"jpg\"}','2024-01-06 17:16:15','2024-01-06 17:16:15'),(221,180,'product-files/product-70.jpg','{\"filename\":\"product-70.jpg\",\"url\":\"product-files\\/product-70.jpg\",\"mime_type\":\"image\\/jpeg\",\"size\":9730,\"modified\":\"2024-01-07 00:16:15\",\"name\":\"product-70\",\"extension\":\"jpg\"}','2024-01-06 17:16:15','2024-01-06 17:16:15'),(222,180,'product-files/product-39.jpg','{\"filename\":\"product-39.jpg\",\"url\":\"product-files\\/product-39.jpg\",\"mime_type\":\"image\\/jpeg\",\"size\":9730,\"modified\":\"2024-01-07 00:16:15\",\"name\":\"product-39\",\"extension\":\"jpg\"}','2024-01-06 17:16:15','2024-01-06 17:16:15'),(223,181,'product-files/product-32.jpg','{\"filename\":\"product-32.jpg\",\"url\":\"product-files\\/product-32.jpg\",\"mime_type\":\"image\\/jpeg\",\"size\":9730,\"modified\":\"2024-01-07 00:16:15\",\"name\":\"product-32\",\"extension\":\"jpg\"}','2024-01-06 17:16:15','2024-01-06 17:16:15'),(224,181,'product-files/product-53.jpg','{\"filename\":\"product-53.jpg\",\"url\":\"product-files\\/product-53.jpg\",\"mime_type\":\"image\\/jpeg\",\"size\":9730,\"modified\":\"2024-01-07 00:16:15\",\"name\":\"product-53\",\"extension\":\"jpg\"}','2024-01-06 17:16:15','2024-01-06 17:16:15'),(225,181,'product-files/product-9.jpg','{\"filename\":\"product-9.jpg\",\"url\":\"product-files\\/product-9.jpg\",\"mime_type\":\"image\\/jpeg\",\"size\":9730,\"modified\":\"2024-01-07 00:16:15\",\"name\":\"product-9\",\"extension\":\"jpg\"}','2024-01-06 17:16:15','2024-01-06 17:16:15'),(226,181,'product-files/product-31.jpg','{\"filename\":\"product-31.jpg\",\"url\":\"product-files\\/product-31.jpg\",\"mime_type\":\"image\\/jpeg\",\"size\":9730,\"modified\":\"2024-01-07 00:16:15\",\"name\":\"product-31\",\"extension\":\"jpg\"}','2024-01-06 17:16:15','2024-01-06 17:16:15'),(227,181,'product-files/product-15.jpg','{\"filename\":\"product-15.jpg\",\"url\":\"product-files\\/product-15.jpg\",\"mime_type\":\"image\\/jpeg\",\"size\":9730,\"modified\":\"2024-01-07 00:16:15\",\"name\":\"product-15\",\"extension\":\"jpg\"}','2024-01-06 17:16:15','2024-01-06 17:16:15'),(228,181,'product-files/product-2.jpg','{\"filename\":\"product-2.jpg\",\"url\":\"product-files\\/product-2.jpg\",\"mime_type\":\"image\\/jpeg\",\"size\":9730,\"modified\":\"2024-01-07 00:16:15\",\"name\":\"product-2\",\"extension\":\"jpg\"}','2024-01-06 17:16:15','2024-01-06 17:16:15'),(229,181,'product-files/product-71.jpg','{\"filename\":\"product-71.jpg\",\"url\":\"product-files\\/product-71.jpg\",\"mime_type\":\"image\\/jpeg\",\"size\":9730,\"modified\":\"2024-01-07 00:16:15\",\"name\":\"product-71\",\"extension\":\"jpg\"}','2024-01-06 17:16:15','2024-01-06 17:16:15'),(230,181,'product-files/product-70.jpg','{\"filename\":\"product-70.jpg\",\"url\":\"product-files\\/product-70.jpg\",\"mime_type\":\"image\\/jpeg\",\"size\":9730,\"modified\":\"2024-01-07 00:16:15\",\"name\":\"product-70\",\"extension\":\"jpg\"}','2024-01-06 17:16:15','2024-01-06 17:16:15'),(231,181,'product-files/product-39.jpg','{\"filename\":\"product-39.jpg\",\"url\":\"product-files\\/product-39.jpg\",\"mime_type\":\"image\\/jpeg\",\"size\":9730,\"modified\":\"2024-01-07 00:16:15\",\"name\":\"product-39\",\"extension\":\"jpg\"}','2024-01-06 17:16:15','2024-01-06 17:16:15'),(232,191,'product-files/product-94.jpg','{\"filename\":\"product-94.jpg\",\"url\":\"product-files\\/product-94.jpg\",\"mime_type\":\"image\\/jpeg\",\"size\":9730,\"modified\":\"2024-01-07 00:16:15\",\"name\":\"product-94\",\"extension\":\"jpg\"}','2024-01-06 17:16:15','2024-01-06 17:16:15'),(233,191,'product-files/product-50.jpg','{\"filename\":\"product-50.jpg\",\"url\":\"product-files\\/product-50.jpg\",\"mime_type\":\"image\\/jpeg\",\"size\":9730,\"modified\":\"2024-01-07 00:16:15\",\"name\":\"product-50\",\"extension\":\"jpg\"}','2024-01-06 17:16:15','2024-01-06 17:16:15'),(234,191,'product-files/product-2.jpg','{\"filename\":\"product-2.jpg\",\"url\":\"product-files\\/product-2.jpg\",\"mime_type\":\"image\\/jpeg\",\"size\":9730,\"modified\":\"2024-01-07 00:16:15\",\"name\":\"product-2\",\"extension\":\"jpg\"}','2024-01-06 17:16:15','2024-01-06 17:16:15'),(235,191,'product-files/product-56.jpg','{\"filename\":\"product-56.jpg\",\"url\":\"product-files\\/product-56.jpg\",\"mime_type\":\"image\\/jpeg\",\"size\":9730,\"modified\":\"2024-01-07 00:16:15\",\"name\":\"product-56\",\"extension\":\"jpg\"}','2024-01-06 17:16:15','2024-01-06 17:16:15'),(236,191,'product-files/product-81.jpg','{\"filename\":\"product-81.jpg\",\"url\":\"product-files\\/product-81.jpg\",\"mime_type\":\"image\\/jpeg\",\"size\":9730,\"modified\":\"2024-01-07 00:16:15\",\"name\":\"product-81\",\"extension\":\"jpg\"}','2024-01-06 17:16:15','2024-01-06 17:16:15'),(237,191,'product-files/product-33.jpg','{\"filename\":\"product-33.jpg\",\"url\":\"product-files\\/product-33.jpg\",\"mime_type\":\"image\\/jpeg\",\"size\":9730,\"modified\":\"2024-01-07 00:16:15\",\"name\":\"product-33\",\"extension\":\"jpg\"}','2024-01-06 17:16:15','2024-01-06 17:16:15'),(238,191,'product-files/product-67.jpg','{\"filename\":\"product-67.jpg\",\"url\":\"product-files\\/product-67.jpg\",\"mime_type\":\"image\\/jpeg\",\"size\":9730,\"modified\":\"2024-01-07 00:16:15\",\"name\":\"product-67\",\"extension\":\"jpg\"}','2024-01-06 17:16:15','2024-01-06 17:16:15'),(239,191,'product-files/product-82.jpg','{\"filename\":\"product-82.jpg\",\"url\":\"product-files\\/product-82.jpg\",\"mime_type\":\"image\\/jpeg\",\"size\":9730,\"modified\":\"2024-01-07 00:16:15\",\"name\":\"product-82\",\"extension\":\"jpg\"}','2024-01-06 17:16:15','2024-01-06 17:16:15'),(240,191,'product-files/product-36.jpg','{\"filename\":\"product-36.jpg\",\"url\":\"product-files\\/product-36.jpg\",\"mime_type\":\"image\\/jpeg\",\"size\":9730,\"modified\":\"2024-01-07 00:16:15\",\"name\":\"product-36\",\"extension\":\"jpg\"}','2024-01-06 17:16:15','2024-01-06 17:16:15'),(241,191,'product-files/product-48.jpg','{\"filename\":\"product-48.jpg\",\"url\":\"product-files\\/product-48.jpg\",\"mime_type\":\"image\\/jpeg\",\"size\":9730,\"modified\":\"2024-01-07 00:16:15\",\"name\":\"product-48\",\"extension\":\"jpg\"}','2024-01-06 17:16:15','2024-01-06 17:16:15'),(242,191,'product-files/product-71.jpg','{\"filename\":\"product-71.jpg\",\"url\":\"product-files\\/product-71.jpg\",\"mime_type\":\"image\\/jpeg\",\"size\":9730,\"modified\":\"2024-01-07 00:16:15\",\"name\":\"product-71\",\"extension\":\"jpg\"}','2024-01-06 17:16:15','2024-01-06 17:16:15'),(243,191,'product-files/product-27.jpg','{\"filename\":\"product-27.jpg\",\"url\":\"product-files\\/product-27.jpg\",\"mime_type\":\"image\\/jpeg\",\"size\":9730,\"modified\":\"2024-01-07 00:16:15\",\"name\":\"product-27\",\"extension\":\"jpg\"}','2024-01-06 17:16:15','2024-01-06 17:16:15'),(244,192,'product-files/product-94.jpg','{\"filename\":\"product-94.jpg\",\"url\":\"product-files\\/product-94.jpg\",\"mime_type\":\"image\\/jpeg\",\"size\":9730,\"modified\":\"2024-01-07 00:16:15\",\"name\":\"product-94\",\"extension\":\"jpg\"}','2024-01-06 17:16:15','2024-01-06 17:16:15'),(245,192,'product-files/product-50.jpg','{\"filename\":\"product-50.jpg\",\"url\":\"product-files\\/product-50.jpg\",\"mime_type\":\"image\\/jpeg\",\"size\":9730,\"modified\":\"2024-01-07 00:16:15\",\"name\":\"product-50\",\"extension\":\"jpg\"}','2024-01-06 17:16:15','2024-01-06 17:16:15'),(246,192,'product-files/product-2.jpg','{\"filename\":\"product-2.jpg\",\"url\":\"product-files\\/product-2.jpg\",\"mime_type\":\"image\\/jpeg\",\"size\":9730,\"modified\":\"2024-01-07 00:16:15\",\"name\":\"product-2\",\"extension\":\"jpg\"}','2024-01-06 17:16:15','2024-01-06 17:16:15'),(247,192,'product-files/product-56.jpg','{\"filename\":\"product-56.jpg\",\"url\":\"product-files\\/product-56.jpg\",\"mime_type\":\"image\\/jpeg\",\"size\":9730,\"modified\":\"2024-01-07 00:16:15\",\"name\":\"product-56\",\"extension\":\"jpg\"}','2024-01-06 17:16:15','2024-01-06 17:16:15'),(248,192,'product-files/product-81.jpg','{\"filename\":\"product-81.jpg\",\"url\":\"product-files\\/product-81.jpg\",\"mime_type\":\"image\\/jpeg\",\"size\":9730,\"modified\":\"2024-01-07 00:16:15\",\"name\":\"product-81\",\"extension\":\"jpg\"}','2024-01-06 17:16:15','2024-01-06 17:16:15'),(249,192,'product-files/product-33.jpg','{\"filename\":\"product-33.jpg\",\"url\":\"product-files\\/product-33.jpg\",\"mime_type\":\"image\\/jpeg\",\"size\":9730,\"modified\":\"2024-01-07 00:16:15\",\"name\":\"product-33\",\"extension\":\"jpg\"}','2024-01-06 17:16:15','2024-01-06 17:16:15'),(250,192,'product-files/product-67.jpg','{\"filename\":\"product-67.jpg\",\"url\":\"product-files\\/product-67.jpg\",\"mime_type\":\"image\\/jpeg\",\"size\":9730,\"modified\":\"2024-01-07 00:16:15\",\"name\":\"product-67\",\"extension\":\"jpg\"}','2024-01-06 17:16:15','2024-01-06 17:16:15'),(251,192,'product-files/product-82.jpg','{\"filename\":\"product-82.jpg\",\"url\":\"product-files\\/product-82.jpg\",\"mime_type\":\"image\\/jpeg\",\"size\":9730,\"modified\":\"2024-01-07 00:16:15\",\"name\":\"product-82\",\"extension\":\"jpg\"}','2024-01-06 17:16:15','2024-01-06 17:16:15'),(252,192,'product-files/product-36.jpg','{\"filename\":\"product-36.jpg\",\"url\":\"product-files\\/product-36.jpg\",\"mime_type\":\"image\\/jpeg\",\"size\":9730,\"modified\":\"2024-01-07 00:16:15\",\"name\":\"product-36\",\"extension\":\"jpg\"}','2024-01-06 17:16:15','2024-01-06 17:16:15'),(253,192,'product-files/product-48.jpg','{\"filename\":\"product-48.jpg\",\"url\":\"product-files\\/product-48.jpg\",\"mime_type\":\"image\\/jpeg\",\"size\":9730,\"modified\":\"2024-01-07 00:16:15\",\"name\":\"product-48\",\"extension\":\"jpg\"}','2024-01-06 17:16:15','2024-01-06 17:16:15'),(254,192,'product-files/product-71.jpg','{\"filename\":\"product-71.jpg\",\"url\":\"product-files\\/product-71.jpg\",\"mime_type\":\"image\\/jpeg\",\"size\":9730,\"modified\":\"2024-01-07 00:16:15\",\"name\":\"product-71\",\"extension\":\"jpg\"}','2024-01-06 17:16:15','2024-01-06 17:16:15'),(255,192,'product-files/product-27.jpg','{\"filename\":\"product-27.jpg\",\"url\":\"product-files\\/product-27.jpg\",\"mime_type\":\"image\\/jpeg\",\"size\":9730,\"modified\":\"2024-01-07 00:16:15\",\"name\":\"product-27\",\"extension\":\"jpg\"}','2024-01-06 17:16:15','2024-01-06 17:16:15'),(256,203,'product-files/product-45.jpg','{\"filename\":\"product-45.jpg\",\"url\":\"product-files\\/product-45.jpg\",\"mime_type\":\"image\\/jpeg\",\"size\":9730,\"modified\":\"2024-01-07 00:16:15\",\"name\":\"product-45\",\"extension\":\"jpg\"}','2024-01-06 17:16:15','2024-01-06 17:16:15'),(257,203,'product-files/product-13.jpg','{\"filename\":\"product-13.jpg\",\"url\":\"product-files\\/product-13.jpg\",\"mime_type\":\"image\\/jpeg\",\"size\":9730,\"modified\":\"2024-01-07 00:16:15\",\"name\":\"product-13\",\"extension\":\"jpg\"}','2024-01-06 17:16:15','2024-01-06 17:16:15'),(258,203,'product-files/product-42.jpg','{\"filename\":\"product-42.jpg\",\"url\":\"product-files\\/product-42.jpg\",\"mime_type\":\"image\\/jpeg\",\"size\":9730,\"modified\":\"2024-01-07 00:16:15\",\"name\":\"product-42\",\"extension\":\"jpg\"}','2024-01-06 17:16:15','2024-01-06 17:16:15'),(259,203,'product-files/product-26.jpg','{\"filename\":\"product-26.jpg\",\"url\":\"product-files\\/product-26.jpg\",\"mime_type\":\"image\\/jpeg\",\"size\":9730,\"modified\":\"2024-01-07 00:16:15\",\"name\":\"product-26\",\"extension\":\"jpg\"}','2024-01-06 17:16:15','2024-01-06 17:16:15'),(260,203,'product-files/product-86.jpg','{\"filename\":\"product-86.jpg\",\"url\":\"product-files\\/product-86.jpg\",\"mime_type\":\"image\\/jpeg\",\"size\":9730,\"modified\":\"2024-01-07 00:16:15\",\"name\":\"product-86\",\"extension\":\"jpg\"}','2024-01-06 17:16:15','2024-01-06 17:16:15'),(261,203,'product-files/product-65.jpg','{\"filename\":\"product-65.jpg\",\"url\":\"product-files\\/product-65.jpg\",\"mime_type\":\"image\\/jpeg\",\"size\":9730,\"modified\":\"2024-01-07 00:16:15\",\"name\":\"product-65\",\"extension\":\"jpg\"}','2024-01-06 17:16:15','2024-01-06 17:16:15'),(262,203,'product-files/product-82.jpg','{\"filename\":\"product-82.jpg\",\"url\":\"product-files\\/product-82.jpg\",\"mime_type\":\"image\\/jpeg\",\"size\":9730,\"modified\":\"2024-01-07 00:16:15\",\"name\":\"product-82\",\"extension\":\"jpg\"}','2024-01-06 17:16:15','2024-01-06 17:16:15'),(263,204,'product-files/product-45.jpg','{\"filename\":\"product-45.jpg\",\"url\":\"product-files\\/product-45.jpg\",\"mime_type\":\"image\\/jpeg\",\"size\":9730,\"modified\":\"2024-01-07 00:16:15\",\"name\":\"product-45\",\"extension\":\"jpg\"}','2024-01-06 17:16:15','2024-01-06 17:16:15'),(264,204,'product-files/product-13.jpg','{\"filename\":\"product-13.jpg\",\"url\":\"product-files\\/product-13.jpg\",\"mime_type\":\"image\\/jpeg\",\"size\":9730,\"modified\":\"2024-01-07 00:16:15\",\"name\":\"product-13\",\"extension\":\"jpg\"}','2024-01-06 17:16:15','2024-01-06 17:16:15'),(265,204,'product-files/product-42.jpg','{\"filename\":\"product-42.jpg\",\"url\":\"product-files\\/product-42.jpg\",\"mime_type\":\"image\\/jpeg\",\"size\":9730,\"modified\":\"2024-01-07 00:16:15\",\"name\":\"product-42\",\"extension\":\"jpg\"}','2024-01-06 17:16:15','2024-01-06 17:16:15'),(266,204,'product-files/product-26.jpg','{\"filename\":\"product-26.jpg\",\"url\":\"product-files\\/product-26.jpg\",\"mime_type\":\"image\\/jpeg\",\"size\":9730,\"modified\":\"2024-01-07 00:16:15\",\"name\":\"product-26\",\"extension\":\"jpg\"}','2024-01-06 17:16:15','2024-01-06 17:16:15'),(267,204,'product-files/product-86.jpg','{\"filename\":\"product-86.jpg\",\"url\":\"product-files\\/product-86.jpg\",\"mime_type\":\"image\\/jpeg\",\"size\":9730,\"modified\":\"2024-01-07 00:16:15\",\"name\":\"product-86\",\"extension\":\"jpg\"}','2024-01-06 17:16:15','2024-01-06 17:16:15'),(268,204,'product-files/product-65.jpg','{\"filename\":\"product-65.jpg\",\"url\":\"product-files\\/product-65.jpg\",\"mime_type\":\"image\\/jpeg\",\"size\":9730,\"modified\":\"2024-01-07 00:16:15\",\"name\":\"product-65\",\"extension\":\"jpg\"}','2024-01-06 17:16:15','2024-01-06 17:16:15'),(269,204,'product-files/product-82.jpg','{\"filename\":\"product-82.jpg\",\"url\":\"product-files\\/product-82.jpg\",\"mime_type\":\"image\\/jpeg\",\"size\":9730,\"modified\":\"2024-01-07 00:16:15\",\"name\":\"product-82\",\"extension\":\"jpg\"}','2024-01-06 17:16:15','2024-01-06 17:16:15'),(270,205,'product-files/product-45.jpg','{\"filename\":\"product-45.jpg\",\"url\":\"product-files\\/product-45.jpg\",\"mime_type\":\"image\\/jpeg\",\"size\":9730,\"modified\":\"2024-01-07 00:16:15\",\"name\":\"product-45\",\"extension\":\"jpg\"}','2024-01-06 17:16:15','2024-01-06 17:16:15'),(271,205,'product-files/product-13.jpg','{\"filename\":\"product-13.jpg\",\"url\":\"product-files\\/product-13.jpg\",\"mime_type\":\"image\\/jpeg\",\"size\":9730,\"modified\":\"2024-01-07 00:16:15\",\"name\":\"product-13\",\"extension\":\"jpg\"}','2024-01-06 17:16:15','2024-01-06 17:16:15'),(272,205,'product-files/product-42.jpg','{\"filename\":\"product-42.jpg\",\"url\":\"product-files\\/product-42.jpg\",\"mime_type\":\"image\\/jpeg\",\"size\":9730,\"modified\":\"2024-01-07 00:16:15\",\"name\":\"product-42\",\"extension\":\"jpg\"}','2024-01-06 17:16:15','2024-01-06 17:16:15'),(273,205,'product-files/product-26.jpg','{\"filename\":\"product-26.jpg\",\"url\":\"product-files\\/product-26.jpg\",\"mime_type\":\"image\\/jpeg\",\"size\":9730,\"modified\":\"2024-01-07 00:16:15\",\"name\":\"product-26\",\"extension\":\"jpg\"}','2024-01-06 17:16:15','2024-01-06 17:16:15'),(274,205,'product-files/product-86.jpg','{\"filename\":\"product-86.jpg\",\"url\":\"product-files\\/product-86.jpg\",\"mime_type\":\"image\\/jpeg\",\"size\":9730,\"modified\":\"2024-01-07 00:16:15\",\"name\":\"product-86\",\"extension\":\"jpg\"}','2024-01-06 17:16:15','2024-01-06 17:16:15'),(275,205,'product-files/product-65.jpg','{\"filename\":\"product-65.jpg\",\"url\":\"product-files\\/product-65.jpg\",\"mime_type\":\"image\\/jpeg\",\"size\":9730,\"modified\":\"2024-01-07 00:16:15\",\"name\":\"product-65\",\"extension\":\"jpg\"}','2024-01-06 17:16:15','2024-01-06 17:16:15'),(276,205,'product-files/product-82.jpg','{\"filename\":\"product-82.jpg\",\"url\":\"product-files\\/product-82.jpg\",\"mime_type\":\"image\\/jpeg\",\"size\":9730,\"modified\":\"2024-01-07 00:16:15\",\"name\":\"product-82\",\"extension\":\"jpg\"}','2024-01-06 17:16:15','2024-01-06 17:16:15'),(277,206,'product-files/product-45.jpg','{\"filename\":\"product-45.jpg\",\"url\":\"product-files\\/product-45.jpg\",\"mime_type\":\"image\\/jpeg\",\"size\":9730,\"modified\":\"2024-01-07 00:16:15\",\"name\":\"product-45\",\"extension\":\"jpg\"}','2024-01-06 17:16:15','2024-01-06 17:16:15'),(278,206,'product-files/product-13.jpg','{\"filename\":\"product-13.jpg\",\"url\":\"product-files\\/product-13.jpg\",\"mime_type\":\"image\\/jpeg\",\"size\":9730,\"modified\":\"2024-01-07 00:16:15\",\"name\":\"product-13\",\"extension\":\"jpg\"}','2024-01-06 17:16:15','2024-01-06 17:16:15'),(279,206,'product-files/product-42.jpg','{\"filename\":\"product-42.jpg\",\"url\":\"product-files\\/product-42.jpg\",\"mime_type\":\"image\\/jpeg\",\"size\":9730,\"modified\":\"2024-01-07 00:16:15\",\"name\":\"product-42\",\"extension\":\"jpg\"}','2024-01-06 17:16:15','2024-01-06 17:16:15'),(280,206,'product-files/product-26.jpg','{\"filename\":\"product-26.jpg\",\"url\":\"product-files\\/product-26.jpg\",\"mime_type\":\"image\\/jpeg\",\"size\":9730,\"modified\":\"2024-01-07 00:16:15\",\"name\":\"product-26\",\"extension\":\"jpg\"}','2024-01-06 17:16:15','2024-01-06 17:16:15'),(281,206,'product-files/product-86.jpg','{\"filename\":\"product-86.jpg\",\"url\":\"product-files\\/product-86.jpg\",\"mime_type\":\"image\\/jpeg\",\"size\":9730,\"modified\":\"2024-01-07 00:16:15\",\"name\":\"product-86\",\"extension\":\"jpg\"}','2024-01-06 17:16:15','2024-01-06 17:16:15'),(282,206,'product-files/product-65.jpg','{\"filename\":\"product-65.jpg\",\"url\":\"product-files\\/product-65.jpg\",\"mime_type\":\"image\\/jpeg\",\"size\":9730,\"modified\":\"2024-01-07 00:16:15\",\"name\":\"product-65\",\"extension\":\"jpg\"}','2024-01-06 17:16:15','2024-01-06 17:16:15'),(283,206,'product-files/product-82.jpg','{\"filename\":\"product-82.jpg\",\"url\":\"product-files\\/product-82.jpg\",\"mime_type\":\"image\\/jpeg\",\"size\":9730,\"modified\":\"2024-01-07 00:16:15\",\"name\":\"product-82\",\"extension\":\"jpg\"}','2024-01-06 17:16:15','2024-01-06 17:16:15'),(284,207,'product-files/product-45.jpg','{\"filename\":\"product-45.jpg\",\"url\":\"product-files\\/product-45.jpg\",\"mime_type\":\"image\\/jpeg\",\"size\":9730,\"modified\":\"2024-01-07 00:16:15\",\"name\":\"product-45\",\"extension\":\"jpg\"}','2024-01-06 17:16:15','2024-01-06 17:16:15'),(285,207,'product-files/product-13.jpg','{\"filename\":\"product-13.jpg\",\"url\":\"product-files\\/product-13.jpg\",\"mime_type\":\"image\\/jpeg\",\"size\":9730,\"modified\":\"2024-01-07 00:16:15\",\"name\":\"product-13\",\"extension\":\"jpg\"}','2024-01-06 17:16:15','2024-01-06 17:16:15'),(286,207,'product-files/product-42.jpg','{\"filename\":\"product-42.jpg\",\"url\":\"product-files\\/product-42.jpg\",\"mime_type\":\"image\\/jpeg\",\"size\":9730,\"modified\":\"2024-01-07 00:16:15\",\"name\":\"product-42\",\"extension\":\"jpg\"}','2024-01-06 17:16:15','2024-01-06 17:16:15'),(287,207,'product-files/product-26.jpg','{\"filename\":\"product-26.jpg\",\"url\":\"product-files\\/product-26.jpg\",\"mime_type\":\"image\\/jpeg\",\"size\":9730,\"modified\":\"2024-01-07 00:16:15\",\"name\":\"product-26\",\"extension\":\"jpg\"}','2024-01-06 17:16:15','2024-01-06 17:16:15'),(288,207,'product-files/product-86.jpg','{\"filename\":\"product-86.jpg\",\"url\":\"product-files\\/product-86.jpg\",\"mime_type\":\"image\\/jpeg\",\"size\":9730,\"modified\":\"2024-01-07 00:16:15\",\"name\":\"product-86\",\"extension\":\"jpg\"}','2024-01-06 17:16:15','2024-01-06 17:16:15'),(289,207,'product-files/product-65.jpg','{\"filename\":\"product-65.jpg\",\"url\":\"product-files\\/product-65.jpg\",\"mime_type\":\"image\\/jpeg\",\"size\":9730,\"modified\":\"2024-01-07 00:16:15\",\"name\":\"product-65\",\"extension\":\"jpg\"}','2024-01-06 17:16:15','2024-01-06 17:16:15'),(290,207,'product-files/product-82.jpg','{\"filename\":\"product-82.jpg\",\"url\":\"product-files\\/product-82.jpg\",\"mime_type\":\"image\\/jpeg\",\"size\":9730,\"modified\":\"2024-01-07 00:16:15\",\"name\":\"product-82\",\"extension\":\"jpg\"}','2024-01-06 17:16:15','2024-01-06 17:16:15'),(291,217,'product-files/product-69.jpg','{\"filename\":\"product-69.jpg\",\"url\":\"product-files\\/product-69.jpg\",\"mime_type\":\"image\\/jpeg\",\"size\":9730,\"modified\":\"2024-01-07 00:16:16\",\"name\":\"product-69\",\"extension\":\"jpg\"}','2024-01-06 17:16:16','2024-01-06 17:16:16'),(292,217,'product-files/product-21.jpg','{\"filename\":\"product-21.jpg\",\"url\":\"product-files\\/product-21.jpg\",\"mime_type\":\"image\\/jpeg\",\"size\":9730,\"modified\":\"2024-01-07 00:16:16\",\"name\":\"product-21\",\"extension\":\"jpg\"}','2024-01-06 17:16:16','2024-01-06 17:16:16'),(293,217,'product-files/product-25.jpg','{\"filename\":\"product-25.jpg\",\"url\":\"product-files\\/product-25.jpg\",\"mime_type\":\"image\\/jpeg\",\"size\":9730,\"modified\":\"2024-01-07 00:16:16\",\"name\":\"product-25\",\"extension\":\"jpg\"}','2024-01-06 17:16:16','2024-01-06 17:16:16'),(294,217,'product-files/product-16.jpg','{\"filename\":\"product-16.jpg\",\"url\":\"product-files\\/product-16.jpg\",\"mime_type\":\"image\\/jpeg\",\"size\":9730,\"modified\":\"2024-01-07 00:16:16\",\"name\":\"product-16\",\"extension\":\"jpg\"}','2024-01-06 17:16:16','2024-01-06 17:16:16'),(295,217,'product-files/product-68.jpg','{\"filename\":\"product-68.jpg\",\"url\":\"product-files\\/product-68.jpg\",\"mime_type\":\"image\\/jpeg\",\"size\":9730,\"modified\":\"2024-01-07 00:16:16\",\"name\":\"product-68\",\"extension\":\"jpg\"}','2024-01-06 17:16:16','2024-01-06 17:16:16'),(296,217,'product-files/product-58.jpg','{\"filename\":\"product-58.jpg\",\"url\":\"product-files\\/product-58.jpg\",\"mime_type\":\"image\\/jpeg\",\"size\":9730,\"modified\":\"2024-01-07 00:16:16\",\"name\":\"product-58\",\"extension\":\"jpg\"}','2024-01-06 17:16:16','2024-01-06 17:16:16'),(297,217,'product-files/product-55.jpg','{\"filename\":\"product-55.jpg\",\"url\":\"product-files\\/product-55.jpg\",\"mime_type\":\"image\\/jpeg\",\"size\":9730,\"modified\":\"2024-01-07 00:16:16\",\"name\":\"product-55\",\"extension\":\"jpg\"}','2024-01-06 17:16:16','2024-01-06 17:16:16'),(298,217,'product-files/product-53.jpg','{\"filename\":\"product-53.jpg\",\"url\":\"product-files\\/product-53.jpg\",\"mime_type\":\"image\\/jpeg\",\"size\":9730,\"modified\":\"2024-01-07 00:16:16\",\"name\":\"product-53\",\"extension\":\"jpg\"}','2024-01-06 17:16:16','2024-01-06 17:16:16'),(299,217,'product-files/product-11.jpg','{\"filename\":\"product-11.jpg\",\"url\":\"product-files\\/product-11.jpg\",\"mime_type\":\"image\\/jpeg\",\"size\":9730,\"modified\":\"2024-01-07 00:16:16\",\"name\":\"product-11\",\"extension\":\"jpg\"}','2024-01-06 17:16:16','2024-01-06 17:16:16'),(300,218,'product-files/product-69.jpg','{\"filename\":\"product-69.jpg\",\"url\":\"product-files\\/product-69.jpg\",\"mime_type\":\"image\\/jpeg\",\"size\":9730,\"modified\":\"2024-01-07 00:16:16\",\"name\":\"product-69\",\"extension\":\"jpg\"}','2024-01-06 17:16:16','2024-01-06 17:16:16'),(301,218,'product-files/product-21.jpg','{\"filename\":\"product-21.jpg\",\"url\":\"product-files\\/product-21.jpg\",\"mime_type\":\"image\\/jpeg\",\"size\":9730,\"modified\":\"2024-01-07 00:16:16\",\"name\":\"product-21\",\"extension\":\"jpg\"}','2024-01-06 17:16:16','2024-01-06 17:16:16'),(302,218,'product-files/product-25.jpg','{\"filename\":\"product-25.jpg\",\"url\":\"product-files\\/product-25.jpg\",\"mime_type\":\"image\\/jpeg\",\"size\":9730,\"modified\":\"2024-01-07 00:16:16\",\"name\":\"product-25\",\"extension\":\"jpg\"}','2024-01-06 17:16:16','2024-01-06 17:16:16'),(303,218,'product-files/product-16.jpg','{\"filename\":\"product-16.jpg\",\"url\":\"product-files\\/product-16.jpg\",\"mime_type\":\"image\\/jpeg\",\"size\":9730,\"modified\":\"2024-01-07 00:16:16\",\"name\":\"product-16\",\"extension\":\"jpg\"}','2024-01-06 17:16:16','2024-01-06 17:16:16'),(304,218,'product-files/product-68.jpg','{\"filename\":\"product-68.jpg\",\"url\":\"product-files\\/product-68.jpg\",\"mime_type\":\"image\\/jpeg\",\"size\":9730,\"modified\":\"2024-01-07 00:16:16\",\"name\":\"product-68\",\"extension\":\"jpg\"}','2024-01-06 17:16:16','2024-01-06 17:16:16'),(305,218,'product-files/product-58.jpg','{\"filename\":\"product-58.jpg\",\"url\":\"product-files\\/product-58.jpg\",\"mime_type\":\"image\\/jpeg\",\"size\":9730,\"modified\":\"2024-01-07 00:16:16\",\"name\":\"product-58\",\"extension\":\"jpg\"}','2024-01-06 17:16:16','2024-01-06 17:16:16'),(306,218,'product-files/product-55.jpg','{\"filename\":\"product-55.jpg\",\"url\":\"product-files\\/product-55.jpg\",\"mime_type\":\"image\\/jpeg\",\"size\":9730,\"modified\":\"2024-01-07 00:16:16\",\"name\":\"product-55\",\"extension\":\"jpg\"}','2024-01-06 17:16:16','2024-01-06 17:16:16'),(307,218,'product-files/product-53.jpg','{\"filename\":\"product-53.jpg\",\"url\":\"product-files\\/product-53.jpg\",\"mime_type\":\"image\\/jpeg\",\"size\":9730,\"modified\":\"2024-01-07 00:16:16\",\"name\":\"product-53\",\"extension\":\"jpg\"}','2024-01-06 17:16:16','2024-01-06 17:16:16'),(308,218,'product-files/product-11.jpg','{\"filename\":\"product-11.jpg\",\"url\":\"product-files\\/product-11.jpg\",\"mime_type\":\"image\\/jpeg\",\"size\":9730,\"modified\":\"2024-01-07 00:16:16\",\"name\":\"product-11\",\"extension\":\"jpg\"}','2024-01-06 17:16:16','2024-01-06 17:16:16'),(309,219,'product-files/product-69.jpg','{\"filename\":\"product-69.jpg\",\"url\":\"product-files\\/product-69.jpg\",\"mime_type\":\"image\\/jpeg\",\"size\":9730,\"modified\":\"2024-01-07 00:16:16\",\"name\":\"product-69\",\"extension\":\"jpg\"}','2024-01-06 17:16:16','2024-01-06 17:16:16'),(310,219,'product-files/product-21.jpg','{\"filename\":\"product-21.jpg\",\"url\":\"product-files\\/product-21.jpg\",\"mime_type\":\"image\\/jpeg\",\"size\":9730,\"modified\":\"2024-01-07 00:16:16\",\"name\":\"product-21\",\"extension\":\"jpg\"}','2024-01-06 17:16:16','2024-01-06 17:16:16'),(311,219,'product-files/product-25.jpg','{\"filename\":\"product-25.jpg\",\"url\":\"product-files\\/product-25.jpg\",\"mime_type\":\"image\\/jpeg\",\"size\":9730,\"modified\":\"2024-01-07 00:16:16\",\"name\":\"product-25\",\"extension\":\"jpg\"}','2024-01-06 17:16:16','2024-01-06 17:16:16'),(312,219,'product-files/product-16.jpg','{\"filename\":\"product-16.jpg\",\"url\":\"product-files\\/product-16.jpg\",\"mime_type\":\"image\\/jpeg\",\"size\":9730,\"modified\":\"2024-01-07 00:16:16\",\"name\":\"product-16\",\"extension\":\"jpg\"}','2024-01-06 17:16:16','2024-01-06 17:16:16'),(313,219,'product-files/product-68.jpg','{\"filename\":\"product-68.jpg\",\"url\":\"product-files\\/product-68.jpg\",\"mime_type\":\"image\\/jpeg\",\"size\":9730,\"modified\":\"2024-01-07 00:16:16\",\"name\":\"product-68\",\"extension\":\"jpg\"}','2024-01-06 17:16:16','2024-01-06 17:16:16'),(314,219,'product-files/product-58.jpg','{\"filename\":\"product-58.jpg\",\"url\":\"product-files\\/product-58.jpg\",\"mime_type\":\"image\\/jpeg\",\"size\":9730,\"modified\":\"2024-01-07 00:16:16\",\"name\":\"product-58\",\"extension\":\"jpg\"}','2024-01-06 17:16:16','2024-01-06 17:16:16'),(315,219,'product-files/product-55.jpg','{\"filename\":\"product-55.jpg\",\"url\":\"product-files\\/product-55.jpg\",\"mime_type\":\"image\\/jpeg\",\"size\":9730,\"modified\":\"2024-01-07 00:16:16\",\"name\":\"product-55\",\"extension\":\"jpg\"}','2024-01-06 17:16:16','2024-01-06 17:16:16'),(316,219,'product-files/product-53.jpg','{\"filename\":\"product-53.jpg\",\"url\":\"product-files\\/product-53.jpg\",\"mime_type\":\"image\\/jpeg\",\"size\":9730,\"modified\":\"2024-01-07 00:16:16\",\"name\":\"product-53\",\"extension\":\"jpg\"}','2024-01-06 17:16:16','2024-01-06 17:16:16'),(317,219,'product-files/product-11.jpg','{\"filename\":\"product-11.jpg\",\"url\":\"product-files\\/product-11.jpg\",\"mime_type\":\"image\\/jpeg\",\"size\":9730,\"modified\":\"2024-01-07 00:16:16\",\"name\":\"product-11\",\"extension\":\"jpg\"}','2024-01-06 17:16:16','2024-01-06 17:16:16'),(318,220,'product-files/product-69.jpg','{\"filename\":\"product-69.jpg\",\"url\":\"product-files\\/product-69.jpg\",\"mime_type\":\"image\\/jpeg\",\"size\":9730,\"modified\":\"2024-01-07 00:16:16\",\"name\":\"product-69\",\"extension\":\"jpg\"}','2024-01-06 17:16:16','2024-01-06 17:16:16'),(319,220,'product-files/product-21.jpg','{\"filename\":\"product-21.jpg\",\"url\":\"product-files\\/product-21.jpg\",\"mime_type\":\"image\\/jpeg\",\"size\":9730,\"modified\":\"2024-01-07 00:16:16\",\"name\":\"product-21\",\"extension\":\"jpg\"}','2024-01-06 17:16:16','2024-01-06 17:16:16'),(320,220,'product-files/product-25.jpg','{\"filename\":\"product-25.jpg\",\"url\":\"product-files\\/product-25.jpg\",\"mime_type\":\"image\\/jpeg\",\"size\":9730,\"modified\":\"2024-01-07 00:16:16\",\"name\":\"product-25\",\"extension\":\"jpg\"}','2024-01-06 17:16:16','2024-01-06 17:16:16'),(321,220,'product-files/product-16.jpg','{\"filename\":\"product-16.jpg\",\"url\":\"product-files\\/product-16.jpg\",\"mime_type\":\"image\\/jpeg\",\"size\":9730,\"modified\":\"2024-01-07 00:16:16\",\"name\":\"product-16\",\"extension\":\"jpg\"}','2024-01-06 17:16:16','2024-01-06 17:16:16'),(322,220,'product-files/product-68.jpg','{\"filename\":\"product-68.jpg\",\"url\":\"product-files\\/product-68.jpg\",\"mime_type\":\"image\\/jpeg\",\"size\":9730,\"modified\":\"2024-01-07 00:16:16\",\"name\":\"product-68\",\"extension\":\"jpg\"}','2024-01-06 17:16:16','2024-01-06 17:16:16'),(323,220,'product-files/product-58.jpg','{\"filename\":\"product-58.jpg\",\"url\":\"product-files\\/product-58.jpg\",\"mime_type\":\"image\\/jpeg\",\"size\":9730,\"modified\":\"2024-01-07 00:16:16\",\"name\":\"product-58\",\"extension\":\"jpg\"}','2024-01-06 17:16:16','2024-01-06 17:16:16'),(324,220,'product-files/product-55.jpg','{\"filename\":\"product-55.jpg\",\"url\":\"product-files\\/product-55.jpg\",\"mime_type\":\"image\\/jpeg\",\"size\":9730,\"modified\":\"2024-01-07 00:16:16\",\"name\":\"product-55\",\"extension\":\"jpg\"}','2024-01-06 17:16:16','2024-01-06 17:16:16'),(325,220,'product-files/product-53.jpg','{\"filename\":\"product-53.jpg\",\"url\":\"product-files\\/product-53.jpg\",\"mime_type\":\"image\\/jpeg\",\"size\":9730,\"modified\":\"2024-01-07 00:16:16\",\"name\":\"product-53\",\"extension\":\"jpg\"}','2024-01-06 17:16:16','2024-01-06 17:16:16'),(326,220,'product-files/product-11.jpg','{\"filename\":\"product-11.jpg\",\"url\":\"product-files\\/product-11.jpg\",\"mime_type\":\"image\\/jpeg\",\"size\":9730,\"modified\":\"2024-01-07 00:16:16\",\"name\":\"product-11\",\"extension\":\"jpg\"}','2024-01-06 17:16:16','2024-01-06 17:16:16'),(327,230,'product-files/product-71.jpg','{\"filename\":\"product-71.jpg\",\"url\":\"product-files\\/product-71.jpg\",\"mime_type\":\"image\\/jpeg\",\"size\":9730,\"modified\":\"2024-01-07 00:16:16\",\"name\":\"product-71\",\"extension\":\"jpg\"}','2024-01-06 17:16:16','2024-01-06 17:16:16'),(328,230,'product-files/product-60.jpg','{\"filename\":\"product-60.jpg\",\"url\":\"product-files\\/product-60.jpg\",\"mime_type\":\"image\\/jpeg\",\"size\":9730,\"modified\":\"2024-01-07 00:16:16\",\"name\":\"product-60\",\"extension\":\"jpg\"}','2024-01-06 17:16:16','2024-01-06 17:16:16'),(329,230,'product-files/product-59.jpg','{\"filename\":\"product-59.jpg\",\"url\":\"product-files\\/product-59.jpg\",\"mime_type\":\"image\\/jpeg\",\"size\":9730,\"modified\":\"2024-01-07 00:16:16\",\"name\":\"product-59\",\"extension\":\"jpg\"}','2024-01-06 17:16:16','2024-01-06 17:16:16'),(330,230,'product-files/product-24.jpg','{\"filename\":\"product-24.jpg\",\"url\":\"product-files\\/product-24.jpg\",\"mime_type\":\"image\\/jpeg\",\"size\":9730,\"modified\":\"2024-01-07 00:16:16\",\"name\":\"product-24\",\"extension\":\"jpg\"}','2024-01-06 17:16:16','2024-01-06 17:16:16'),(331,230,'product-files/product-95.jpg','{\"filename\":\"product-95.jpg\",\"url\":\"product-files\\/product-95.jpg\",\"mime_type\":\"image\\/jpeg\",\"size\":9730,\"modified\":\"2024-01-07 00:16:16\",\"name\":\"product-95\",\"extension\":\"jpg\"}','2024-01-06 17:16:16','2024-01-06 17:16:16'),(332,230,'product-files/product-26.jpg','{\"filename\":\"product-26.jpg\",\"url\":\"product-files\\/product-26.jpg\",\"mime_type\":\"image\\/jpeg\",\"size\":9730,\"modified\":\"2024-01-07 00:16:16\",\"name\":\"product-26\",\"extension\":\"jpg\"}','2024-01-06 17:16:16','2024-01-06 17:16:16'),(333,230,'product-files/product-3.jpg','{\"filename\":\"product-3.jpg\",\"url\":\"product-files\\/product-3.jpg\",\"mime_type\":\"image\\/jpeg\",\"size\":9730,\"modified\":\"2024-01-07 00:16:16\",\"name\":\"product-3\",\"extension\":\"jpg\"}','2024-01-06 17:16:16','2024-01-06 17:16:16'),(334,230,'product-files/product-32.jpg','{\"filename\":\"product-32.jpg\",\"url\":\"product-files\\/product-32.jpg\",\"mime_type\":\"image\\/jpeg\",\"size\":9730,\"modified\":\"2024-01-07 00:16:16\",\"name\":\"product-32\",\"extension\":\"jpg\"}','2024-01-06 17:16:16','2024-01-06 17:16:16'),(335,230,'product-files/product-31.jpg','{\"filename\":\"product-31.jpg\",\"url\":\"product-files\\/product-31.jpg\",\"mime_type\":\"image\\/jpeg\",\"size\":9730,\"modified\":\"2024-01-07 00:16:16\",\"name\":\"product-31\",\"extension\":\"jpg\"}','2024-01-06 17:16:16','2024-01-06 17:16:16'),(336,230,'product-files/product-8.jpg','{\"filename\":\"product-8.jpg\",\"url\":\"product-files\\/product-8.jpg\",\"mime_type\":\"image\\/jpeg\",\"size\":9730,\"modified\":\"2024-01-07 00:16:16\",\"name\":\"product-8\",\"extension\":\"jpg\"}','2024-01-06 17:16:16','2024-01-06 17:16:16'),(337,230,'product-files/product-9.jpg','{\"filename\":\"product-9.jpg\",\"url\":\"product-files\\/product-9.jpg\",\"mime_type\":\"image\\/jpeg\",\"size\":9730,\"modified\":\"2024-01-07 00:16:16\",\"name\":\"product-9\",\"extension\":\"jpg\"}','2024-01-06 17:16:16','2024-01-06 17:16:16'),(338,230,'product-files/product-61.jpg','{\"filename\":\"product-61.jpg\",\"url\":\"product-files\\/product-61.jpg\",\"mime_type\":\"image\\/jpeg\",\"size\":9730,\"modified\":\"2024-01-07 00:16:16\",\"name\":\"product-61\",\"extension\":\"jpg\"}','2024-01-06 17:16:16','2024-01-06 17:16:16'),(339,231,'product-files/product-71.jpg','{\"filename\":\"product-71.jpg\",\"url\":\"product-files\\/product-71.jpg\",\"mime_type\":\"image\\/jpeg\",\"size\":9730,\"modified\":\"2024-01-07 00:16:16\",\"name\":\"product-71\",\"extension\":\"jpg\"}','2024-01-06 17:16:16','2024-01-06 17:16:16'),(340,231,'product-files/product-60.jpg','{\"filename\":\"product-60.jpg\",\"url\":\"product-files\\/product-60.jpg\",\"mime_type\":\"image\\/jpeg\",\"size\":9730,\"modified\":\"2024-01-07 00:16:16\",\"name\":\"product-60\",\"extension\":\"jpg\"}','2024-01-06 17:16:16','2024-01-06 17:16:16'),(341,231,'product-files/product-59.jpg','{\"filename\":\"product-59.jpg\",\"url\":\"product-files\\/product-59.jpg\",\"mime_type\":\"image\\/jpeg\",\"size\":9730,\"modified\":\"2024-01-07 00:16:16\",\"name\":\"product-59\",\"extension\":\"jpg\"}','2024-01-06 17:16:16','2024-01-06 17:16:16'),(342,231,'product-files/product-24.jpg','{\"filename\":\"product-24.jpg\",\"url\":\"product-files\\/product-24.jpg\",\"mime_type\":\"image\\/jpeg\",\"size\":9730,\"modified\":\"2024-01-07 00:16:16\",\"name\":\"product-24\",\"extension\":\"jpg\"}','2024-01-06 17:16:16','2024-01-06 17:16:16'),(343,231,'product-files/product-95.jpg','{\"filename\":\"product-95.jpg\",\"url\":\"product-files\\/product-95.jpg\",\"mime_type\":\"image\\/jpeg\",\"size\":9730,\"modified\":\"2024-01-07 00:16:16\",\"name\":\"product-95\",\"extension\":\"jpg\"}','2024-01-06 17:16:16','2024-01-06 17:16:16'),(344,231,'product-files/product-26.jpg','{\"filename\":\"product-26.jpg\",\"url\":\"product-files\\/product-26.jpg\",\"mime_type\":\"image\\/jpeg\",\"size\":9730,\"modified\":\"2024-01-07 00:16:16\",\"name\":\"product-26\",\"extension\":\"jpg\"}','2024-01-06 17:16:16','2024-01-06 17:16:16'),(345,231,'product-files/product-3.jpg','{\"filename\":\"product-3.jpg\",\"url\":\"product-files\\/product-3.jpg\",\"mime_type\":\"image\\/jpeg\",\"size\":9730,\"modified\":\"2024-01-07 00:16:16\",\"name\":\"product-3\",\"extension\":\"jpg\"}','2024-01-06 17:16:16','2024-01-06 17:16:16'),(346,231,'product-files/product-32.jpg','{\"filename\":\"product-32.jpg\",\"url\":\"product-files\\/product-32.jpg\",\"mime_type\":\"image\\/jpeg\",\"size\":9730,\"modified\":\"2024-01-07 00:16:16\",\"name\":\"product-32\",\"extension\":\"jpg\"}','2024-01-06 17:16:16','2024-01-06 17:16:16'),(347,231,'product-files/product-31.jpg','{\"filename\":\"product-31.jpg\",\"url\":\"product-files\\/product-31.jpg\",\"mime_type\":\"image\\/jpeg\",\"size\":9730,\"modified\":\"2024-01-07 00:16:16\",\"name\":\"product-31\",\"extension\":\"jpg\"}','2024-01-06 17:16:16','2024-01-06 17:16:16'),(348,231,'product-files/product-8.jpg','{\"filename\":\"product-8.jpg\",\"url\":\"product-files\\/product-8.jpg\",\"mime_type\":\"image\\/jpeg\",\"size\":9730,\"modified\":\"2024-01-07 00:16:16\",\"name\":\"product-8\",\"extension\":\"jpg\"}','2024-01-06 17:16:16','2024-01-06 17:16:16'),(349,231,'product-files/product-9.jpg','{\"filename\":\"product-9.jpg\",\"url\":\"product-files\\/product-9.jpg\",\"mime_type\":\"image\\/jpeg\",\"size\":9730,\"modified\":\"2024-01-07 00:16:16\",\"name\":\"product-9\",\"extension\":\"jpg\"}','2024-01-06 17:16:16','2024-01-06 17:16:16'),(350,231,'product-files/product-61.jpg','{\"filename\":\"product-61.jpg\",\"url\":\"product-files\\/product-61.jpg\",\"mime_type\":\"image\\/jpeg\",\"size\":9730,\"modified\":\"2024-01-07 00:16:16\",\"name\":\"product-61\",\"extension\":\"jpg\"}','2024-01-06 17:16:16','2024-01-06 17:16:16'),(351,232,'product-files/product-71.jpg','{\"filename\":\"product-71.jpg\",\"url\":\"product-files\\/product-71.jpg\",\"mime_type\":\"image\\/jpeg\",\"size\":9730,\"modified\":\"2024-01-07 00:16:16\",\"name\":\"product-71\",\"extension\":\"jpg\"}','2024-01-06 17:16:16','2024-01-06 17:16:16'),(352,232,'product-files/product-60.jpg','{\"filename\":\"product-60.jpg\",\"url\":\"product-files\\/product-60.jpg\",\"mime_type\":\"image\\/jpeg\",\"size\":9730,\"modified\":\"2024-01-07 00:16:16\",\"name\":\"product-60\",\"extension\":\"jpg\"}','2024-01-06 17:16:16','2024-01-06 17:16:16'),(353,232,'product-files/product-59.jpg','{\"filename\":\"product-59.jpg\",\"url\":\"product-files\\/product-59.jpg\",\"mime_type\":\"image\\/jpeg\",\"size\":9730,\"modified\":\"2024-01-07 00:16:16\",\"name\":\"product-59\",\"extension\":\"jpg\"}','2024-01-06 17:16:16','2024-01-06 17:16:16'),(354,232,'product-files/product-24.jpg','{\"filename\":\"product-24.jpg\",\"url\":\"product-files\\/product-24.jpg\",\"mime_type\":\"image\\/jpeg\",\"size\":9730,\"modified\":\"2024-01-07 00:16:16\",\"name\":\"product-24\",\"extension\":\"jpg\"}','2024-01-06 17:16:16','2024-01-06 17:16:16'),(355,232,'product-files/product-95.jpg','{\"filename\":\"product-95.jpg\",\"url\":\"product-files\\/product-95.jpg\",\"mime_type\":\"image\\/jpeg\",\"size\":9730,\"modified\":\"2024-01-07 00:16:16\",\"name\":\"product-95\",\"extension\":\"jpg\"}','2024-01-06 17:16:16','2024-01-06 17:16:16'),(356,232,'product-files/product-26.jpg','{\"filename\":\"product-26.jpg\",\"url\":\"product-files\\/product-26.jpg\",\"mime_type\":\"image\\/jpeg\",\"size\":9730,\"modified\":\"2024-01-07 00:16:16\",\"name\":\"product-26\",\"extension\":\"jpg\"}','2024-01-06 17:16:16','2024-01-06 17:16:16'),(357,232,'product-files/product-3.jpg','{\"filename\":\"product-3.jpg\",\"url\":\"product-files\\/product-3.jpg\",\"mime_type\":\"image\\/jpeg\",\"size\":9730,\"modified\":\"2024-01-07 00:16:16\",\"name\":\"product-3\",\"extension\":\"jpg\"}','2024-01-06 17:16:16','2024-01-06 17:16:16'),(358,232,'product-files/product-32.jpg','{\"filename\":\"product-32.jpg\",\"url\":\"product-files\\/product-32.jpg\",\"mime_type\":\"image\\/jpeg\",\"size\":9730,\"modified\":\"2024-01-07 00:16:16\",\"name\":\"product-32\",\"extension\":\"jpg\"}','2024-01-06 17:16:16','2024-01-06 17:16:16'),(359,232,'product-files/product-31.jpg','{\"filename\":\"product-31.jpg\",\"url\":\"product-files\\/product-31.jpg\",\"mime_type\":\"image\\/jpeg\",\"size\":9730,\"modified\":\"2024-01-07 00:16:16\",\"name\":\"product-31\",\"extension\":\"jpg\"}','2024-01-06 17:16:16','2024-01-06 17:16:16'),(360,232,'product-files/product-8.jpg','{\"filename\":\"product-8.jpg\",\"url\":\"product-files\\/product-8.jpg\",\"mime_type\":\"image\\/jpeg\",\"size\":9730,\"modified\":\"2024-01-07 00:16:16\",\"name\":\"product-8\",\"extension\":\"jpg\"}','2024-01-06 17:16:16','2024-01-06 17:16:16'),(361,232,'product-files/product-9.jpg','{\"filename\":\"product-9.jpg\",\"url\":\"product-files\\/product-9.jpg\",\"mime_type\":\"image\\/jpeg\",\"size\":9730,\"modified\":\"2024-01-07 00:16:16\",\"name\":\"product-9\",\"extension\":\"jpg\"}','2024-01-06 17:16:16','2024-01-06 17:16:16'),(362,232,'product-files/product-61.jpg','{\"filename\":\"product-61.jpg\",\"url\":\"product-files\\/product-61.jpg\",\"mime_type\":\"image\\/jpeg\",\"size\":9730,\"modified\":\"2024-01-07 00:16:16\",\"name\":\"product-61\",\"extension\":\"jpg\"}','2024-01-06 17:16:16','2024-01-06 17:16:16'),(363,233,'product-files/product-71.jpg','{\"filename\":\"product-71.jpg\",\"url\":\"product-files\\/product-71.jpg\",\"mime_type\":\"image\\/jpeg\",\"size\":9730,\"modified\":\"2024-01-07 00:16:16\",\"name\":\"product-71\",\"extension\":\"jpg\"}','2024-01-06 17:16:16','2024-01-06 17:16:16'),(364,233,'product-files/product-60.jpg','{\"filename\":\"product-60.jpg\",\"url\":\"product-files\\/product-60.jpg\",\"mime_type\":\"image\\/jpeg\",\"size\":9730,\"modified\":\"2024-01-07 00:16:16\",\"name\":\"product-60\",\"extension\":\"jpg\"}','2024-01-06 17:16:16','2024-01-06 17:16:16'),(365,233,'product-files/product-59.jpg','{\"filename\":\"product-59.jpg\",\"url\":\"product-files\\/product-59.jpg\",\"mime_type\":\"image\\/jpeg\",\"size\":9730,\"modified\":\"2024-01-07 00:16:16\",\"name\":\"product-59\",\"extension\":\"jpg\"}','2024-01-06 17:16:16','2024-01-06 17:16:16'),(366,233,'product-files/product-24.jpg','{\"filename\":\"product-24.jpg\",\"url\":\"product-files\\/product-24.jpg\",\"mime_type\":\"image\\/jpeg\",\"size\":9730,\"modified\":\"2024-01-07 00:16:16\",\"name\":\"product-24\",\"extension\":\"jpg\"}','2024-01-06 17:16:16','2024-01-06 17:16:16'),(367,233,'product-files/product-95.jpg','{\"filename\":\"product-95.jpg\",\"url\":\"product-files\\/product-95.jpg\",\"mime_type\":\"image\\/jpeg\",\"size\":9730,\"modified\":\"2024-01-07 00:16:16\",\"name\":\"product-95\",\"extension\":\"jpg\"}','2024-01-06 17:16:16','2024-01-06 17:16:16'),(368,233,'product-files/product-26.jpg','{\"filename\":\"product-26.jpg\",\"url\":\"product-files\\/product-26.jpg\",\"mime_type\":\"image\\/jpeg\",\"size\":9730,\"modified\":\"2024-01-07 00:16:16\",\"name\":\"product-26\",\"extension\":\"jpg\"}','2024-01-06 17:16:16','2024-01-06 17:16:16'),(369,233,'product-files/product-3.jpg','{\"filename\":\"product-3.jpg\",\"url\":\"product-files\\/product-3.jpg\",\"mime_type\":\"image\\/jpeg\",\"size\":9730,\"modified\":\"2024-01-07 00:16:16\",\"name\":\"product-3\",\"extension\":\"jpg\"}','2024-01-06 17:16:16','2024-01-06 17:16:16'),(370,233,'product-files/product-32.jpg','{\"filename\":\"product-32.jpg\",\"url\":\"product-files\\/product-32.jpg\",\"mime_type\":\"image\\/jpeg\",\"size\":9730,\"modified\":\"2024-01-07 00:16:16\",\"name\":\"product-32\",\"extension\":\"jpg\"}','2024-01-06 17:16:16','2024-01-06 17:16:16'),(371,233,'product-files/product-31.jpg','{\"filename\":\"product-31.jpg\",\"url\":\"product-files\\/product-31.jpg\",\"mime_type\":\"image\\/jpeg\",\"size\":9730,\"modified\":\"2024-01-07 00:16:16\",\"name\":\"product-31\",\"extension\":\"jpg\"}','2024-01-06 17:16:16','2024-01-06 17:16:16'),(372,233,'product-files/product-8.jpg','{\"filename\":\"product-8.jpg\",\"url\":\"product-files\\/product-8.jpg\",\"mime_type\":\"image\\/jpeg\",\"size\":9730,\"modified\":\"2024-01-07 00:16:16\",\"name\":\"product-8\",\"extension\":\"jpg\"}','2024-01-06 17:16:16','2024-01-06 17:16:16'),(373,233,'product-files/product-9.jpg','{\"filename\":\"product-9.jpg\",\"url\":\"product-files\\/product-9.jpg\",\"mime_type\":\"image\\/jpeg\",\"size\":9730,\"modified\":\"2024-01-07 00:16:16\",\"name\":\"product-9\",\"extension\":\"jpg\"}','2024-01-06 17:16:16','2024-01-06 17:16:16'),(374,233,'product-files/product-61.jpg','{\"filename\":\"product-61.jpg\",\"url\":\"product-files\\/product-61.jpg\",\"mime_type\":\"image\\/jpeg\",\"size\":9730,\"modified\":\"2024-01-07 00:16:16\",\"name\":\"product-61\",\"extension\":\"jpg\"}','2024-01-06 17:16:16','2024-01-06 17:16:16'),(375,234,'product-files/product-71.jpg','{\"filename\":\"product-71.jpg\",\"url\":\"product-files\\/product-71.jpg\",\"mime_type\":\"image\\/jpeg\",\"size\":9730,\"modified\":\"2024-01-07 00:16:16\",\"name\":\"product-71\",\"extension\":\"jpg\"}','2024-01-06 17:16:16','2024-01-06 17:16:16'),(376,234,'product-files/product-60.jpg','{\"filename\":\"product-60.jpg\",\"url\":\"product-files\\/product-60.jpg\",\"mime_type\":\"image\\/jpeg\",\"size\":9730,\"modified\":\"2024-01-07 00:16:16\",\"name\":\"product-60\",\"extension\":\"jpg\"}','2024-01-06 17:16:16','2024-01-06 17:16:16'),(377,234,'product-files/product-59.jpg','{\"filename\":\"product-59.jpg\",\"url\":\"product-files\\/product-59.jpg\",\"mime_type\":\"image\\/jpeg\",\"size\":9730,\"modified\":\"2024-01-07 00:16:16\",\"name\":\"product-59\",\"extension\":\"jpg\"}','2024-01-06 17:16:16','2024-01-06 17:16:16'),(378,234,'product-files/product-24.jpg','{\"filename\":\"product-24.jpg\",\"url\":\"product-files\\/product-24.jpg\",\"mime_type\":\"image\\/jpeg\",\"size\":9730,\"modified\":\"2024-01-07 00:16:16\",\"name\":\"product-24\",\"extension\":\"jpg\"}','2024-01-06 17:16:16','2024-01-06 17:16:16'),(379,234,'product-files/product-95.jpg','{\"filename\":\"product-95.jpg\",\"url\":\"product-files\\/product-95.jpg\",\"mime_type\":\"image\\/jpeg\",\"size\":9730,\"modified\":\"2024-01-07 00:16:16\",\"name\":\"product-95\",\"extension\":\"jpg\"}','2024-01-06 17:16:16','2024-01-06 17:16:16'),(380,234,'product-files/product-26.jpg','{\"filename\":\"product-26.jpg\",\"url\":\"product-files\\/product-26.jpg\",\"mime_type\":\"image\\/jpeg\",\"size\":9730,\"modified\":\"2024-01-07 00:16:16\",\"name\":\"product-26\",\"extension\":\"jpg\"}','2024-01-06 17:16:16','2024-01-06 17:16:16'),(381,234,'product-files/product-3.jpg','{\"filename\":\"product-3.jpg\",\"url\":\"product-files\\/product-3.jpg\",\"mime_type\":\"image\\/jpeg\",\"size\":9730,\"modified\":\"2024-01-07 00:16:16\",\"name\":\"product-3\",\"extension\":\"jpg\"}','2024-01-06 17:16:16','2024-01-06 17:16:16'),(382,234,'product-files/product-32.jpg','{\"filename\":\"product-32.jpg\",\"url\":\"product-files\\/product-32.jpg\",\"mime_type\":\"image\\/jpeg\",\"size\":9730,\"modified\":\"2024-01-07 00:16:16\",\"name\":\"product-32\",\"extension\":\"jpg\"}','2024-01-06 17:16:16','2024-01-06 17:16:16'),(383,234,'product-files/product-31.jpg','{\"filename\":\"product-31.jpg\",\"url\":\"product-files\\/product-31.jpg\",\"mime_type\":\"image\\/jpeg\",\"size\":9730,\"modified\":\"2024-01-07 00:16:16\",\"name\":\"product-31\",\"extension\":\"jpg\"}','2024-01-06 17:16:16','2024-01-06 17:16:16'),(384,234,'product-files/product-8.jpg','{\"filename\":\"product-8.jpg\",\"url\":\"product-files\\/product-8.jpg\",\"mime_type\":\"image\\/jpeg\",\"size\":9730,\"modified\":\"2024-01-07 00:16:16\",\"name\":\"product-8\",\"extension\":\"jpg\"}','2024-01-06 17:16:16','2024-01-06 17:16:16'),(385,234,'product-files/product-9.jpg','{\"filename\":\"product-9.jpg\",\"url\":\"product-files\\/product-9.jpg\",\"mime_type\":\"image\\/jpeg\",\"size\":9730,\"modified\":\"2024-01-07 00:16:16\",\"name\":\"product-9\",\"extension\":\"jpg\"}','2024-01-06 17:16:16','2024-01-06 17:16:16'),(386,234,'product-files/product-61.jpg','{\"filename\":\"product-61.jpg\",\"url\":\"product-files\\/product-61.jpg\",\"mime_type\":\"image\\/jpeg\",\"size\":9730,\"modified\":\"2024-01-07 00:16:16\",\"name\":\"product-61\",\"extension\":\"jpg\"}','2024-01-06 17:16:16','2024-01-06 17:16:16'),(387,243,'product-files/product-29.jpg','{\"filename\":\"product-29.jpg\",\"url\":\"product-files\\/product-29.jpg\",\"mime_type\":\"image\\/jpeg\",\"size\":9730,\"modified\":\"2024-01-07 00:16:16\",\"name\":\"product-29\",\"extension\":\"jpg\"}','2024-01-06 17:16:16','2024-01-06 17:16:16'),(388,243,'product-files/product-19.jpg','{\"filename\":\"product-19.jpg\",\"url\":\"product-files\\/product-19.jpg\",\"mime_type\":\"image\\/jpeg\",\"size\":9730,\"modified\":\"2024-01-07 00:16:16\",\"name\":\"product-19\",\"extension\":\"jpg\"}','2024-01-06 17:16:16','2024-01-06 17:16:16'),(389,243,'product-files/product-39.jpg','{\"filename\":\"product-39.jpg\",\"url\":\"product-files\\/product-39.jpg\",\"mime_type\":\"image\\/jpeg\",\"size\":9730,\"modified\":\"2024-01-07 00:16:16\",\"name\":\"product-39\",\"extension\":\"jpg\"}','2024-01-06 17:16:16','2024-01-06 17:16:16'),(390,243,'product-files/product-57.jpg','{\"filename\":\"product-57.jpg\",\"url\":\"product-files\\/product-57.jpg\",\"mime_type\":\"image\\/jpeg\",\"size\":9730,\"modified\":\"2024-01-07 00:16:16\",\"name\":\"product-57\",\"extension\":\"jpg\"}','2024-01-06 17:16:16','2024-01-06 17:16:16'),(391,243,'product-files/product-34.jpg','{\"filename\":\"product-34.jpg\",\"url\":\"product-files\\/product-34.jpg\",\"mime_type\":\"image\\/jpeg\",\"size\":9730,\"modified\":\"2024-01-07 00:16:16\",\"name\":\"product-34\",\"extension\":\"jpg\"}','2024-01-06 17:16:16','2024-01-06 17:16:16'),(392,243,'product-files/product-86.jpg','{\"filename\":\"product-86.jpg\",\"url\":\"product-files\\/product-86.jpg\",\"mime_type\":\"image\\/jpeg\",\"size\":9730,\"modified\":\"2024-01-07 00:16:16\",\"name\":\"product-86\",\"extension\":\"jpg\"}','2024-01-06 17:16:16','2024-01-06 17:16:16'),(393,243,'product-files/product-27.jpg','{\"filename\":\"product-27.jpg\",\"url\":\"product-files\\/product-27.jpg\",\"mime_type\":\"image\\/jpeg\",\"size\":9730,\"modified\":\"2024-01-07 00:16:16\",\"name\":\"product-27\",\"extension\":\"jpg\"}','2024-01-06 17:16:16','2024-01-06 17:16:16'),(394,243,'product-files/product-14.jpg','{\"filename\":\"product-14.jpg\",\"url\":\"product-files\\/product-14.jpg\",\"mime_type\":\"image\\/jpeg\",\"size\":9730,\"modified\":\"2024-01-07 00:16:16\",\"name\":\"product-14\",\"extension\":\"jpg\"}','2024-01-06 17:16:16','2024-01-06 17:16:16'),(395,244,'product-files/product-29.jpg','{\"filename\":\"product-29.jpg\",\"url\":\"product-files\\/product-29.jpg\",\"mime_type\":\"image\\/jpeg\",\"size\":9730,\"modified\":\"2024-01-07 00:16:16\",\"name\":\"product-29\",\"extension\":\"jpg\"}','2024-01-06 17:16:16','2024-01-06 17:16:16'),(396,244,'product-files/product-19.jpg','{\"filename\":\"product-19.jpg\",\"url\":\"product-files\\/product-19.jpg\",\"mime_type\":\"image\\/jpeg\",\"size\":9730,\"modified\":\"2024-01-07 00:16:16\",\"name\":\"product-19\",\"extension\":\"jpg\"}','2024-01-06 17:16:16','2024-01-06 17:16:16'),(397,244,'product-files/product-39.jpg','{\"filename\":\"product-39.jpg\",\"url\":\"product-files\\/product-39.jpg\",\"mime_type\":\"image\\/jpeg\",\"size\":9730,\"modified\":\"2024-01-07 00:16:16\",\"name\":\"product-39\",\"extension\":\"jpg\"}','2024-01-06 17:16:16','2024-01-06 17:16:16'),(398,244,'product-files/product-57.jpg','{\"filename\":\"product-57.jpg\",\"url\":\"product-files\\/product-57.jpg\",\"mime_type\":\"image\\/jpeg\",\"size\":9730,\"modified\":\"2024-01-07 00:16:16\",\"name\":\"product-57\",\"extension\":\"jpg\"}','2024-01-06 17:16:16','2024-01-06 17:16:16'),(399,244,'product-files/product-34.jpg','{\"filename\":\"product-34.jpg\",\"url\":\"product-files\\/product-34.jpg\",\"mime_type\":\"image\\/jpeg\",\"size\":9730,\"modified\":\"2024-01-07 00:16:16\",\"name\":\"product-34\",\"extension\":\"jpg\"}','2024-01-06 17:16:16','2024-01-06 17:16:16'),(400,244,'product-files/product-86.jpg','{\"filename\":\"product-86.jpg\",\"url\":\"product-files\\/product-86.jpg\",\"mime_type\":\"image\\/jpeg\",\"size\":9730,\"modified\":\"2024-01-07 00:16:16\",\"name\":\"product-86\",\"extension\":\"jpg\"}','2024-01-06 17:16:16','2024-01-06 17:16:16'),(401,244,'product-files/product-27.jpg','{\"filename\":\"product-27.jpg\",\"url\":\"product-files\\/product-27.jpg\",\"mime_type\":\"image\\/jpeg\",\"size\":9730,\"modified\":\"2024-01-07 00:16:16\",\"name\":\"product-27\",\"extension\":\"jpg\"}','2024-01-06 17:16:16','2024-01-06 17:16:16'),(402,244,'product-files/product-14.jpg','{\"filename\":\"product-14.jpg\",\"url\":\"product-files\\/product-14.jpg\",\"mime_type\":\"image\\/jpeg\",\"size\":9730,\"modified\":\"2024-01-07 00:16:16\",\"name\":\"product-14\",\"extension\":\"jpg\"}','2024-01-06 17:16:16','2024-01-06 17:16:16'),(403,253,'product-files/product-54.jpg','{\"filename\":\"product-54.jpg\",\"url\":\"product-files\\/product-54.jpg\",\"mime_type\":\"image\\/jpeg\",\"size\":9730,\"modified\":\"2024-01-07 00:16:16\",\"name\":\"product-54\",\"extension\":\"jpg\"}','2024-01-06 17:16:16','2024-01-06 17:16:16'),(404,253,'product-files/product-82.jpg','{\"filename\":\"product-82.jpg\",\"url\":\"product-files\\/product-82.jpg\",\"mime_type\":\"image\\/jpeg\",\"size\":9730,\"modified\":\"2024-01-07 00:16:16\",\"name\":\"product-82\",\"extension\":\"jpg\"}','2024-01-06 17:16:16','2024-01-06 17:16:16'),(405,253,'product-files/product-26.jpg','{\"filename\":\"product-26.jpg\",\"url\":\"product-files\\/product-26.jpg\",\"mime_type\":\"image\\/jpeg\",\"size\":9730,\"modified\":\"2024-01-07 00:16:16\",\"name\":\"product-26\",\"extension\":\"jpg\"}','2024-01-06 17:16:16','2024-01-06 17:16:16'),(406,253,'product-files/product-40.jpg','{\"filename\":\"product-40.jpg\",\"url\":\"product-files\\/product-40.jpg\",\"mime_type\":\"image\\/jpeg\",\"size\":9730,\"modified\":\"2024-01-07 00:16:16\",\"name\":\"product-40\",\"extension\":\"jpg\"}','2024-01-06 17:16:16','2024-01-06 17:16:16'),(407,253,'product-files/product-53.jpg','{\"filename\":\"product-53.jpg\",\"url\":\"product-files\\/product-53.jpg\",\"mime_type\":\"image\\/jpeg\",\"size\":9730,\"modified\":\"2024-01-07 00:16:16\",\"name\":\"product-53\",\"extension\":\"jpg\"}','2024-01-06 17:16:16','2024-01-06 17:16:16'),(408,253,'product-files/product-10.jpg','{\"filename\":\"product-10.jpg\",\"url\":\"product-files\\/product-10.jpg\",\"mime_type\":\"image\\/jpeg\",\"size\":9730,\"modified\":\"2024-01-07 00:16:16\",\"name\":\"product-10\",\"extension\":\"jpg\"}','2024-01-06 17:16:16','2024-01-06 17:16:16'),(409,253,'product-files/product-65.jpg','{\"filename\":\"product-65.jpg\",\"url\":\"product-files\\/product-65.jpg\",\"mime_type\":\"image\\/jpeg\",\"size\":9730,\"modified\":\"2024-01-07 00:16:16\",\"name\":\"product-65\",\"extension\":\"jpg\"}','2024-01-06 17:16:16','2024-01-06 17:16:16'),(410,253,'product-files/product-29.jpg','{\"filename\":\"product-29.jpg\",\"url\":\"product-files\\/product-29.jpg\",\"mime_type\":\"image\\/jpeg\",\"size\":9730,\"modified\":\"2024-01-07 00:16:16\",\"name\":\"product-29\",\"extension\":\"jpg\"}','2024-01-06 17:16:16','2024-01-06 17:16:16'),(411,253,'product-files/product-78.jpg','{\"filename\":\"product-78.jpg\",\"url\":\"product-files\\/product-78.jpg\",\"mime_type\":\"image\\/jpeg\",\"size\":9730,\"modified\":\"2024-01-07 00:16:16\",\"name\":\"product-78\",\"extension\":\"jpg\"}','2024-01-06 17:16:16','2024-01-06 17:16:16'),(412,253,'product-files/product-74.jpg','{\"filename\":\"product-74.jpg\",\"url\":\"product-files\\/product-74.jpg\",\"mime_type\":\"image\\/jpeg\",\"size\":9730,\"modified\":\"2024-01-07 00:16:16\",\"name\":\"product-74\",\"extension\":\"jpg\"}','2024-01-06 17:16:16','2024-01-06 17:16:16'),(413,253,'product-files/product-84.jpg','{\"filename\":\"product-84.jpg\",\"url\":\"product-files\\/product-84.jpg\",\"mime_type\":\"image\\/jpeg\",\"size\":9730,\"modified\":\"2024-01-07 00:16:16\",\"name\":\"product-84\",\"extension\":\"jpg\"}','2024-01-06 17:16:16','2024-01-06 17:16:16'),(414,254,'product-files/product-54.jpg','{\"filename\":\"product-54.jpg\",\"url\":\"product-files\\/product-54.jpg\",\"mime_type\":\"image\\/jpeg\",\"size\":9730,\"modified\":\"2024-01-07 00:16:16\",\"name\":\"product-54\",\"extension\":\"jpg\"}','2024-01-06 17:16:16','2024-01-06 17:16:16'),(415,254,'product-files/product-82.jpg','{\"filename\":\"product-82.jpg\",\"url\":\"product-files\\/product-82.jpg\",\"mime_type\":\"image\\/jpeg\",\"size\":9730,\"modified\":\"2024-01-07 00:16:16\",\"name\":\"product-82\",\"extension\":\"jpg\"}','2024-01-06 17:16:16','2024-01-06 17:16:16'),(416,254,'product-files/product-26.jpg','{\"filename\":\"product-26.jpg\",\"url\":\"product-files\\/product-26.jpg\",\"mime_type\":\"image\\/jpeg\",\"size\":9730,\"modified\":\"2024-01-07 00:16:16\",\"name\":\"product-26\",\"extension\":\"jpg\"}','2024-01-06 17:16:16','2024-01-06 17:16:16'),(417,254,'product-files/product-40.jpg','{\"filename\":\"product-40.jpg\",\"url\":\"product-files\\/product-40.jpg\",\"mime_type\":\"image\\/jpeg\",\"size\":9730,\"modified\":\"2024-01-07 00:16:16\",\"name\":\"product-40\",\"extension\":\"jpg\"}','2024-01-06 17:16:16','2024-01-06 17:16:16'),(418,254,'product-files/product-53.jpg','{\"filename\":\"product-53.jpg\",\"url\":\"product-files\\/product-53.jpg\",\"mime_type\":\"image\\/jpeg\",\"size\":9730,\"modified\":\"2024-01-07 00:16:16\",\"name\":\"product-53\",\"extension\":\"jpg\"}','2024-01-06 17:16:16','2024-01-06 17:16:16'),(419,254,'product-files/product-10.jpg','{\"filename\":\"product-10.jpg\",\"url\":\"product-files\\/product-10.jpg\",\"mime_type\":\"image\\/jpeg\",\"size\":9730,\"modified\":\"2024-01-07 00:16:16\",\"name\":\"product-10\",\"extension\":\"jpg\"}','2024-01-06 17:16:16','2024-01-06 17:16:16'),(420,254,'product-files/product-65.jpg','{\"filename\":\"product-65.jpg\",\"url\":\"product-files\\/product-65.jpg\",\"mime_type\":\"image\\/jpeg\",\"size\":9730,\"modified\":\"2024-01-07 00:16:16\",\"name\":\"product-65\",\"extension\":\"jpg\"}','2024-01-06 17:16:16','2024-01-06 17:16:16'),(421,254,'product-files/product-29.jpg','{\"filename\":\"product-29.jpg\",\"url\":\"product-files\\/product-29.jpg\",\"mime_type\":\"image\\/jpeg\",\"size\":9730,\"modified\":\"2024-01-07 00:16:16\",\"name\":\"product-29\",\"extension\":\"jpg\"}','2024-01-06 17:16:16','2024-01-06 17:16:16'),(422,254,'product-files/product-78.jpg','{\"filename\":\"product-78.jpg\",\"url\":\"product-files\\/product-78.jpg\",\"mime_type\":\"image\\/jpeg\",\"size\":9730,\"modified\":\"2024-01-07 00:16:16\",\"name\":\"product-78\",\"extension\":\"jpg\"}','2024-01-06 17:16:16','2024-01-06 17:16:16'),(423,254,'product-files/product-74.jpg','{\"filename\":\"product-74.jpg\",\"url\":\"product-files\\/product-74.jpg\",\"mime_type\":\"image\\/jpeg\",\"size\":9730,\"modified\":\"2024-01-07 00:16:16\",\"name\":\"product-74\",\"extension\":\"jpg\"}','2024-01-06 17:16:16','2024-01-06 17:16:16'),(424,254,'product-files/product-84.jpg','{\"filename\":\"product-84.jpg\",\"url\":\"product-files\\/product-84.jpg\",\"mime_type\":\"image\\/jpeg\",\"size\":9730,\"modified\":\"2024-01-07 00:16:16\",\"name\":\"product-84\",\"extension\":\"jpg\"}','2024-01-06 17:16:16','2024-01-06 17:16:16'),(425,255,'product-files/product-54.jpg','{\"filename\":\"product-54.jpg\",\"url\":\"product-files\\/product-54.jpg\",\"mime_type\":\"image\\/jpeg\",\"size\":9730,\"modified\":\"2024-01-07 00:16:16\",\"name\":\"product-54\",\"extension\":\"jpg\"}','2024-01-06 17:16:16','2024-01-06 17:16:16'),(426,255,'product-files/product-82.jpg','{\"filename\":\"product-82.jpg\",\"url\":\"product-files\\/product-82.jpg\",\"mime_type\":\"image\\/jpeg\",\"size\":9730,\"modified\":\"2024-01-07 00:16:16\",\"name\":\"product-82\",\"extension\":\"jpg\"}','2024-01-06 17:16:16','2024-01-06 17:16:16'),(427,255,'product-files/product-26.jpg','{\"filename\":\"product-26.jpg\",\"url\":\"product-files\\/product-26.jpg\",\"mime_type\":\"image\\/jpeg\",\"size\":9730,\"modified\":\"2024-01-07 00:16:16\",\"name\":\"product-26\",\"extension\":\"jpg\"}','2024-01-06 17:16:16','2024-01-06 17:16:16'),(428,255,'product-files/product-40.jpg','{\"filename\":\"product-40.jpg\",\"url\":\"product-files\\/product-40.jpg\",\"mime_type\":\"image\\/jpeg\",\"size\":9730,\"modified\":\"2024-01-07 00:16:16\",\"name\":\"product-40\",\"extension\":\"jpg\"}','2024-01-06 17:16:16','2024-01-06 17:16:16'),(429,255,'product-files/product-53.jpg','{\"filename\":\"product-53.jpg\",\"url\":\"product-files\\/product-53.jpg\",\"mime_type\":\"image\\/jpeg\",\"size\":9730,\"modified\":\"2024-01-07 00:16:16\",\"name\":\"product-53\",\"extension\":\"jpg\"}','2024-01-06 17:16:16','2024-01-06 17:16:16'),(430,255,'product-files/product-10.jpg','{\"filename\":\"product-10.jpg\",\"url\":\"product-files\\/product-10.jpg\",\"mime_type\":\"image\\/jpeg\",\"size\":9730,\"modified\":\"2024-01-07 00:16:16\",\"name\":\"product-10\",\"extension\":\"jpg\"}','2024-01-06 17:16:16','2024-01-06 17:16:16'),(431,255,'product-files/product-65.jpg','{\"filename\":\"product-65.jpg\",\"url\":\"product-files\\/product-65.jpg\",\"mime_type\":\"image\\/jpeg\",\"size\":9730,\"modified\":\"2024-01-07 00:16:16\",\"name\":\"product-65\",\"extension\":\"jpg\"}','2024-01-06 17:16:16','2024-01-06 17:16:16'),(432,255,'product-files/product-29.jpg','{\"filename\":\"product-29.jpg\",\"url\":\"product-files\\/product-29.jpg\",\"mime_type\":\"image\\/jpeg\",\"size\":9730,\"modified\":\"2024-01-07 00:16:16\",\"name\":\"product-29\",\"extension\":\"jpg\"}','2024-01-06 17:16:16','2024-01-06 17:16:16'),(433,255,'product-files/product-78.jpg','{\"filename\":\"product-78.jpg\",\"url\":\"product-files\\/product-78.jpg\",\"mime_type\":\"image\\/jpeg\",\"size\":9730,\"modified\":\"2024-01-07 00:16:16\",\"name\":\"product-78\",\"extension\":\"jpg\"}','2024-01-06 17:16:16','2024-01-06 17:16:16'),(434,255,'product-files/product-74.jpg','{\"filename\":\"product-74.jpg\",\"url\":\"product-files\\/product-74.jpg\",\"mime_type\":\"image\\/jpeg\",\"size\":9730,\"modified\":\"2024-01-07 00:16:16\",\"name\":\"product-74\",\"extension\":\"jpg\"}','2024-01-06 17:16:16','2024-01-06 17:16:16'),(435,255,'product-files/product-84.jpg','{\"filename\":\"product-84.jpg\",\"url\":\"product-files\\/product-84.jpg\",\"mime_type\":\"image\\/jpeg\",\"size\":9730,\"modified\":\"2024-01-07 00:16:16\",\"name\":\"product-84\",\"extension\":\"jpg\"}','2024-01-06 17:16:16','2024-01-06 17:16:16'),(436,264,'product-files/product-73.jpg','{\"filename\":\"product-73.jpg\",\"url\":\"product-files\\/product-73.jpg\",\"mime_type\":\"image\\/jpeg\",\"size\":9730,\"modified\":\"2024-01-07 00:16:16\",\"name\":\"product-73\",\"extension\":\"jpg\"}','2024-01-06 17:16:16','2024-01-06 17:16:16'),(437,264,'product-files/product-71.jpg','{\"filename\":\"product-71.jpg\",\"url\":\"product-files\\/product-71.jpg\",\"mime_type\":\"image\\/jpeg\",\"size\":9730,\"modified\":\"2024-01-07 00:16:16\",\"name\":\"product-71\",\"extension\":\"jpg\"}','2024-01-06 17:16:16','2024-01-06 17:16:16'),(438,264,'product-files/product-2.jpg','{\"filename\":\"product-2.jpg\",\"url\":\"product-files\\/product-2.jpg\",\"mime_type\":\"image\\/jpeg\",\"size\":9730,\"modified\":\"2024-01-07 00:16:16\",\"name\":\"product-2\",\"extension\":\"jpg\"}','2024-01-06 17:16:16','2024-01-06 17:16:16'),(439,264,'product-files/product-64.jpg','{\"filename\":\"product-64.jpg\",\"url\":\"product-files\\/product-64.jpg\",\"mime_type\":\"image\\/jpeg\",\"size\":9730,\"modified\":\"2024-01-07 00:16:16\",\"name\":\"product-64\",\"extension\":\"jpg\"}','2024-01-06 17:16:16','2024-01-06 17:16:16'),(440,264,'product-files/product-45.jpg','{\"filename\":\"product-45.jpg\",\"url\":\"product-files\\/product-45.jpg\",\"mime_type\":\"image\\/jpeg\",\"size\":9730,\"modified\":\"2024-01-07 00:16:16\",\"name\":\"product-45\",\"extension\":\"jpg\"}','2024-01-06 17:16:16','2024-01-06 17:16:16'),(441,265,'product-files/product-73.jpg','{\"filename\":\"product-73.jpg\",\"url\":\"product-files\\/product-73.jpg\",\"mime_type\":\"image\\/jpeg\",\"size\":9730,\"modified\":\"2024-01-07 00:16:16\",\"name\":\"product-73\",\"extension\":\"jpg\"}','2024-01-06 17:16:16','2024-01-06 17:16:16'),(442,265,'product-files/product-71.jpg','{\"filename\":\"product-71.jpg\",\"url\":\"product-files\\/product-71.jpg\",\"mime_type\":\"image\\/jpeg\",\"size\":9730,\"modified\":\"2024-01-07 00:16:16\",\"name\":\"product-71\",\"extension\":\"jpg\"}','2024-01-06 17:16:16','2024-01-06 17:16:16'),(443,265,'product-files/product-2.jpg','{\"filename\":\"product-2.jpg\",\"url\":\"product-files\\/product-2.jpg\",\"mime_type\":\"image\\/jpeg\",\"size\":9730,\"modified\":\"2024-01-07 00:16:16\",\"name\":\"product-2\",\"extension\":\"jpg\"}','2024-01-06 17:16:16','2024-01-06 17:16:16'),(444,265,'product-files/product-64.jpg','{\"filename\":\"product-64.jpg\",\"url\":\"product-files\\/product-64.jpg\",\"mime_type\":\"image\\/jpeg\",\"size\":9730,\"modified\":\"2024-01-07 00:16:16\",\"name\":\"product-64\",\"extension\":\"jpg\"}','2024-01-06 17:16:16','2024-01-06 17:16:16'),(445,265,'product-files/product-45.jpg','{\"filename\":\"product-45.jpg\",\"url\":\"product-files\\/product-45.jpg\",\"mime_type\":\"image\\/jpeg\",\"size\":9730,\"modified\":\"2024-01-07 00:16:16\",\"name\":\"product-45\",\"extension\":\"jpg\"}','2024-01-06 17:16:16','2024-01-06 17:16:16'),(446,266,'product-files/product-73.jpg','{\"filename\":\"product-73.jpg\",\"url\":\"product-files\\/product-73.jpg\",\"mime_type\":\"image\\/jpeg\",\"size\":9730,\"modified\":\"2024-01-07 00:16:16\",\"name\":\"product-73\",\"extension\":\"jpg\"}','2024-01-06 17:16:16','2024-01-06 17:16:16'),(447,266,'product-files/product-71.jpg','{\"filename\":\"product-71.jpg\",\"url\":\"product-files\\/product-71.jpg\",\"mime_type\":\"image\\/jpeg\",\"size\":9730,\"modified\":\"2024-01-07 00:16:16\",\"name\":\"product-71\",\"extension\":\"jpg\"}','2024-01-06 17:16:16','2024-01-06 17:16:16'),(448,266,'product-files/product-2.jpg','{\"filename\":\"product-2.jpg\",\"url\":\"product-files\\/product-2.jpg\",\"mime_type\":\"image\\/jpeg\",\"size\":9730,\"modified\":\"2024-01-07 00:16:16\",\"name\":\"product-2\",\"extension\":\"jpg\"}','2024-01-06 17:16:16','2024-01-06 17:16:16'),(449,266,'product-files/product-64.jpg','{\"filename\":\"product-64.jpg\",\"url\":\"product-files\\/product-64.jpg\",\"mime_type\":\"image\\/jpeg\",\"size\":9730,\"modified\":\"2024-01-07 00:16:16\",\"name\":\"product-64\",\"extension\":\"jpg\"}','2024-01-06 17:16:16','2024-01-06 17:16:16'),(450,266,'product-files/product-45.jpg','{\"filename\":\"product-45.jpg\",\"url\":\"product-files\\/product-45.jpg\",\"mime_type\":\"image\\/jpeg\",\"size\":9730,\"modified\":\"2024-01-07 00:16:16\",\"name\":\"product-45\",\"extension\":\"jpg\"}','2024-01-06 17:16:16','2024-01-06 17:16:16'),(451,275,'product-files/product-43.jpg','{\"filename\":\"product-43.jpg\",\"url\":\"product-files\\/product-43.jpg\",\"mime_type\":\"image\\/jpeg\",\"size\":9730,\"modified\":\"2024-01-07 00:16:17\",\"name\":\"product-43\",\"extension\":\"jpg\"}','2024-01-06 17:16:17','2024-01-06 17:16:17'),(452,275,'product-files/product-56.jpg','{\"filename\":\"product-56.jpg\",\"url\":\"product-files\\/product-56.jpg\",\"mime_type\":\"image\\/jpeg\",\"size\":9730,\"modified\":\"2024-01-07 00:16:17\",\"name\":\"product-56\",\"extension\":\"jpg\"}','2024-01-06 17:16:17','2024-01-06 17:16:17'),(453,275,'product-files/product-95.jpg','{\"filename\":\"product-95.jpg\",\"url\":\"product-files\\/product-95.jpg\",\"mime_type\":\"image\\/jpeg\",\"size\":9730,\"modified\":\"2024-01-07 00:16:17\",\"name\":\"product-95\",\"extension\":\"jpg\"}','2024-01-06 17:16:17','2024-01-06 17:16:17'),(454,275,'product-files/product-22.jpg','{\"filename\":\"product-22.jpg\",\"url\":\"product-files\\/product-22.jpg\",\"mime_type\":\"image\\/jpeg\",\"size\":9730,\"modified\":\"2024-01-07 00:16:17\",\"name\":\"product-22\",\"extension\":\"jpg\"}','2024-01-06 17:16:17','2024-01-06 17:16:17'),(455,275,'product-files/product-80.jpg','{\"filename\":\"product-80.jpg\",\"url\":\"product-files\\/product-80.jpg\",\"mime_type\":\"image\\/jpeg\",\"size\":9730,\"modified\":\"2024-01-07 00:16:17\",\"name\":\"product-80\",\"extension\":\"jpg\"}','2024-01-06 17:16:17','2024-01-06 17:16:17'),(456,276,'product-files/product-43.jpg','{\"filename\":\"product-43.jpg\",\"url\":\"product-files\\/product-43.jpg\",\"mime_type\":\"image\\/jpeg\",\"size\":9730,\"modified\":\"2024-01-07 00:16:17\",\"name\":\"product-43\",\"extension\":\"jpg\"}','2024-01-06 17:16:17','2024-01-06 17:16:17'),(457,276,'product-files/product-56.jpg','{\"filename\":\"product-56.jpg\",\"url\":\"product-files\\/product-56.jpg\",\"mime_type\":\"image\\/jpeg\",\"size\":9730,\"modified\":\"2024-01-07 00:16:17\",\"name\":\"product-56\",\"extension\":\"jpg\"}','2024-01-06 17:16:17','2024-01-06 17:16:17'),(458,276,'product-files/product-95.jpg','{\"filename\":\"product-95.jpg\",\"url\":\"product-files\\/product-95.jpg\",\"mime_type\":\"image\\/jpeg\",\"size\":9730,\"modified\":\"2024-01-07 00:16:17\",\"name\":\"product-95\",\"extension\":\"jpg\"}','2024-01-06 17:16:17','2024-01-06 17:16:17'),(459,276,'product-files/product-22.jpg','{\"filename\":\"product-22.jpg\",\"url\":\"product-files\\/product-22.jpg\",\"mime_type\":\"image\\/jpeg\",\"size\":9730,\"modified\":\"2024-01-07 00:16:17\",\"name\":\"product-22\",\"extension\":\"jpg\"}','2024-01-06 17:16:17','2024-01-06 17:16:17'),(460,276,'product-files/product-80.jpg','{\"filename\":\"product-80.jpg\",\"url\":\"product-files\\/product-80.jpg\",\"mime_type\":\"image\\/jpeg\",\"size\":9730,\"modified\":\"2024-01-07 00:16:17\",\"name\":\"product-80\",\"extension\":\"jpg\"}','2024-01-06 17:16:17','2024-01-06 17:16:17'),(461,277,'product-files/product-43.jpg','{\"filename\":\"product-43.jpg\",\"url\":\"product-files\\/product-43.jpg\",\"mime_type\":\"image\\/jpeg\",\"size\":9730,\"modified\":\"2024-01-07 00:16:17\",\"name\":\"product-43\",\"extension\":\"jpg\"}','2024-01-06 17:16:17','2024-01-06 17:16:17'),(462,277,'product-files/product-56.jpg','{\"filename\":\"product-56.jpg\",\"url\":\"product-files\\/product-56.jpg\",\"mime_type\":\"image\\/jpeg\",\"size\":9730,\"modified\":\"2024-01-07 00:16:17\",\"name\":\"product-56\",\"extension\":\"jpg\"}','2024-01-06 17:16:17','2024-01-06 17:16:17'),(463,277,'product-files/product-95.jpg','{\"filename\":\"product-95.jpg\",\"url\":\"product-files\\/product-95.jpg\",\"mime_type\":\"image\\/jpeg\",\"size\":9730,\"modified\":\"2024-01-07 00:16:17\",\"name\":\"product-95\",\"extension\":\"jpg\"}','2024-01-06 17:16:17','2024-01-06 17:16:17'),(464,277,'product-files/product-22.jpg','{\"filename\":\"product-22.jpg\",\"url\":\"product-files\\/product-22.jpg\",\"mime_type\":\"image\\/jpeg\",\"size\":9730,\"modified\":\"2024-01-07 00:16:17\",\"name\":\"product-22\",\"extension\":\"jpg\"}','2024-01-06 17:16:17','2024-01-06 17:16:17'),(465,277,'product-files/product-80.jpg','{\"filename\":\"product-80.jpg\",\"url\":\"product-files\\/product-80.jpg\",\"mime_type\":\"image\\/jpeg\",\"size\":9730,\"modified\":\"2024-01-07 00:16:17\",\"name\":\"product-80\",\"extension\":\"jpg\"}','2024-01-06 17:16:17','2024-01-06 17:16:17'),(466,278,'product-files/product-43.jpg','{\"filename\":\"product-43.jpg\",\"url\":\"product-files\\/product-43.jpg\",\"mime_type\":\"image\\/jpeg\",\"size\":9730,\"modified\":\"2024-01-07 00:16:17\",\"name\":\"product-43\",\"extension\":\"jpg\"}','2024-01-06 17:16:17','2024-01-06 17:16:17'),(467,278,'product-files/product-56.jpg','{\"filename\":\"product-56.jpg\",\"url\":\"product-files\\/product-56.jpg\",\"mime_type\":\"image\\/jpeg\",\"size\":9730,\"modified\":\"2024-01-07 00:16:17\",\"name\":\"product-56\",\"extension\":\"jpg\"}','2024-01-06 17:16:17','2024-01-06 17:16:17'),(468,278,'product-files/product-95.jpg','{\"filename\":\"product-95.jpg\",\"url\":\"product-files\\/product-95.jpg\",\"mime_type\":\"image\\/jpeg\",\"size\":9730,\"modified\":\"2024-01-07 00:16:17\",\"name\":\"product-95\",\"extension\":\"jpg\"}','2024-01-06 17:16:17','2024-01-06 17:16:17'),(469,278,'product-files/product-22.jpg','{\"filename\":\"product-22.jpg\",\"url\":\"product-files\\/product-22.jpg\",\"mime_type\":\"image\\/jpeg\",\"size\":9730,\"modified\":\"2024-01-07 00:16:17\",\"name\":\"product-22\",\"extension\":\"jpg\"}','2024-01-06 17:16:17','2024-01-06 17:16:17'),(470,278,'product-files/product-80.jpg','{\"filename\":\"product-80.jpg\",\"url\":\"product-files\\/product-80.jpg\",\"mime_type\":\"image\\/jpeg\",\"size\":9730,\"modified\":\"2024-01-07 00:16:17\",\"name\":\"product-80\",\"extension\":\"jpg\"}','2024-01-06 17:16:17','2024-01-06 17:16:17'),(471,279,'product-files/product-43.jpg','{\"filename\":\"product-43.jpg\",\"url\":\"product-files\\/product-43.jpg\",\"mime_type\":\"image\\/jpeg\",\"size\":9730,\"modified\":\"2024-01-07 00:16:17\",\"name\":\"product-43\",\"extension\":\"jpg\"}','2024-01-06 17:16:17','2024-01-06 17:16:17'),(472,279,'product-files/product-56.jpg','{\"filename\":\"product-56.jpg\",\"url\":\"product-files\\/product-56.jpg\",\"mime_type\":\"image\\/jpeg\",\"size\":9730,\"modified\":\"2024-01-07 00:16:17\",\"name\":\"product-56\",\"extension\":\"jpg\"}','2024-01-06 17:16:17','2024-01-06 17:16:17'),(473,279,'product-files/product-95.jpg','{\"filename\":\"product-95.jpg\",\"url\":\"product-files\\/product-95.jpg\",\"mime_type\":\"image\\/jpeg\",\"size\":9730,\"modified\":\"2024-01-07 00:16:17\",\"name\":\"product-95\",\"extension\":\"jpg\"}','2024-01-06 17:16:17','2024-01-06 17:16:17'),(474,279,'product-files/product-22.jpg','{\"filename\":\"product-22.jpg\",\"url\":\"product-files\\/product-22.jpg\",\"mime_type\":\"image\\/jpeg\",\"size\":9730,\"modified\":\"2024-01-07 00:16:17\",\"name\":\"product-22\",\"extension\":\"jpg\"}','2024-01-06 17:16:17','2024-01-06 17:16:17'),(475,279,'product-files/product-80.jpg','{\"filename\":\"product-80.jpg\",\"url\":\"product-files\\/product-80.jpg\",\"mime_type\":\"image\\/jpeg\",\"size\":9730,\"modified\":\"2024-01-07 00:16:17\",\"name\":\"product-80\",\"extension\":\"jpg\"}','2024-01-06 17:16:17','2024-01-06 17:16:17');
/*!40000 ALTER TABLE `ec_product_files` ENABLE KEYS */;
UNLOCK TABLES;

--
-- Table structure for table `ec_product_label_products`
--

DROP TABLE IF EXISTS `ec_product_label_products`;
/*!40101 SET @saved_cs_client     = @@character_set_client */;
/*!50503 SET character_set_client = utf8mb4 */;
CREATE TABLE `ec_product_label_products` (
  `product_label_id` bigint unsigned NOT NULL,
  `product_id` bigint unsigned NOT NULL,
  PRIMARY KEY (`product_label_id`,`product_id`),
  KEY `ec_product_label_products_product_label_id_index` (`product_label_id`),
  KEY `ec_product_label_products_product_id_index` (`product_id`)
) ENGINE=InnoDB DEFAULT CHARSET=utf8mb4 COLLATE=utf8mb4_unicode_ci;
/*!40101 SET character_set_client = @saved_cs_client */;

--
-- Dumping data for table `ec_product_label_products`
--

LOCK TABLES `ec_product_label_products` WRITE;
/*!40000 ALTER TABLE `ec_product_label_products` DISABLE KEYS */;
INSERT INTO `ec_product_label_products` VALUES (1,21),(1,28),(1,63),(1,70),(2,35),(2,56),(3,7),(3,14),(3,42),(3,49);
/*!40000 ALTER TABLE `ec_product_label_products` ENABLE KEYS */;
UNLOCK TABLES;

--
-- Table structure for table `ec_product_labels`
--

DROP TABLE IF EXISTS `ec_product_labels`;
/*!40101 SET @saved_cs_client     = @@character_set_client */;
/*!50503 SET character_set_client = utf8mb4 */;
CREATE TABLE `ec_product_labels` (
  `id` bigint unsigned NOT NULL AUTO_INCREMENT,
  `name` varchar(255) COLLATE utf8mb4_unicode_ci NOT NULL,
  `color` varchar(120) COLLATE utf8mb4_unicode_ci DEFAULT NULL,
  `status` varchar(60) COLLATE utf8mb4_unicode_ci NOT NULL DEFAULT 'published',
  `created_at` timestamp NULL DEFAULT NULL,
  `updated_at` timestamp NULL DEFAULT NULL,
  PRIMARY KEY (`id`)
) ENGINE=InnoDB AUTO_INCREMENT=4 DEFAULT CHARSET=utf8mb4 COLLATE=utf8mb4_unicode_ci;
/*!40101 SET character_set_client = @saved_cs_client */;

--
-- Dumping data for table `ec_product_labels`
--

LOCK TABLES `ec_product_labels` WRITE;
/*!40000 ALTER TABLE `ec_product_labels` DISABLE KEYS */;
INSERT INTO `ec_product_labels` VALUES (1,'Hot','#ec2434','published','2024-01-06 17:16:06','2024-01-06 17:16:06'),(2,'New','#00c9a7','published','2024-01-06 17:16:06','2024-01-06 17:16:06'),(3,'Sale','#fe9931','published','2024-01-06 17:16:06','2024-01-06 17:16:06');
/*!40000 ALTER TABLE `ec_product_labels` ENABLE KEYS */;
UNLOCK TABLES;

--
-- Table structure for table `ec_product_labels_translations`
--

DROP TABLE IF EXISTS `ec_product_labels_translations`;
/*!40101 SET @saved_cs_client     = @@character_set_client */;
/*!50503 SET character_set_client = utf8mb4 */;
CREATE TABLE `ec_product_labels_translations` (
  `lang_code` varchar(191) COLLATE utf8mb4_unicode_ci NOT NULL,
  `ec_product_labels_id` bigint unsigned NOT NULL,
  `name` varchar(191) COLLATE utf8mb4_unicode_ci DEFAULT NULL,
  `description` varchar(191) COLLATE utf8mb4_unicode_ci DEFAULT NULL,
  PRIMARY KEY (`lang_code`,`ec_product_labels_id`)
) ENGINE=InnoDB DEFAULT CHARSET=utf8mb4 COLLATE=utf8mb4_unicode_ci;
/*!40101 SET character_set_client = @saved_cs_client */;

--
-- Dumping data for table `ec_product_labels_translations`
--

LOCK TABLES `ec_product_labels_translations` WRITE;
/*!40000 ALTER TABLE `ec_product_labels_translations` DISABLE KEYS */;
/*!40000 ALTER TABLE `ec_product_labels_translations` ENABLE KEYS */;
UNLOCK TABLES;

--
-- Table structure for table `ec_product_related_relations`
--

DROP TABLE IF EXISTS `ec_product_related_relations`;
/*!40101 SET @saved_cs_client     = @@character_set_client */;
/*!50503 SET character_set_client = utf8mb4 */;
CREATE TABLE `ec_product_related_relations` (
  `from_product_id` bigint unsigned NOT NULL,
  `to_product_id` bigint unsigned NOT NULL,
  PRIMARY KEY (`from_product_id`,`to_product_id`),
  KEY `ec_product_related_relations_from_product_id_index` (`from_product_id`),
  KEY `ec_product_related_relations_to_product_id_index` (`to_product_id`)
) ENGINE=InnoDB DEFAULT CHARSET=utf8mb4 COLLATE=utf8mb4_unicode_ci;
/*!40101 SET character_set_client = @saved_cs_client */;

--
-- Dumping data for table `ec_product_related_relations`
--

LOCK TABLES `ec_product_related_relations` WRITE;
/*!40000 ALTER TABLE `ec_product_related_relations` DISABLE KEYS */;
/*!40000 ALTER TABLE `ec_product_related_relations` ENABLE KEYS */;
UNLOCK TABLES;

--
-- Table structure for table `ec_product_tag_product`
--

DROP TABLE IF EXISTS `ec_product_tag_product`;
/*!40101 SET @saved_cs_client     = @@character_set_client */;
/*!50503 SET character_set_client = utf8mb4 */;
CREATE TABLE `ec_product_tag_product` (
  `product_id` bigint unsigned NOT NULL,
  `tag_id` bigint unsigned NOT NULL,
  PRIMARY KEY (`product_id`,`tag_id`),
  KEY `ec_product_tag_product_product_id_index` (`product_id`),
  KEY `ec_product_tag_product_tag_id_index` (`tag_id`)
) ENGINE=InnoDB DEFAULT CHARSET=utf8mb4 COLLATE=utf8mb4_unicode_ci;
/*!40101 SET character_set_client = @saved_cs_client */;

--
-- Dumping data for table `ec_product_tag_product`
--

LOCK TABLES `ec_product_tag_product` WRITE;
/*!40000 ALTER TABLE `ec_product_tag_product` DISABLE KEYS */;
INSERT INTO `ec_product_tag_product` VALUES (1,2),(1,4),(1,6),(2,2),(2,5),(2,6),(3,4),(3,5),(4,3),(4,4),(4,5),(5,3),(5,6),(6,2),(6,4),(6,5),(7,2),(7,4),(7,6),(8,2),(8,3),(8,6),(9,2),(9,5),(10,1),(10,3),(10,6),(11,3),(11,5),(12,2),(12,3),(12,6),(13,2),(13,6),(14,2),(14,3),(14,5),(15,1),(15,2),(16,4),(16,6),(17,2),(17,3),(17,6),(18,1),(18,2),(18,6),(19,1),(19,3),(19,5),(20,6),(21,1),(21,4),(22,2),(22,4),(22,6),(23,1),(23,3),(23,4),(24,2),(24,5),(24,6),(25,3),(25,5),(25,6),(26,1),(26,5),(27,3),(27,5),(27,6),(28,3),(28,5),(28,6),(29,2),(29,3),(29,5),(30,2),(30,6),(31,1),(31,2),(31,3),(32,3),(32,5),(33,2),(33,3),(33,5),(34,2),(34,4),(34,5),(35,3),(35,5),(36,2),(36,4),(36,6),(37,1),(37,2),(37,4),(38,1),(38,3),(39,2),(39,4),(40,4),(40,6),(41,1),(41,6),(42,1),(42,2),(42,5),(43,2),(43,3),(43,4),(44,1),(44,3),(45,1),(45,2),(45,4),(46,1),(46,2),(46,4),(47,3),(47,4),(47,5),(48,5),(48,6),(49,2),(49,3),(49,6),(50,2),(50,3),(50,5),(51,1),(51,6),(52,2),(52,4),(52,5),(53,1),(53,4),(53,5),(54,1),(54,3),(54,4),(55,2),(55,4),(55,5),(56,3),(56,5),(57,2),(57,3),(57,6),(58,1),(58,4),(58,5),(59,5),(59,6),(60,4),(60,6),(61,2),(61,4),(61,5),(62,2),(62,3),(63,1),(63,4),(63,6),(64,5),(64,6),(65,2),(65,3),(65,6),(66,1),(66,4),(66,6),(67,1),(67,3),(67,6),(68,3),(68,5),(69,1),(69,2),(69,5),(70,1),(70,2),(71,2),(71,3),(71,5),(72,4),(72,5),(73,1),(73,3),(73,6),(74,2),(74,4),(74,6),(75,4),(75,5),(75,6);
/*!40000 ALTER TABLE `ec_product_tag_product` ENABLE KEYS */;
UNLOCK TABLES;

--
-- Table structure for table `ec_product_tags`
--

DROP TABLE IF EXISTS `ec_product_tags`;
/*!40101 SET @saved_cs_client     = @@character_set_client */;
/*!50503 SET character_set_client = utf8mb4 */;
CREATE TABLE `ec_product_tags` (
  `id` bigint unsigned NOT NULL AUTO_INCREMENT,
  `name` varchar(120) COLLATE utf8mb4_unicode_ci NOT NULL,
  `description` varchar(400) COLLATE utf8mb4_unicode_ci DEFAULT NULL,
  `status` varchar(60) COLLATE utf8mb4_unicode_ci NOT NULL DEFAULT 'published',
  `created_at` timestamp NULL DEFAULT NULL,
  `updated_at` timestamp NULL DEFAULT NULL,
  PRIMARY KEY (`id`)
) ENGINE=InnoDB AUTO_INCREMENT=7 DEFAULT CHARSET=utf8mb4 COLLATE=utf8mb4_unicode_ci;
/*!40101 SET character_set_client = @saved_cs_client */;

--
-- Dumping data for table `ec_product_tags`
--

LOCK TABLES `ec_product_tags` WRITE;
/*!40000 ALTER TABLE `ec_product_tags` DISABLE KEYS */;
INSERT INTO `ec_product_tags` VALUES (1,'Electronic',NULL,'published','2024-01-06 17:16:06','2024-01-06 17:16:06'),(2,'Mobile',NULL,'published','2024-01-06 17:16:06','2024-01-06 17:16:06'),(3,'Iphone',NULL,'published','2024-01-06 17:16:06','2024-01-06 17:16:06'),(4,'Printer',NULL,'published','2024-01-06 17:16:06','2024-01-06 17:16:06'),(5,'Office',NULL,'published','2024-01-06 17:16:06','2024-01-06 17:16:06'),(6,'IT',NULL,'published','2024-01-06 17:16:06','2024-01-06 17:16:06');
/*!40000 ALTER TABLE `ec_product_tags` ENABLE KEYS */;
UNLOCK TABLES;

--
-- Table structure for table `ec_product_tags_translations`
--

DROP TABLE IF EXISTS `ec_product_tags_translations`;
/*!40101 SET @saved_cs_client     = @@character_set_client */;
/*!50503 SET character_set_client = utf8mb4 */;
CREATE TABLE `ec_product_tags_translations` (
  `lang_code` varchar(191) COLLATE utf8mb4_unicode_ci NOT NULL,
  `ec_product_tags_id` bigint unsigned NOT NULL,
  `name` varchar(191) COLLATE utf8mb4_unicode_ci DEFAULT NULL,
  PRIMARY KEY (`lang_code`,`ec_product_tags_id`)
) ENGINE=InnoDB DEFAULT CHARSET=utf8mb4 COLLATE=utf8mb4_unicode_ci;
/*!40101 SET character_set_client = @saved_cs_client */;

--
-- Dumping data for table `ec_product_tags_translations`
--

LOCK TABLES `ec_product_tags_translations` WRITE;
/*!40000 ALTER TABLE `ec_product_tags_translations` DISABLE KEYS */;
/*!40000 ALTER TABLE `ec_product_tags_translations` ENABLE KEYS */;
UNLOCK TABLES;

--
-- Table structure for table `ec_product_up_sale_relations`
--

DROP TABLE IF EXISTS `ec_product_up_sale_relations`;
/*!40101 SET @saved_cs_client     = @@character_set_client */;
/*!50503 SET character_set_client = utf8mb4 */;
CREATE TABLE `ec_product_up_sale_relations` (
  `from_product_id` bigint unsigned NOT NULL,
  `to_product_id` bigint unsigned NOT NULL,
  PRIMARY KEY (`from_product_id`,`to_product_id`),
  KEY `ec_product_up_sale_relations_from_product_id_index` (`from_product_id`),
  KEY `ec_product_up_sale_relations_to_product_id_index` (`to_product_id`)
) ENGINE=InnoDB DEFAULT CHARSET=utf8mb4 COLLATE=utf8mb4_unicode_ci;
/*!40101 SET character_set_client = @saved_cs_client */;

--
-- Dumping data for table `ec_product_up_sale_relations`
--

LOCK TABLES `ec_product_up_sale_relations` WRITE;
/*!40000 ALTER TABLE `ec_product_up_sale_relations` DISABLE KEYS */;
/*!40000 ALTER TABLE `ec_product_up_sale_relations` ENABLE KEYS */;
UNLOCK TABLES;

--
-- Table structure for table `ec_product_variation_items`
--

DROP TABLE IF EXISTS `ec_product_variation_items`;
/*!40101 SET @saved_cs_client     = @@character_set_client */;
/*!50503 SET character_set_client = utf8mb4 */;
CREATE TABLE `ec_product_variation_items` (
  `id` bigint unsigned NOT NULL AUTO_INCREMENT,
  `attribute_id` bigint unsigned NOT NULL,
  `variation_id` bigint unsigned NOT NULL,
  PRIMARY KEY (`id`),
  KEY `attribute_variation_index` (`attribute_id`,`variation_id`)
) ENGINE=InnoDB AUTO_INCREMENT=421 DEFAULT CHARSET=utf8mb4 COLLATE=utf8mb4_unicode_ci;
/*!40101 SET character_set_client = @saved_cs_client */;

--
-- Dumping data for table `ec_product_variation_items`
--

LOCK TABLES `ec_product_variation_items` WRITE;
/*!40000 ALTER TABLE `ec_product_variation_items` DISABLE KEYS */;
INSERT INTO `ec_product_variation_items` VALUES (9,1,5),(13,1,7),(15,1,8),(55,1,28),(57,1,29),(59,1,30),(61,1,31),(69,1,35),(97,1,49),(113,1,57),(123,1,62),(143,1,72),(145,1,73),(157,1,79),(167,1,84),(177,1,89),(179,1,90),(181,1,91),(189,1,95),(217,1,109),(229,1,115),(239,1,120),(249,1,125),(267,1,134),(277,1,139),(285,1,143),(293,1,147),(297,1,149),(311,1,156),(317,1,159),(319,1,160),(323,1,162),(337,1,169),(343,1,172),(367,1,184),(371,1,186),(387,1,194),(399,1,200),(403,1,202),(407,1,204),(411,1,206),(417,1,209),(1,2,1),(17,2,9),(19,2,10),(23,2,12),(31,2,16),(37,2,19),(49,2,25),(51,2,26),(53,2,27),(71,2,36),(89,2,45),(101,2,51),(103,2,52),(107,2,54),(119,2,60),(121,2,61),(125,2,63),(127,2,64),(131,2,66),(133,2,67),(135,2,68),(139,2,70),(187,2,94),(193,2,97),(199,2,100),(207,2,104),(213,2,107),(235,2,118),(247,2,124),(281,2,141),(321,2,161),(329,2,165),(349,2,175),(351,2,176),(365,2,183),(369,2,185),(373,2,187),(389,2,195),(3,3,2),(11,3,6),(25,3,13),(27,3,14),(35,3,18),(41,3,21),(43,3,22),(67,3,34),(73,3,37),(77,3,39),(79,3,40),(93,3,47),(95,3,48),(111,3,56),(129,3,65),(141,3,71),(151,3,76),(165,3,83),(175,3,88),(205,3,103),(215,3,108),(219,3,110),(251,3,126),(257,3,129),(261,3,131),(269,3,135),(275,3,138),(299,3,150),(305,3,153),(313,3,157),(325,3,163),(335,3,168),(339,3,170),(353,3,177),(355,3,178),(359,3,180),(391,3,196),(393,3,197),(395,3,198),(397,3,199),(409,3,205),(419,3,210),(5,4,3),(21,4,11),(45,4,23),(75,4,38),(83,4,42),(91,4,46),(99,4,50),(147,4,74),(149,4,75),(155,4,78),(159,4,80),(169,4,85),(171,4,86),(173,4,87),(183,4,92),(185,4,93),(191,4,96),(201,4,101),(203,4,102),(211,4,106),(221,4,111),(223,4,112),(227,4,114),(233,4,117),(237,4,119),(245,4,123),(253,4,127),(259,4,130),(263,4,132),(265,4,133),(273,4,137),(279,4,140),(287,4,144),(289,4,145),(291,4,146),(295,4,148),(301,4,151),(303,4,152),(307,4,154),(327,4,164),(331,4,166),(333,4,167),(341,4,171),(345,4,173),(347,4,174),(357,4,179),(379,4,190),(381,4,191),(383,4,192),(401,4,201),(405,4,203),(415,4,208),(7,5,4),(29,5,15),(33,5,17),(39,5,20),(47,5,24),(63,5,32),(65,5,33),(81,5,41),(85,5,43),(87,5,44),(105,5,53),(109,5,55),(115,5,58),(117,5,59),(137,5,69),(153,5,77),(161,5,81),(163,5,82),(195,5,98),(197,5,99),(209,5,105),(225,5,113),(231,5,116),(241,5,121),(243,5,122),(255,5,128),(271,5,136),(283,5,142),(309,5,155),(315,5,158),(361,5,181),(363,5,182),(375,5,188),(377,5,189),(385,5,193),(413,5,207),(10,6,5),(16,6,8),(28,6,14),(30,6,15),(34,6,17),(78,6,39),(96,6,48),(134,6,67),(136,6,68),(150,6,75),(156,6,78),(158,6,79),(160,6,80),(202,6,101),(208,6,104),(210,6,105),(222,6,111),(224,6,112),(244,6,122),(250,6,125),(256,6,128),(260,6,130),(290,6,145),(294,6,147),(312,6,156),(320,6,160),(324,6,162),(336,6,168),(338,6,169),(352,6,176),(356,6,178),(360,6,180),(374,6,187),(376,6,188),(380,6,190),(384,6,192),(390,6,195),(392,6,196),(398,6,199),(400,6,200),(402,6,201),(404,6,202),(408,6,204),(412,6,206),(418,6,209),(14,7,7),(26,7,13),(36,7,18),(42,7,21),(48,7,24),(52,7,26),(58,7,29),(64,7,32),(66,7,33),(70,7,35),(92,7,46),(98,7,49),(104,7,52),(122,7,61),(124,7,62),(128,7,64),(132,7,66),(184,7,92),(194,7,97),(200,7,100),(204,7,102),(226,7,113),(228,7,114),(230,7,115),(242,7,121),(266,7,133),(272,7,136),(276,7,138),(286,7,143),(298,7,149),(302,7,151),(304,7,152),(306,7,153),(310,7,155),(316,7,158),(322,7,161),(334,7,167),(346,7,173),(358,7,179),(372,7,186),(32,8,16),(46,8,23),(50,8,25),(56,8,28),(62,8,31),(68,8,34),(72,8,36),(74,8,37),(76,8,38),(80,8,40),(106,8,53),(112,8,56),(120,8,60),(138,8,69),(140,8,70),(142,8,71),(162,8,81),(164,8,82),(166,8,83),(172,8,86),(174,8,87),(176,8,88),(178,8,89),(186,8,93),(196,8,98),(198,8,99),(206,8,103),(214,8,107),(232,8,116),(238,8,119),(240,8,120),(248,8,124),(254,8,127),(264,8,132),(274,8,137),(296,8,148),(300,8,150),(314,8,157),(318,8,159),(326,8,163),(330,8,165),(332,8,166),(348,8,174),(366,8,183),(370,8,185),(382,8,191),(396,8,198),(406,8,203),(414,8,207),(2,9,1),(4,9,2),(8,9,4),(12,9,6),(20,9,10),(22,9,11),(44,9,22),(54,9,27),(88,9,44),(100,9,50),(118,9,59),(126,9,63),(144,9,72),(148,9,74),(154,9,77),(170,9,85),(180,9,90),(182,9,91),(192,9,96),(216,9,108),(220,9,110),(234,9,117),(236,9,118),(258,9,129),(268,9,134),(270,9,135),(278,9,139),(284,9,142),(362,9,181),(394,9,197),(410,9,205),(416,9,208),(6,10,3),(18,10,9),(24,10,12),(38,10,19),(40,10,20),(60,10,30),(82,10,41),(84,10,42),(86,10,43),(90,10,45),(94,10,47),(102,10,51),(108,10,54),(110,10,55),(114,10,57),(116,10,58),(130,10,65),(146,10,73),(152,10,76),(168,10,84),(188,10,94),(190,10,95),(212,10,106),(218,10,109),(246,10,123),(252,10,126),(262,10,131),(280,10,140),(282,10,141),(288,10,144),(292,10,146),(308,10,154),(328,10,164),(340,10,170),(342,10,171),(344,10,172),(350,10,175),(354,10,177),(364,10,182),(368,10,184),(378,10,189),(386,10,193),(388,10,194),(420,10,210);
/*!40000 ALTER TABLE `ec_product_variation_items` ENABLE KEYS */;
UNLOCK TABLES;

--
-- Table structure for table `ec_product_variations`
--

DROP TABLE IF EXISTS `ec_product_variations`;
/*!40101 SET @saved_cs_client     = @@character_set_client */;
/*!50503 SET character_set_client = utf8mb4 */;
CREATE TABLE `ec_product_variations` (
  `id` bigint unsigned NOT NULL AUTO_INCREMENT,
  `product_id` bigint unsigned DEFAULT NULL,
  `configurable_product_id` bigint unsigned NOT NULL,
  `is_default` tinyint NOT NULL DEFAULT '0',
  PRIMARY KEY (`id`),
  UNIQUE KEY `ec_product_variations_product_id_configurable_product_id_unique` (`product_id`,`configurable_product_id`),
  KEY `configurable_product_index` (`product_id`,`configurable_product_id`)
) ENGINE=InnoDB AUTO_INCREMENT=211 DEFAULT CHARSET=utf8mb4 COLLATE=utf8mb4_unicode_ci;
/*!40101 SET character_set_client = @saved_cs_client */;

--
-- Dumping data for table `ec_product_variations`
--

LOCK TABLES `ec_product_variations` WRITE;
/*!40000 ALTER TABLE `ec_product_variations` DISABLE KEYS */;
INSERT INTO `ec_product_variations` VALUES (1,76,1,1),(2,77,1,0),(3,78,2,1),(4,79,2,0),(5,80,2,0),(6,81,2,0),(7,82,3,1),(8,83,3,0),(9,84,3,0),(10,85,4,1),(11,86,4,0),(12,87,5,1),(13,88,5,0),(14,89,6,1),(15,90,6,0),(16,91,6,0),(17,92,6,0),(18,93,7,1),(19,94,7,0),(20,95,7,0),(21,96,7,0),(22,97,8,1),(23,98,8,0),(24,99,8,0),(25,100,8,0),(26,101,9,1),(27,102,9,0),(28,103,9,0),(29,104,10,1),(30,105,10,0),(31,106,10,0),(32,107,10,0),(33,108,11,1),(34,109,11,0),(35,110,11,0),(36,111,11,0),(37,112,11,0),(38,113,12,1),(39,114,12,0),(40,115,13,1),(41,116,13,0),(42,117,14,1),(43,118,14,0),(44,119,14,0),(45,120,14,0),(46,121,14,0),(47,122,15,1),(48,123,16,1),(49,124,16,0),(50,125,16,0),(51,126,17,1),(52,127,18,1),(53,128,19,1),(54,129,20,1),(55,130,20,0),(56,131,21,1),(57,132,21,0),(58,133,21,0),(59,134,21,0),(60,135,22,1),(61,136,22,0),(62,137,23,1),(63,138,24,1),(64,139,24,0),(65,140,25,1),(66,141,25,0),(67,142,26,1),(68,143,26,0),(69,144,27,1),(70,145,27,0),(71,146,27,0),(72,147,28,1),(73,148,28,0),(74,149,29,1),(75,150,30,1),(76,151,30,0),(77,152,31,1),(78,153,32,1),(79,154,32,0),(80,155,32,0),(81,156,32,0),(82,157,33,1),(83,158,33,0),(84,159,33,0),(85,160,33,0),(86,161,34,1),(87,162,34,0),(88,163,35,1),(89,164,35,0),(90,165,35,0),(91,166,35,0),(92,167,36,1),(93,168,36,0),(94,169,37,1),(95,170,37,0),(96,171,37,0),(97,172,37,0),(98,173,38,1),(99,174,38,0),(100,175,39,1),(101,176,39,0),(102,177,40,1),(103,178,40,0),(104,179,41,1),(105,180,41,0),(106,181,41,0),(107,182,42,1),(108,183,42,0),(109,184,43,1),(110,185,43,0),(111,186,43,0),(112,187,44,1),(113,188,44,0),(114,189,44,0),(115,190,44,0),(116,191,45,1),(117,192,45,0),(118,193,46,1),(119,194,46,0),(120,195,46,0),(121,196,47,1),(122,197,47,0),(123,198,47,0),(124,199,47,0),(125,200,48,1),(126,201,48,0),(127,202,48,0),(128,203,49,1),(129,204,49,0),(130,205,49,0),(131,206,49,0),(132,207,49,0),(133,208,50,1),(134,209,50,0),(135,210,50,0),(136,211,50,0),(137,212,51,1),(138,213,51,0),(139,214,52,1),(140,215,52,0),(141,216,52,0),(142,217,53,1),(143,218,53,0),(144,219,53,0),(145,220,53,0),(146,221,54,1),(147,222,54,0),(148,223,54,0),(149,224,55,1),(150,225,55,0),(151,226,55,0),(152,227,55,0),(153,228,56,1),(154,229,56,0),(155,230,57,1),(156,231,57,0),(157,232,57,0),(158,233,57,0),(159,234,57,0),(160,235,58,1),(161,236,58,0),(162,237,58,0),(163,238,58,0),(164,239,59,1),(165,240,60,1),(166,241,60,0),(167,242,60,0),(168,243,61,1),(169,244,61,0),(170,245,62,1),(171,246,63,1),(172,247,63,0),(173,248,63,0),(174,249,63,0),(175,250,63,0),(176,251,64,1),(177,252,64,0),(178,253,65,1),(179,254,65,0),(180,255,65,0),(181,256,66,1),(182,257,66,0),(183,258,66,0),(184,259,66,0),(185,260,67,1),(186,261,68,1),(187,262,68,0),(188,263,68,0),(189,264,69,1),(190,265,69,0),(191,266,69,0),(192,267,70,1),(193,268,70,0),(194,269,71,1),(195,270,71,0),(196,271,71,0),(197,272,71,0),(198,273,72,1),(199,274,72,0),(200,275,73,1),(201,276,73,0),(202,277,73,0),(203,278,73,0),(204,279,73,0),(205,280,74,1),(206,281,74,0),(207,282,74,0),(208,283,75,1),(209,284,75,0),(210,285,75,0);
/*!40000 ALTER TABLE `ec_product_variations` ENABLE KEYS */;
UNLOCK TABLES;

--
-- Table structure for table `ec_product_views`
--

DROP TABLE IF EXISTS `ec_product_views`;
/*!40101 SET @saved_cs_client     = @@character_set_client */;
/*!50503 SET character_set_client = utf8mb4 */;
CREATE TABLE `ec_product_views` (
  `id` bigint unsigned NOT NULL AUTO_INCREMENT,
  `product_id` bigint unsigned NOT NULL,
  `views` int NOT NULL DEFAULT '1',
  `date` date NOT NULL DEFAULT '2024-01-07',
  PRIMARY KEY (`id`),
  UNIQUE KEY `ec_product_views_product_id_date_unique` (`product_id`,`date`),
  KEY `ec_product_views_product_id_index` (`product_id`)
) ENGINE=InnoDB DEFAULT CHARSET=utf8mb4 COLLATE=utf8mb4_unicode_ci;
/*!40101 SET character_set_client = @saved_cs_client */;

--
-- Dumping data for table `ec_product_views`
--

LOCK TABLES `ec_product_views` WRITE;
/*!40000 ALTER TABLE `ec_product_views` DISABLE KEYS */;
/*!40000 ALTER TABLE `ec_product_views` ENABLE KEYS */;
UNLOCK TABLES;

--
-- Table structure for table `ec_product_with_attribute_set`
--

DROP TABLE IF EXISTS `ec_product_with_attribute_set`;
/*!40101 SET @saved_cs_client     = @@character_set_client */;
/*!50503 SET character_set_client = utf8mb4 */;
CREATE TABLE `ec_product_with_attribute_set` (
  `attribute_set_id` bigint unsigned NOT NULL,
  `product_id` bigint unsigned NOT NULL,
  `order` tinyint unsigned NOT NULL DEFAULT '0',
  PRIMARY KEY (`product_id`,`attribute_set_id`)
) ENGINE=InnoDB DEFAULT CHARSET=utf8mb4 COLLATE=utf8mb4_unicode_ci;
/*!40101 SET character_set_client = @saved_cs_client */;

--
-- Dumping data for table `ec_product_with_attribute_set`
--

LOCK TABLES `ec_product_with_attribute_set` WRITE;
/*!40000 ALTER TABLE `ec_product_with_attribute_set` DISABLE KEYS */;
INSERT INTO `ec_product_with_attribute_set` VALUES (1,1,0),(2,1,0),(1,2,0),(2,2,0),(1,3,0),(2,3,0),(1,4,0),(2,4,0),(1,5,0),(2,5,0),(1,6,0),(2,6,0),(1,7,0),(2,7,0),(1,8,0),(2,8,0),(1,9,0),(2,9,0),(1,10,0),(2,10,0),(1,11,0),(2,11,0),(1,12,0),(2,12,0),(1,13,0),(2,13,0),(1,14,0),(2,14,0),(1,15,0),(2,15,0),(1,16,0),(2,16,0),(1,17,0),(2,17,0),(1,18,0),(2,18,0),(1,19,0),(2,19,0),(1,20,0),(2,20,0),(1,21,0),(2,21,0),(1,22,0),(2,22,0),(1,23,0),(2,23,0),(1,24,0),(2,24,0),(1,25,0),(2,25,0),(1,26,0),(2,26,0),(1,27,0),(2,27,0),(1,28,0),(2,28,0),(1,29,0),(2,29,0),(1,30,0),(2,30,0),(1,31,0),(2,31,0),(1,32,0),(2,32,0),(1,33,0),(2,33,0),(1,34,0),(2,34,0),(1,35,0),(2,35,0),(1,36,0),(2,36,0),(1,37,0),(2,37,0),(1,38,0),(2,38,0),(1,39,0),(2,39,0),(1,40,0),(2,40,0),(1,41,0),(2,41,0),(1,42,0),(2,42,0),(1,43,0),(2,43,0),(1,44,0),(2,44,0),(1,45,0),(2,45,0),(1,46,0),(2,46,0),(1,47,0),(2,47,0),(1,48,0),(2,48,0),(1,49,0),(2,49,0),(1,50,0),(2,50,0),(1,51,0),(2,51,0),(1,52,0),(2,52,0),(1,53,0),(2,53,0),(1,54,0),(2,54,0),(1,55,0),(2,55,0),(1,56,0),(2,56,0),(1,57,0),(2,57,0),(1,58,0),(2,58,0),(1,59,0),(2,59,0),(1,60,0),(2,60,0),(1,61,0),(2,61,0),(1,62,0),(2,62,0),(1,63,0),(2,63,0),(1,64,0),(2,64,0),(1,65,0),(2,65,0),(1,66,0),(2,66,0),(1,67,0),(2,67,0),(1,68,0),(2,68,0),(1,69,0),(2,69,0),(1,70,0),(2,70,0),(1,71,0),(2,71,0),(1,72,0),(2,72,0),(1,73,0),(2,73,0),(1,74,0),(2,74,0),(1,75,0),(2,75,0);
/*!40000 ALTER TABLE `ec_product_with_attribute_set` ENABLE KEYS */;
UNLOCK TABLES;

--
-- Table structure for table `ec_products`
--

DROP TABLE IF EXISTS `ec_products`;
/*!40101 SET @saved_cs_client     = @@character_set_client */;
/*!50503 SET character_set_client = utf8mb4 */;
CREATE TABLE `ec_products` (
  `id` bigint unsigned NOT NULL AUTO_INCREMENT,
  `name` varchar(191) COLLATE utf8mb4_unicode_ci NOT NULL,
  `description` text COLLATE utf8mb4_unicode_ci,
  `content` longtext COLLATE utf8mb4_unicode_ci,
  `status` varchar(60) COLLATE utf8mb4_unicode_ci NOT NULL DEFAULT 'published',
  `images` text COLLATE utf8mb4_unicode_ci,
  `sku` varchar(191) COLLATE utf8mb4_unicode_ci DEFAULT NULL,
  `order` int unsigned NOT NULL DEFAULT '0',
  `quantity` int unsigned DEFAULT NULL,
  `allow_checkout_when_out_of_stock` tinyint unsigned NOT NULL DEFAULT '0',
  `with_storehouse_management` tinyint unsigned NOT NULL DEFAULT '0',
  `is_featured` tinyint unsigned NOT NULL DEFAULT '0',
  `brand_id` bigint unsigned DEFAULT NULL,
  `is_variation` tinyint NOT NULL DEFAULT '0',
  `sale_type` tinyint NOT NULL DEFAULT '0',
  `price` double unsigned DEFAULT NULL,
  `sale_price` double unsigned DEFAULT NULL,
  `start_date` timestamp NULL DEFAULT NULL,
  `end_date` timestamp NULL DEFAULT NULL,
  `length` double(8,2) DEFAULT NULL,
  `wide` double(8,2) DEFAULT NULL,
  `height` double(8,2) DEFAULT NULL,
  `weight` double(8,2) DEFAULT NULL,
  `tax_id` bigint unsigned DEFAULT NULL,
  `views` bigint NOT NULL DEFAULT '0',
  `created_at` timestamp NULL DEFAULT NULL,
  `updated_at` timestamp NULL DEFAULT NULL,
  `stock_status` varchar(191) COLLATE utf8mb4_unicode_ci DEFAULT 'in_stock',
  `created_by_id` bigint unsigned DEFAULT '0',
  `created_by_type` varchar(255) COLLATE utf8mb4_unicode_ci NOT NULL DEFAULT 'Botble\\ACL\\Models\\User',
  `image` varchar(255) COLLATE utf8mb4_unicode_ci DEFAULT NULL,
  `product_type` varchar(60) COLLATE utf8mb4_unicode_ci DEFAULT 'physical',
  `barcode` varchar(50) COLLATE utf8mb4_unicode_ci DEFAULT NULL,
  `cost_per_item` double DEFAULT NULL,
  `generate_license_code` tinyint(1) NOT NULL DEFAULT '0',
  PRIMARY KEY (`id`),
  KEY `ec_products_brand_id_status_is_variation_created_at_index` (`brand_id`,`status`,`is_variation`,`created_at`),
  KEY `sale_type_index` (`sale_type`),
  KEY `start_date_index` (`start_date`),
  KEY `end_date_index` (`end_date`),
  KEY `sale_price_index` (`sale_price`),
  KEY `is_variation_index` (`is_variation`),
  KEY `ec_products_sku_index` (`sku`)
) ENGINE=InnoDB AUTO_INCREMENT=286 DEFAULT CHARSET=utf8mb4 COLLATE=utf8mb4_unicode_ci;
/*!40101 SET character_set_client = @saved_cs_client */;

--
-- Dumping data for table `ec_products`
--

LOCK TABLES `ec_products` WRITE;
/*!40000 ALTER TABLE `ec_products` DISABLE KEYS */;
INSERT INTO `ec_products` VALUES (1,'Miko Wooden Bluetooth Speaker','<p>Short Hooded Coat features a straight body, large pockets with button flaps, ventilation air holes, and a string detail along the hemline.</p>','<p>Short Hooded Coat features a straight body, large pockets with button flaps, ventilation air holes, and a string detail along the hemline. The style is completed with a drawstring hood, featuring Rains’ signature built-in cap. Made from waterproof, matte PU, this lightweight unisex rain jacket is an ode to nostalgia through its classic silhouette and utilitarian design details.</p>\n                                <p>- Casual unisex fit</p>\n\n                                <p>- 64% polyester, 36% polyurethane</p>\n\n                                <p>- Water column pressure: 4000 mm</p>\n\n                                <p>- Model is 187cm tall and wearing a size S / M</p>\n\n                                <p>- Unisex fit</p>\n\n                                <p>- Drawstring hood with built-in cap</p>\n\n                                <p>- Front placket with snap buttons</p>\n\n                                <p>- Ventilation under armpit</p>\n\n                                <p>- Adjustable cuffs</p>\n\n                                <p>- Double welted front pockets</p>\n\n                                <p>- Adjustable elastic string at hempen</p>\n\n                                <p>- Ultrasonically welded seams</p>\n\n                                <p>This is a unisex item, please check our clothing &amp; footwear sizing guide for specific Rains jacket sizing information. RAINS comes from the rainy nation of Denmark at the edge of the European continent, close to the ocean and with prevailing westerly winds; all factors that contribute to an average of 121 rain days each year. Arising from these rainy weather conditions comes the attitude that a quick rain shower may be beautiful, as well as moody- but first and foremost requires the right outfit. Rains focus on the whole experience of going outside on rainy days, issuing an invitation to explore even in the most mercurial weather.</p>','published','[\"products\\/product-19.jpg\",\"products\\/product-78.jpg\",\"products\\/product-49.jpg\",\"products\\/product-8.jpg\",\"products\\/product-40.jpg\",\"products\\/product-95.jpg\",\"products\\/product-45.jpg\",\"products\\/product-64.jpg\"]','NC-192-A0',0,19,0,1,1,5,0,0,410,NULL,NULL,NULL,19.00,15.00,19.00,713.00,NULL,170599,'2024-01-06 17:16:12','2024-01-06 17:16:13','in_stock',0,'Botble\\ACL\\Models\\User',NULL,'digital',NULL,NULL,0),(2,'Gorgeous Wooden Gloves','<p>Short Hooded Coat features a straight body, large pockets with button flaps, ventilation air holes, and a string detail along the hemline.</p>','<p>Short Hooded Coat features a straight body, large pockets with button flaps, ventilation air holes, and a string detail along the hemline. The style is completed with a drawstring hood, featuring Rains’ signature built-in cap. Made from waterproof, matte PU, this lightweight unisex rain jacket is an ode to nostalgia through its classic silhouette and utilitarian design details.</p>\n                                <p>- Casual unisex fit</p>\n\n                                <p>- 64% polyester, 36% polyurethane</p>\n\n                                <p>- Water column pressure: 4000 mm</p>\n\n                                <p>- Model is 187cm tall and wearing a size S / M</p>\n\n                                <p>- Unisex fit</p>\n\n                                <p>- Drawstring hood with built-in cap</p>\n\n                                <p>- Front placket with snap buttons</p>\n\n                                <p>- Ventilation under armpit</p>\n\n                                <p>- Adjustable cuffs</p>\n\n                                <p>- Double welted front pockets</p>\n\n                                <p>- Adjustable elastic string at hempen</p>\n\n                                <p>- Ultrasonically welded seams</p>\n\n                                <p>This is a unisex item, please check our clothing &amp; footwear sizing guide for specific Rains jacket sizing information. RAINS comes from the rainy nation of Denmark at the edge of the European continent, close to the ocean and with prevailing westerly winds; all factors that contribute to an average of 121 rain days each year. Arising from these rainy weather conditions comes the attitude that a quick rain shower may be beautiful, as well as moody- but first and foremost requires the right outfit. Rains focus on the whole experience of going outside on rainy days, issuing an invitation to explore even in the most mercurial weather.</p>','published','[\"products\\/product-45.jpg\",\"products\\/product-5.jpg\",\"products\\/product-75.jpg\",\"products\\/product-20.jpg\",\"products\\/product-74.jpg\"]','NC-110-A0',0,17,0,1,1,1,0,0,338,NULL,NULL,NULL,15.00,19.00,17.00,720.00,NULL,41882,'2024-01-06 17:16:12','2024-01-06 17:16:13','in_stock',0,'Botble\\ACL\\Models\\User',NULL,'physical',NULL,NULL,0),(3,'Pinkol Enormous Granite Bottle','<p>Short Hooded Coat features a straight body, large pockets with button flaps, ventilation air holes, and a string detail along the hemline.</p>','<p>Short Hooded Coat features a straight body, large pockets with button flaps, ventilation air holes, and a string detail along the hemline. The style is completed with a drawstring hood, featuring Rains’ signature built-in cap. Made from waterproof, matte PU, this lightweight unisex rain jacket is an ode to nostalgia through its classic silhouette and utilitarian design details.</p>\n                                <p>- Casual unisex fit</p>\n\n                                <p>- 64% polyester, 36% polyurethane</p>\n\n                                <p>- Water column pressure: 4000 mm</p>\n\n                                <p>- Model is 187cm tall and wearing a size S / M</p>\n\n                                <p>- Unisex fit</p>\n\n                                <p>- Drawstring hood with built-in cap</p>\n\n                                <p>- Front placket with snap buttons</p>\n\n                                <p>- Ventilation under armpit</p>\n\n                                <p>- Adjustable cuffs</p>\n\n                                <p>- Double welted front pockets</p>\n\n                                <p>- Adjustable elastic string at hempen</p>\n\n                                <p>- Ultrasonically welded seams</p>\n\n                                <p>This is a unisex item, please check our clothing &amp; footwear sizing guide for specific Rains jacket sizing information. RAINS comes from the rainy nation of Denmark at the edge of the European continent, close to the ocean and with prevailing westerly winds; all factors that contribute to an average of 121 rain days each year. Arising from these rainy weather conditions comes the attitude that a quick rain shower may be beautiful, as well as moody- but first and foremost requires the right outfit. Rains focus on the whole experience of going outside on rainy days, issuing an invitation to explore even in the most mercurial weather.</p>','published','[\"products\\/product-90.jpg\",\"products\\/product-67.jpg\",\"products\\/product-70.jpg\",\"products\\/product-32.jpg\",\"products\\/product-27.jpg\"]','NC-173-A0',0,17,0,1,1,4,0,0,328,NULL,NULL,NULL,20.00,13.00,14.00,804.00,NULL,133427,'2024-01-06 17:16:12','2024-01-06 17:16:13','in_stock',0,'Botble\\ACL\\Models\\User',NULL,'physical',NULL,NULL,0),(4,'Gorgeous Aluminum Table','<p>Short Hooded Coat features a straight body, large pockets with button flaps, ventilation air holes, and a string detail along the hemline.</p>','<p>Short Hooded Coat features a straight body, large pockets with button flaps, ventilation air holes, and a string detail along the hemline. The style is completed with a drawstring hood, featuring Rains’ signature built-in cap. Made from waterproof, matte PU, this lightweight unisex rain jacket is an ode to nostalgia through its classic silhouette and utilitarian design details.</p>\n                                <p>- Casual unisex fit</p>\n\n                                <p>- 64% polyester, 36% polyurethane</p>\n\n                                <p>- Water column pressure: 4000 mm</p>\n\n                                <p>- Model is 187cm tall and wearing a size S / M</p>\n\n                                <p>- Unisex fit</p>\n\n                                <p>- Drawstring hood with built-in cap</p>\n\n                                <p>- Front placket with snap buttons</p>\n\n                                <p>- Ventilation under armpit</p>\n\n                                <p>- Adjustable cuffs</p>\n\n                                <p>- Double welted front pockets</p>\n\n                                <p>- Adjustable elastic string at hempen</p>\n\n                                <p>- Ultrasonically welded seams</p>\n\n                                <p>This is a unisex item, please check our clothing &amp; footwear sizing guide for specific Rains jacket sizing information. RAINS comes from the rainy nation of Denmark at the edge of the European continent, close to the ocean and with prevailing westerly winds; all factors that contribute to an average of 121 rain days each year. Arising from these rainy weather conditions comes the attitude that a quick rain shower may be beautiful, as well as moody- but first and foremost requires the right outfit. Rains focus on the whole experience of going outside on rainy days, issuing an invitation to explore even in the most mercurial weather.</p>','published','[\"products\\/product-63.jpg\",\"products\\/product-40.jpg\",\"products\\/product-57.jpg\",\"products\\/product-22.jpg\",\"products\\/product-25.jpg\"]','NC-155-A0',0,16,0,1,1,7,0,0,206,179.22,NULL,NULL,19.00,19.00,13.00,684.00,NULL,127544,'2024-01-06 17:16:12','2024-01-06 17:16:13','in_stock',0,'Botble\\ACL\\Models\\User',NULL,'physical',NULL,NULL,0),(5,'Evo Lightweight Granite Shirt','<p>Short Hooded Coat features a straight body, large pockets with button flaps, ventilation air holes, and a string detail along the hemline.</p>','<p>Short Hooded Coat features a straight body, large pockets with button flaps, ventilation air holes, and a string detail along the hemline. The style is completed with a drawstring hood, featuring Rains’ signature built-in cap. Made from waterproof, matte PU, this lightweight unisex rain jacket is an ode to nostalgia through its classic silhouette and utilitarian design details.</p>\n                                <p>- Casual unisex fit</p>\n\n                                <p>- 64% polyester, 36% polyurethane</p>\n\n                                <p>- Water column pressure: 4000 mm</p>\n\n                                <p>- Model is 187cm tall and wearing a size S / M</p>\n\n                                <p>- Unisex fit</p>\n\n                                <p>- Drawstring hood with built-in cap</p>\n\n                                <p>- Front placket with snap buttons</p>\n\n                                <p>- Ventilation under armpit</p>\n\n                                <p>- Adjustable cuffs</p>\n\n                                <p>- Double welted front pockets</p>\n\n                                <p>- Adjustable elastic string at hempen</p>\n\n                                <p>- Ultrasonically welded seams</p>\n\n                                <p>This is a unisex item, please check our clothing &amp; footwear sizing guide for specific Rains jacket sizing information. RAINS comes from the rainy nation of Denmark at the edge of the European continent, close to the ocean and with prevailing westerly winds; all factors that contribute to an average of 121 rain days each year. Arising from these rainy weather conditions comes the attitude that a quick rain shower may be beautiful, as well as moody- but first and foremost requires the right outfit. Rains focus on the whole experience of going outside on rainy days, issuing an invitation to explore even in the most mercurial weather.</p>','published','[\"products\\/product-35.jpg\",\"products\\/product-94.jpg\",\"products\\/product-93.jpg\",\"products\\/product-91.jpg\",\"products\\/product-20.jpg\"]','NC-200-A0',0,16,0,1,0,4,0,0,409,NULL,NULL,NULL,20.00,11.00,16.00,852.00,NULL,137927,'2024-01-06 17:16:12','2024-01-06 17:16:13','in_stock',0,'Botble\\ACL\\Models\\User',NULL,'digital',NULL,NULL,0),(6,'CLCo. Incredible Paper Car','<p>Short Hooded Coat features a straight body, large pockets with button flaps, ventilation air holes, and a string detail along the hemline.</p>','<p>Short Hooded Coat features a straight body, large pockets with button flaps, ventilation air holes, and a string detail along the hemline. The style is completed with a drawstring hood, featuring Rains’ signature built-in cap. Made from waterproof, matte PU, this lightweight unisex rain jacket is an ode to nostalgia through its classic silhouette and utilitarian design details.</p>\n                                <p>- Casual unisex fit</p>\n\n                                <p>- 64% polyester, 36% polyurethane</p>\n\n                                <p>- Water column pressure: 4000 mm</p>\n\n                                <p>- Model is 187cm tall and wearing a size S / M</p>\n\n                                <p>- Unisex fit</p>\n\n                                <p>- Drawstring hood with built-in cap</p>\n\n                                <p>- Front placket with snap buttons</p>\n\n                                <p>- Ventilation under armpit</p>\n\n                                <p>- Adjustable cuffs</p>\n\n                                <p>- Double welted front pockets</p>\n\n                                <p>- Adjustable elastic string at hempen</p>\n\n                                <p>- Ultrasonically welded seams</p>\n\n                                <p>This is a unisex item, please check our clothing &amp; footwear sizing guide for specific Rains jacket sizing information. RAINS comes from the rainy nation of Denmark at the edge of the European continent, close to the ocean and with prevailing westerly winds; all factors that contribute to an average of 121 rain days each year. Arising from these rainy weather conditions comes the attitude that a quick rain shower may be beautiful, as well as moody- but first and foremost requires the right outfit. Rains focus on the whole experience of going outside on rainy days, issuing an invitation to explore even in the most mercurial weather.</p>','published','[\"products\\/product-2.jpg\",\"products\\/product-13.jpg\",\"products\\/product-63.jpg\",\"products\\/product-10.jpg\",\"products\\/product-66.jpg\",\"products\\/product-80.jpg\",\"products\\/product-25.jpg\",\"products\\/product-30.jpg\",\"products\\/product-43.jpg\",\"products\\/product-67.jpg\"]','NC-181-A0',0,15,0,1,1,6,0,0,488,NULL,NULL,NULL,12.00,15.00,16.00,741.00,NULL,18211,'2024-01-06 17:16:12','2024-01-06 17:16:13','in_stock',0,'Botble\\ACL\\Models\\User',NULL,'physical',NULL,NULL,0),(7,'Progash Durable Granite Hat','<p>Short Hooded Coat features a straight body, large pockets with button flaps, ventilation air holes, and a string detail along the hemline.</p>','<p>Short Hooded Coat features a straight body, large pockets with button flaps, ventilation air holes, and a string detail along the hemline. The style is completed with a drawstring hood, featuring Rains’ signature built-in cap. Made from waterproof, matte PU, this lightweight unisex rain jacket is an ode to nostalgia through its classic silhouette and utilitarian design details.</p>\n                                <p>- Casual unisex fit</p>\n\n                                <p>- 64% polyester, 36% polyurethane</p>\n\n                                <p>- Water column pressure: 4000 mm</p>\n\n                                <p>- Model is 187cm tall and wearing a size S / M</p>\n\n                                <p>- Unisex fit</p>\n\n                                <p>- Drawstring hood with built-in cap</p>\n\n                                <p>- Front placket with snap buttons</p>\n\n                                <p>- Ventilation under armpit</p>\n\n                                <p>- Adjustable cuffs</p>\n\n                                <p>- Double welted front pockets</p>\n\n                                <p>- Adjustable elastic string at hempen</p>\n\n                                <p>- Ultrasonically welded seams</p>\n\n                                <p>This is a unisex item, please check our clothing &amp; footwear sizing guide for specific Rains jacket sizing information. RAINS comes from the rainy nation of Denmark at the edge of the European continent, close to the ocean and with prevailing westerly winds; all factors that contribute to an average of 121 rain days each year. Arising from these rainy weather conditions comes the attitude that a quick rain shower may be beautiful, as well as moody- but first and foremost requires the right outfit. Rains focus on the whole experience of going outside on rainy days, issuing an invitation to explore even in the most mercurial weather.</p>','published','[\"products\\/product-33.jpg\",\"products\\/product-22.jpg\",\"products\\/product-34.jpg\",\"products\\/product-63.jpg\",\"products\\/product-78.jpg\",\"products\\/product-9.jpg\",\"products\\/product-72.jpg\",\"products\\/product-59.jpg\",\"products\\/product-29.jpg\",\"products\\/product-39.jpg\",\"products\\/product-21.jpg\"]','NC-155-A0',0,17,0,1,0,1,0,0,324,NULL,NULL,NULL,19.00,15.00,17.00,848.00,NULL,5011,'2024-01-06 17:16:12','2024-01-06 17:16:14','in_stock',0,'Botble\\ACL\\Models\\User',NULL,'physical',NULL,NULL,0),(8,'Purab Enormous Miranda Bottle','<p>Short Hooded Coat features a straight body, large pockets with button flaps, ventilation air holes, and a string detail along the hemline.</p>','<p>Short Hooded Coat features a straight body, large pockets with button flaps, ventilation air holes, and a string detail along the hemline. The style is completed with a drawstring hood, featuring Rains’ signature built-in cap. Made from waterproof, matte PU, this lightweight unisex rain jacket is an ode to nostalgia through its classic silhouette and utilitarian design details.</p>\n                                <p>- Casual unisex fit</p>\n\n                                <p>- 64% polyester, 36% polyurethane</p>\n\n                                <p>- Water column pressure: 4000 mm</p>\n\n                                <p>- Model is 187cm tall and wearing a size S / M</p>\n\n                                <p>- Unisex fit</p>\n\n                                <p>- Drawstring hood with built-in cap</p>\n\n                                <p>- Front placket with snap buttons</p>\n\n                                <p>- Ventilation under armpit</p>\n\n                                <p>- Adjustable cuffs</p>\n\n                                <p>- Double welted front pockets</p>\n\n                                <p>- Adjustable elastic string at hempen</p>\n\n                                <p>- Ultrasonically welded seams</p>\n\n                                <p>This is a unisex item, please check our clothing &amp; footwear sizing guide for specific Rains jacket sizing information. RAINS comes from the rainy nation of Denmark at the edge of the European continent, close to the ocean and with prevailing westerly winds; all factors that contribute to an average of 121 rain days each year. Arising from these rainy weather conditions comes the attitude that a quick rain shower may be beautiful, as well as moody- but first and foremost requires the right outfit. Rains focus on the whole experience of going outside on rainy days, issuing an invitation to explore even in the most mercurial weather.</p>','published','[\"products\\/product-51.jpg\",\"products\\/product-48.jpg\",\"products\\/product-72.jpg\",\"products\\/product-20.jpg\",\"products\\/product-5.jpg\",\"products\\/product-47.jpg\",\"products\\/product-24.jpg\",\"products\\/product-44.jpg\",\"products\\/product-22.jpg\",\"products\\/product-25.jpg\"]','NC-118-A0',0,12,0,1,0,2,0,0,344,268.32,NULL,NULL,13.00,20.00,17.00,626.00,NULL,166416,'2024-01-06 17:16:12','2024-01-06 17:16:14','in_stock',0,'Botble\\ACL\\Models\\User',NULL,'physical',NULL,NULL,0),(9,'Miklonda Co. Crafted Candles','<p>Short Hooded Coat features a straight body, large pockets with button flaps, ventilation air holes, and a string detail along the hemline.</p>','<p>Short Hooded Coat features a straight body, large pockets with button flaps, ventilation air holes, and a string detail along the hemline. The style is completed with a drawstring hood, featuring Rains’ signature built-in cap. Made from waterproof, matte PU, this lightweight unisex rain jacket is an ode to nostalgia through its classic silhouette and utilitarian design details.</p>\n                                <p>- Casual unisex fit</p>\n\n                                <p>- 64% polyester, 36% polyurethane</p>\n\n                                <p>- Water column pressure: 4000 mm</p>\n\n                                <p>- Model is 187cm tall and wearing a size S / M</p>\n\n                                <p>- Unisex fit</p>\n\n                                <p>- Drawstring hood with built-in cap</p>\n\n                                <p>- Front placket with snap buttons</p>\n\n                                <p>- Ventilation under armpit</p>\n\n                                <p>- Adjustable cuffs</p>\n\n                                <p>- Double welted front pockets</p>\n\n                                <p>- Adjustable elastic string at hempen</p>\n\n                                <p>- Ultrasonically welded seams</p>\n\n                                <p>This is a unisex item, please check our clothing &amp; footwear sizing guide for specific Rains jacket sizing information. RAINS comes from the rainy nation of Denmark at the edge of the European continent, close to the ocean and with prevailing westerly winds; all factors that contribute to an average of 121 rain days each year. Arising from these rainy weather conditions comes the attitude that a quick rain shower may be beautiful, as well as moody- but first and foremost requires the right outfit. Rains focus on the whole experience of going outside on rainy days, issuing an invitation to explore even in the most mercurial weather.</p>','published','[\"products\\/product-68.jpg\",\"products\\/product-29.jpg\",\"products\\/product-52.jpg\",\"products\\/product-27.jpg\",\"products\\/product-55.jpg\",\"products\\/product-44.jpg\",\"products\\/product-53.jpg\",\"products\\/product-25.jpg\"]','NC-104-A0',0,16,0,1,1,6,0,0,297,NULL,NULL,NULL,18.00,13.00,10.00,761.00,NULL,83953,'2024-01-06 17:16:12','2024-01-06 17:16:14','in_stock',0,'Botble\\ACL\\Models\\User',NULL,'digital',NULL,NULL,0),(10,'Pinkol Enormous Granite Bottle','<p>Short Hooded Coat features a straight body, large pockets with button flaps, ventilation air holes, and a string detail along the hemline.</p>','<p>Short Hooded Coat features a straight body, large pockets with button flaps, ventilation air holes, and a string detail along the hemline. The style is completed with a drawstring hood, featuring Rains’ signature built-in cap. Made from waterproof, matte PU, this lightweight unisex rain jacket is an ode to nostalgia through its classic silhouette and utilitarian design details.</p>\n                                <p>- Casual unisex fit</p>\n\n                                <p>- 64% polyester, 36% polyurethane</p>\n\n                                <p>- Water column pressure: 4000 mm</p>\n\n                                <p>- Model is 187cm tall and wearing a size S / M</p>\n\n                                <p>- Unisex fit</p>\n\n                                <p>- Drawstring hood with built-in cap</p>\n\n                                <p>- Front placket with snap buttons</p>\n\n                                <p>- Ventilation under armpit</p>\n\n                                <p>- Adjustable cuffs</p>\n\n                                <p>- Double welted front pockets</p>\n\n                                <p>- Adjustable elastic string at hempen</p>\n\n                                <p>- Ultrasonically welded seams</p>\n\n                                <p>This is a unisex item, please check our clothing &amp; footwear sizing guide for specific Rains jacket sizing information. RAINS comes from the rainy nation of Denmark at the edge of the European continent, close to the ocean and with prevailing westerly winds; all factors that contribute to an average of 121 rain days each year. Arising from these rainy weather conditions comes the attitude that a quick rain shower may be beautiful, as well as moody- but first and foremost requires the right outfit. Rains focus on the whole experience of going outside on rainy days, issuing an invitation to explore even in the most mercurial weather.</p>','published','[\"products\\/product-50.jpg\",\"products\\/product-61.jpg\",\"products\\/product-32.jpg\",\"products\\/product-29.jpg\",\"products\\/product-23.jpg\",\"products\\/product-69.jpg\",\"products\\/product-79.jpg\",\"products\\/product-8.jpg\",\"products\\/product-1.jpg\",\"products\\/product-83.jpg\"]','NC-169-A0',0,13,0,1,1,2,0,0,230,NULL,NULL,NULL,19.00,16.00,18.00,512.00,NULL,195511,'2024-01-06 17:16:12','2024-01-06 17:16:14','in_stock',0,'Botble\\ACL\\Models\\User',NULL,'physical',NULL,NULL,0),(11,'Dual Camera 20MP','<p>Short Hooded Coat features a straight body, large pockets with button flaps, ventilation air holes, and a string detail along the hemline.</p>','<p>Short Hooded Coat features a straight body, large pockets with button flaps, ventilation air holes, and a string detail along the hemline. The style is completed with a drawstring hood, featuring Rains’ signature built-in cap. Made from waterproof, matte PU, this lightweight unisex rain jacket is an ode to nostalgia through its classic silhouette and utilitarian design details.</p>\n                                <p>- Casual unisex fit</p>\n\n                                <p>- 64% polyester, 36% polyurethane</p>\n\n                                <p>- Water column pressure: 4000 mm</p>\n\n                                <p>- Model is 187cm tall and wearing a size S / M</p>\n\n                                <p>- Unisex fit</p>\n\n                                <p>- Drawstring hood with built-in cap</p>\n\n                                <p>- Front placket with snap buttons</p>\n\n                                <p>- Ventilation under armpit</p>\n\n                                <p>- Adjustable cuffs</p>\n\n                                <p>- Double welted front pockets</p>\n\n                                <p>- Adjustable elastic string at hempen</p>\n\n                                <p>- Ultrasonically welded seams</p>\n\n                                <p>This is a unisex item, please check our clothing &amp; footwear sizing guide for specific Rains jacket sizing information. RAINS comes from the rainy nation of Denmark at the edge of the European continent, close to the ocean and with prevailing westerly winds; all factors that contribute to an average of 121 rain days each year. Arising from these rainy weather conditions comes the attitude that a quick rain shower may be beautiful, as well as moody- but first and foremost requires the right outfit. Rains focus on the whole experience of going outside on rainy days, issuing an invitation to explore even in the most mercurial weather.</p>','published','[\"products\\/product-78.jpg\",\"products\\/product-48.jpg\",\"products\\/product-26.jpg\",\"products\\/product-68.jpg\",\"products\\/product-34.jpg\",\"products\\/product-55.jpg\",\"products\\/product-3.jpg\",\"products\\/product-61.jpg\"]','NC-144-A0',0,19,0,1,1,7,0,0,306,NULL,NULL,NULL,20.00,12.00,11.00,771.00,NULL,6186,'2024-01-06 17:16:12','2024-01-06 17:16:14','in_stock',0,'Botble\\ACL\\Models\\User',NULL,'physical',NULL,NULL,0),(12,'Smart Watches','<p>Short Hooded Coat features a straight body, large pockets with button flaps, ventilation air holes, and a string detail along the hemline.</p>','<p>Short Hooded Coat features a straight body, large pockets with button flaps, ventilation air holes, and a string detail along the hemline. The style is completed with a drawstring hood, featuring Rains’ signature built-in cap. Made from waterproof, matte PU, this lightweight unisex rain jacket is an ode to nostalgia through its classic silhouette and utilitarian design details.</p>\n                                <p>- Casual unisex fit</p>\n\n                                <p>- 64% polyester, 36% polyurethane</p>\n\n                                <p>- Water column pressure: 4000 mm</p>\n\n                                <p>- Model is 187cm tall and wearing a size S / M</p>\n\n                                <p>- Unisex fit</p>\n\n                                <p>- Drawstring hood with built-in cap</p>\n\n                                <p>- Front placket with snap buttons</p>\n\n                                <p>- Ventilation under armpit</p>\n\n                                <p>- Adjustable cuffs</p>\n\n                                <p>- Double welted front pockets</p>\n\n                                <p>- Adjustable elastic string at hempen</p>\n\n                                <p>- Ultrasonically welded seams</p>\n\n                                <p>This is a unisex item, please check our clothing &amp; footwear sizing guide for specific Rains jacket sizing information. RAINS comes from the rainy nation of Denmark at the edge of the European continent, close to the ocean and with prevailing westerly winds; all factors that contribute to an average of 121 rain days each year. Arising from these rainy weather conditions comes the attitude that a quick rain shower may be beautiful, as well as moody- but first and foremost requires the right outfit. Rains focus on the whole experience of going outside on rainy days, issuing an invitation to explore even in the most mercurial weather.</p>','published','[\"products\\/product-50.jpg\",\"products\\/product-29.jpg\",\"products\\/product-85.jpg\",\"products\\/product-49.jpg\",\"products\\/product-63.jpg\",\"products\\/product-9.jpg\",\"products\\/product-69.jpg\",\"products\\/product-54.jpg\",\"products\\/product-39.jpg\",\"products\\/product-30.jpg\",\"products\\/product-45.jpg\"]','NC-134-A0',0,18,0,1,1,5,0,0,440,316.8,NULL,NULL,13.00,13.00,13.00,627.00,NULL,84472,'2024-01-06 17:16:12','2024-01-06 17:16:14','in_stock',0,'Botble\\ACL\\Models\\User',NULL,'physical',NULL,NULL,0),(13,'Beat Headphone','<p>Short Hooded Coat features a straight body, large pockets with button flaps, ventilation air holes, and a string detail along the hemline.</p>','<p>Short Hooded Coat features a straight body, large pockets with button flaps, ventilation air holes, and a string detail along the hemline. The style is completed with a drawstring hood, featuring Rains’ signature built-in cap. Made from waterproof, matte PU, this lightweight unisex rain jacket is an ode to nostalgia through its classic silhouette and utilitarian design details.</p>\n                                <p>- Casual unisex fit</p>\n\n                                <p>- 64% polyester, 36% polyurethane</p>\n\n                                <p>- Water column pressure: 4000 mm</p>\n\n                                <p>- Model is 187cm tall and wearing a size S / M</p>\n\n                                <p>- Unisex fit</p>\n\n                                <p>- Drawstring hood with built-in cap</p>\n\n                                <p>- Front placket with snap buttons</p>\n\n                                <p>- Ventilation under armpit</p>\n\n                                <p>- Adjustable cuffs</p>\n\n                                <p>- Double welted front pockets</p>\n\n                                <p>- Adjustable elastic string at hempen</p>\n\n                                <p>- Ultrasonically welded seams</p>\n\n                                <p>This is a unisex item, please check our clothing &amp; footwear sizing guide for specific Rains jacket sizing information. RAINS comes from the rainy nation of Denmark at the edge of the European continent, close to the ocean and with prevailing westerly winds; all factors that contribute to an average of 121 rain days each year. Arising from these rainy weather conditions comes the attitude that a quick rain shower may be beautiful, as well as moody- but first and foremost requires the right outfit. Rains focus on the whole experience of going outside on rainy days, issuing an invitation to explore even in the most mercurial weather.</p>','published','[\"products\\/product-2.jpg\",\"products\\/product-95.jpg\",\"products\\/product-58.jpg\",\"products\\/product-75.jpg\",\"products\\/product-5.jpg\",\"products\\/product-83.jpg\"]','NC-200-A0',0,19,0,1,1,3,0,0,366,NULL,NULL,NULL,17.00,17.00,12.00,801.00,NULL,174062,'2024-01-06 17:16:12','2024-01-06 17:16:14','in_stock',0,'Botble\\ACL\\Models\\User',NULL,'digital',NULL,NULL,0),(14,'Red &amp; Black Headphone','<p>Short Hooded Coat features a straight body, large pockets with button flaps, ventilation air holes, and a string detail along the hemline.</p>','<p>Short Hooded Coat features a straight body, large pockets with button flaps, ventilation air holes, and a string detail along the hemline. The style is completed with a drawstring hood, featuring Rains’ signature built-in cap. Made from waterproof, matte PU, this lightweight unisex rain jacket is an ode to nostalgia through its classic silhouette and utilitarian design details.</p>\n                                <p>- Casual unisex fit</p>\n\n                                <p>- 64% polyester, 36% polyurethane</p>\n\n                                <p>- Water column pressure: 4000 mm</p>\n\n                                <p>- Model is 187cm tall and wearing a size S / M</p>\n\n                                <p>- Unisex fit</p>\n\n                                <p>- Drawstring hood with built-in cap</p>\n\n                                <p>- Front placket with snap buttons</p>\n\n                                <p>- Ventilation under armpit</p>\n\n                                <p>- Adjustable cuffs</p>\n\n                                <p>- Double welted front pockets</p>\n\n                                <p>- Adjustable elastic string at hempen</p>\n\n                                <p>- Ultrasonically welded seams</p>\n\n                                <p>This is a unisex item, please check our clothing &amp; footwear sizing guide for specific Rains jacket sizing information. RAINS comes from the rainy nation of Denmark at the edge of the European continent, close to the ocean and with prevailing westerly winds; all factors that contribute to an average of 121 rain days each year. Arising from these rainy weather conditions comes the attitude that a quick rain shower may be beautiful, as well as moody- but first and foremost requires the right outfit. Rains focus on the whole experience of going outside on rainy days, issuing an invitation to explore even in the most mercurial weather.</p>','published','[\"products\\/product-85.jpg\",\"products\\/product-13.jpg\",\"products\\/product-65.jpg\",\"products\\/product-31.jpg\",\"products\\/product-26.jpg\",\"products\\/product-84.jpg\",\"products\\/product-60.jpg\",\"products\\/product-73.jpg\",\"products\\/product-76.jpg\",\"products\\/product-54.jpg\"]','NC-132-A0',0,11,0,1,0,7,0,0,499,NULL,NULL,NULL,13.00,13.00,20.00,664.00,NULL,87427,'2024-01-06 17:16:12','2024-01-06 17:16:14','in_stock',0,'Botble\\ACL\\Models\\User',NULL,'physical',NULL,NULL,0),(15,'Smart Watch External','<p>Short Hooded Coat features a straight body, large pockets with button flaps, ventilation air holes, and a string detail along the hemline.</p>','<p>Short Hooded Coat features a straight body, large pockets with button flaps, ventilation air holes, and a string detail along the hemline. The style is completed with a drawstring hood, featuring Rains’ signature built-in cap. Made from waterproof, matte PU, this lightweight unisex rain jacket is an ode to nostalgia through its classic silhouette and utilitarian design details.</p>\n                                <p>- Casual unisex fit</p>\n\n                                <p>- 64% polyester, 36% polyurethane</p>\n\n                                <p>- Water column pressure: 4000 mm</p>\n\n                                <p>- Model is 187cm tall and wearing a size S / M</p>\n\n                                <p>- Unisex fit</p>\n\n                                <p>- Drawstring hood with built-in cap</p>\n\n                                <p>- Front placket with snap buttons</p>\n\n                                <p>- Ventilation under armpit</p>\n\n                                <p>- Adjustable cuffs</p>\n\n                                <p>- Double welted front pockets</p>\n\n                                <p>- Adjustable elastic string at hempen</p>\n\n                                <p>- Ultrasonically welded seams</p>\n\n                                <p>This is a unisex item, please check our clothing &amp; footwear sizing guide for specific Rains jacket sizing information. RAINS comes from the rainy nation of Denmark at the edge of the European continent, close to the ocean and with prevailing westerly winds; all factors that contribute to an average of 121 rain days each year. Arising from these rainy weather conditions comes the attitude that a quick rain shower may be beautiful, as well as moody- but first and foremost requires the right outfit. Rains focus on the whole experience of going outside on rainy days, issuing an invitation to explore even in the most mercurial weather.</p>','published','[\"products\\/product-1.jpg\",\"products\\/product-64.jpg\",\"products\\/product-22.jpg\",\"products\\/product-94.jpg\",\"products\\/product-92.jpg\",\"products\\/product-52.jpg\",\"products\\/product-40.jpg\",\"products\\/product-66.jpg\",\"products\\/product-41.jpg\",\"products\\/product-17.jpg\",\"products\\/product-80.jpg\"]','NC-146-A0',0,18,0,1,1,5,0,0,423,NULL,NULL,NULL,19.00,20.00,12.00,730.00,NULL,105846,'2024-01-06 17:16:12','2024-01-06 17:16:14','in_stock',0,'Botble\\ACL\\Models\\User',NULL,'physical',NULL,NULL,0),(16,'Nikon HD camera','<p>Short Hooded Coat features a straight body, large pockets with button flaps, ventilation air holes, and a string detail along the hemline.</p>','<p>Short Hooded Coat features a straight body, large pockets with button flaps, ventilation air holes, and a string detail along the hemline. The style is completed with a drawstring hood, featuring Rains’ signature built-in cap. Made from waterproof, matte PU, this lightweight unisex rain jacket is an ode to nostalgia through its classic silhouette and utilitarian design details.</p>\n                                <p>- Casual unisex fit</p>\n\n                                <p>- 64% polyester, 36% polyurethane</p>\n\n                                <p>- Water column pressure: 4000 mm</p>\n\n                                <p>- Model is 187cm tall and wearing a size S / M</p>\n\n                                <p>- Unisex fit</p>\n\n                                <p>- Drawstring hood with built-in cap</p>\n\n                                <p>- Front placket with snap buttons</p>\n\n                                <p>- Ventilation under armpit</p>\n\n                                <p>- Adjustable cuffs</p>\n\n                                <p>- Double welted front pockets</p>\n\n                                <p>- Adjustable elastic string at hempen</p>\n\n                                <p>- Ultrasonically welded seams</p>\n\n                                <p>This is a unisex item, please check our clothing &amp; footwear sizing guide for specific Rains jacket sizing information. RAINS comes from the rainy nation of Denmark at the edge of the European continent, close to the ocean and with prevailing westerly winds; all factors that contribute to an average of 121 rain days each year. Arising from these rainy weather conditions comes the attitude that a quick rain shower may be beautiful, as well as moody- but first and foremost requires the right outfit. Rains focus on the whole experience of going outside on rainy days, issuing an invitation to explore even in the most mercurial weather.</p>','published','[\"products\\/product-21.jpg\",\"products\\/product-54.jpg\",\"products\\/product-45.jpg\",\"products\\/product-81.jpg\",\"products\\/product-55.jpg\",\"products\\/product-5.jpg\",\"products\\/product-77.jpg\",\"products\\/product-52.jpg\",\"products\\/product-56.jpg\",\"products\\/product-38.jpg\"]','NC-180-A0',0,12,0,1,1,3,0,0,451,365.31,NULL,NULL,17.00,13.00,20.00,525.00,NULL,42339,'2024-01-06 17:16:12','2024-01-06 17:16:14','in_stock',0,'Botble\\ACL\\Models\\User',NULL,'physical',NULL,NULL,0),(17,'Audio Equipment','<p>Short Hooded Coat features a straight body, large pockets with button flaps, ventilation air holes, and a string detail along the hemline.</p>','<p>Short Hooded Coat features a straight body, large pockets with button flaps, ventilation air holes, and a string detail along the hemline. The style is completed with a drawstring hood, featuring Rains’ signature built-in cap. Made from waterproof, matte PU, this lightweight unisex rain jacket is an ode to nostalgia through its classic silhouette and utilitarian design details.</p>\n                                <p>- Casual unisex fit</p>\n\n                                <p>- 64% polyester, 36% polyurethane</p>\n\n                                <p>- Water column pressure: 4000 mm</p>\n\n                                <p>- Model is 187cm tall and wearing a size S / M</p>\n\n                                <p>- Unisex fit</p>\n\n                                <p>- Drawstring hood with built-in cap</p>\n\n                                <p>- Front placket with snap buttons</p>\n\n                                <p>- Ventilation under armpit</p>\n\n                                <p>- Adjustable cuffs</p>\n\n                                <p>- Double welted front pockets</p>\n\n                                <p>- Adjustable elastic string at hempen</p>\n\n                                <p>- Ultrasonically welded seams</p>\n\n                                <p>This is a unisex item, please check our clothing &amp; footwear sizing guide for specific Rains jacket sizing information. RAINS comes from the rainy nation of Denmark at the edge of the European continent, close to the ocean and with prevailing westerly winds; all factors that contribute to an average of 121 rain days each year. Arising from these rainy weather conditions comes the attitude that a quick rain shower may be beautiful, as well as moody- but first and foremost requires the right outfit. Rains focus on the whole experience of going outside on rainy days, issuing an invitation to explore even in the most mercurial weather.</p>','published','[\"products\\/product-51.jpg\",\"products\\/product-47.jpg\",\"products\\/product-55.jpg\",\"products\\/product-94.jpg\",\"products\\/product-54.jpg\",\"products\\/product-29.jpg\",\"products\\/product-69.jpg\",\"products\\/product-84.jpg\",\"products\\/product-80.jpg\",\"products\\/product-74.jpg\"]','NC-162-A0',0,17,0,1,1,3,0,0,363,NULL,NULL,NULL,20.00,14.00,12.00,746.00,NULL,149167,'2024-01-06 17:16:12','2024-01-06 17:16:14','in_stock',0,'Botble\\ACL\\Models\\User',NULL,'digital',NULL,NULL,0),(18,'Smart Televisions','<p>Short Hooded Coat features a straight body, large pockets with button flaps, ventilation air holes, and a string detail along the hemline.</p>','<p>Short Hooded Coat features a straight body, large pockets with button flaps, ventilation air holes, and a string detail along the hemline. The style is completed with a drawstring hood, featuring Rains’ signature built-in cap. Made from waterproof, matte PU, this lightweight unisex rain jacket is an ode to nostalgia through its classic silhouette and utilitarian design details.</p>\n                                <p>- Casual unisex fit</p>\n\n                                <p>- 64% polyester, 36% polyurethane</p>\n\n                                <p>- Water column pressure: 4000 mm</p>\n\n                                <p>- Model is 187cm tall and wearing a size S / M</p>\n\n                                <p>- Unisex fit</p>\n\n                                <p>- Drawstring hood with built-in cap</p>\n\n                                <p>- Front placket with snap buttons</p>\n\n                                <p>- Ventilation under armpit</p>\n\n                                <p>- Adjustable cuffs</p>\n\n                                <p>- Double welted front pockets</p>\n\n                                <p>- Adjustable elastic string at hempen</p>\n\n                                <p>- Ultrasonically welded seams</p>\n\n                                <p>This is a unisex item, please check our clothing &amp; footwear sizing guide for specific Rains jacket sizing information. RAINS comes from the rainy nation of Denmark at the edge of the European continent, close to the ocean and with prevailing westerly winds; all factors that contribute to an average of 121 rain days each year. Arising from these rainy weather conditions comes the attitude that a quick rain shower may be beautiful, as well as moody- but first and foremost requires the right outfit. Rains focus on the whole experience of going outside on rainy days, issuing an invitation to explore even in the most mercurial weather.</p>','published','[\"products\\/product-22.jpg\",\"products\\/product-89.jpg\",\"products\\/product-70.jpg\",\"products\\/product-56.jpg\",\"products\\/product-6.jpg\",\"products\\/product-79.jpg\",\"products\\/product-37.jpg\",\"products\\/product-3.jpg\",\"products\\/product-12.jpg\",\"products\\/product-80.jpg\",\"products\\/product-88.jpg\"]','NC-181-A0',0,11,0,1,0,7,0,0,408,NULL,NULL,NULL,20.00,16.00,20.00,897.00,NULL,70947,'2024-01-06 17:16:12','2024-01-06 17:16:14','in_stock',0,'Botble\\ACL\\Models\\User',NULL,'physical',NULL,NULL,0),(19,'Samsung Smart Phone','<p>Short Hooded Coat features a straight body, large pockets with button flaps, ventilation air holes, and a string detail along the hemline.</p>','<p>Short Hooded Coat features a straight body, large pockets with button flaps, ventilation air holes, and a string detail along the hemline. The style is completed with a drawstring hood, featuring Rains’ signature built-in cap. Made from waterproof, matte PU, this lightweight unisex rain jacket is an ode to nostalgia through its classic silhouette and utilitarian design details.</p>\n                                <p>- Casual unisex fit</p>\n\n                                <p>- 64% polyester, 36% polyurethane</p>\n\n                                <p>- Water column pressure: 4000 mm</p>\n\n                                <p>- Model is 187cm tall and wearing a size S / M</p>\n\n                                <p>- Unisex fit</p>\n\n                                <p>- Drawstring hood with built-in cap</p>\n\n                                <p>- Front placket with snap buttons</p>\n\n                                <p>- Ventilation under armpit</p>\n\n                                <p>- Adjustable cuffs</p>\n\n                                <p>- Double welted front pockets</p>\n\n                                <p>- Adjustable elastic string at hempen</p>\n\n                                <p>- Ultrasonically welded seams</p>\n\n                                <p>This is a unisex item, please check our clothing &amp; footwear sizing guide for specific Rains jacket sizing information. RAINS comes from the rainy nation of Denmark at the edge of the European continent, close to the ocean and with prevailing westerly winds; all factors that contribute to an average of 121 rain days each year. Arising from these rainy weather conditions comes the attitude that a quick rain shower may be beautiful, as well as moody- but first and foremost requires the right outfit. Rains focus on the whole experience of going outside on rainy days, issuing an invitation to explore even in the most mercurial weather.</p>','published','[\"products\\/product-57.jpg\",\"products\\/product-14.jpg\",\"products\\/product-67.jpg\",\"products\\/product-18.jpg\",\"products\\/product-89.jpg\",\"products\\/product-6.jpg\",\"products\\/product-53.jpg\",\"products\\/product-21.jpg\"]','NC-116-A0',0,13,0,1,0,7,0,0,468,NULL,NULL,NULL,15.00,15.00,11.00,877.00,NULL,57663,'2024-01-06 17:16:12','2024-01-06 17:16:14','in_stock',0,'Botble\\ACL\\Models\\User',NULL,'physical',NULL,NULL,0),(20,'Herschel Leather Duffle Bag In Brown Color','<p>Short Hooded Coat features a straight body, large pockets with button flaps, ventilation air holes, and a string detail along the hemline.</p>','<p>Short Hooded Coat features a straight body, large pockets with button flaps, ventilation air holes, and a string detail along the hemline. The style is completed with a drawstring hood, featuring Rains’ signature built-in cap. Made from waterproof, matte PU, this lightweight unisex rain jacket is an ode to nostalgia through its classic silhouette and utilitarian design details.</p>\n                                <p>- Casual unisex fit</p>\n\n                                <p>- 64% polyester, 36% polyurethane</p>\n\n                                <p>- Water column pressure: 4000 mm</p>\n\n                                <p>- Model is 187cm tall and wearing a size S / M</p>\n\n                                <p>- Unisex fit</p>\n\n                                <p>- Drawstring hood with built-in cap</p>\n\n                                <p>- Front placket with snap buttons</p>\n\n                                <p>- Ventilation under armpit</p>\n\n                                <p>- Adjustable cuffs</p>\n\n                                <p>- Double welted front pockets</p>\n\n                                <p>- Adjustable elastic string at hempen</p>\n\n                                <p>- Ultrasonically welded seams</p>\n\n                                <p>This is a unisex item, please check our clothing &amp; footwear sizing guide for specific Rains jacket sizing information. RAINS comes from the rainy nation of Denmark at the edge of the European continent, close to the ocean and with prevailing westerly winds; all factors that contribute to an average of 121 rain days each year. Arising from these rainy weather conditions comes the attitude that a quick rain shower may be beautiful, as well as moody- but first and foremost requires the right outfit. Rains focus on the whole experience of going outside on rainy days, issuing an invitation to explore even in the most mercurial weather.</p>','published','[\"products\\/product-43.jpg\",\"products\\/product-7.jpg\",\"products\\/product-63.jpg\",\"products\\/product-52.jpg\",\"products\\/product-9.jpg\"]','NC-145-A0',0,12,0,1,0,5,0,0,463,416.7,NULL,NULL,12.00,15.00,12.00,693.00,NULL,132981,'2024-01-06 17:16:13','2024-01-06 17:16:14','in_stock',0,'Botble\\ACL\\Models\\User',NULL,'physical',NULL,NULL,0),(21,'Xbox One Wireless Controller Black Color','<p>Short Hooded Coat features a straight body, large pockets with button flaps, ventilation air holes, and a string detail along the hemline.</p>','<p>Short Hooded Coat features a straight body, large pockets with button flaps, ventilation air holes, and a string detail along the hemline. The style is completed with a drawstring hood, featuring Rains’ signature built-in cap. Made from waterproof, matte PU, this lightweight unisex rain jacket is an ode to nostalgia through its classic silhouette and utilitarian design details.</p>\n                                <p>- Casual unisex fit</p>\n\n                                <p>- 64% polyester, 36% polyurethane</p>\n\n                                <p>- Water column pressure: 4000 mm</p>\n\n                                <p>- Model is 187cm tall and wearing a size S / M</p>\n\n                                <p>- Unisex fit</p>\n\n                                <p>- Drawstring hood with built-in cap</p>\n\n                                <p>- Front placket with snap buttons</p>\n\n                                <p>- Ventilation under armpit</p>\n\n                                <p>- Adjustable cuffs</p>\n\n                                <p>- Double welted front pockets</p>\n\n                                <p>- Adjustable elastic string at hempen</p>\n\n                                <p>- Ultrasonically welded seams</p>\n\n                                <p>This is a unisex item, please check our clothing &amp; footwear sizing guide for specific Rains jacket sizing information. RAINS comes from the rainy nation of Denmark at the edge of the European continent, close to the ocean and with prevailing westerly winds; all factors that contribute to an average of 121 rain days each year. Arising from these rainy weather conditions comes the attitude that a quick rain shower may be beautiful, as well as moody- but first and foremost requires the right outfit. Rains focus on the whole experience of going outside on rainy days, issuing an invitation to explore even in the most mercurial weather.</p>','published','[\"products\\/product-86.jpg\",\"products\\/product-49.jpg\",\"products\\/product-6.jpg\",\"products\\/product-54.jpg\",\"products\\/product-46.jpg\",\"products\\/product-8.jpg\",\"products\\/product-71.jpg\",\"products\\/product-34.jpg\"]','NC-180-A0',0,18,0,1,1,5,0,0,311,NULL,NULL,NULL,19.00,15.00,16.00,545.00,NULL,30737,'2024-01-06 17:16:13','2024-01-06 17:16:14','in_stock',0,'Botble\\ACL\\Models\\User',NULL,'digital',NULL,NULL,0),(22,'EPSION Plaster Printer','<p>Short Hooded Coat features a straight body, large pockets with button flaps, ventilation air holes, and a string detail along the hemline.</p>','<p>Short Hooded Coat features a straight body, large pockets with button flaps, ventilation air holes, and a string detail along the hemline. The style is completed with a drawstring hood, featuring Rains’ signature built-in cap. Made from waterproof, matte PU, this lightweight unisex rain jacket is an ode to nostalgia through its classic silhouette and utilitarian design details.</p>\n                                <p>- Casual unisex fit</p>\n\n                                <p>- 64% polyester, 36% polyurethane</p>\n\n                                <p>- Water column pressure: 4000 mm</p>\n\n                                <p>- Model is 187cm tall and wearing a size S / M</p>\n\n                                <p>- Unisex fit</p>\n\n                                <p>- Drawstring hood with built-in cap</p>\n\n                                <p>- Front placket with snap buttons</p>\n\n                                <p>- Ventilation under armpit</p>\n\n                                <p>- Adjustable cuffs</p>\n\n                                <p>- Double welted front pockets</p>\n\n                                <p>- Adjustable elastic string at hempen</p>\n\n                                <p>- Ultrasonically welded seams</p>\n\n                                <p>This is a unisex item, please check our clothing &amp; footwear sizing guide for specific Rains jacket sizing information. RAINS comes from the rainy nation of Denmark at the edge of the European continent, close to the ocean and with prevailing westerly winds; all factors that contribute to an average of 121 rain days each year. Arising from these rainy weather conditions comes the attitude that a quick rain shower may be beautiful, as well as moody- but first and foremost requires the right outfit. Rains focus on the whole experience of going outside on rainy days, issuing an invitation to explore even in the most mercurial weather.</p>','published','[\"products\\/product-31.jpg\",\"products\\/product-45.jpg\",\"products\\/product-12.jpg\",\"products\\/product-41.jpg\",\"products\\/product-40.jpg\"]','NC-159-A0',0,13,0,1,0,7,0,0,339,NULL,NULL,NULL,20.00,12.00,19.00,504.00,NULL,20179,'2024-01-06 17:16:13','2024-01-06 17:16:14','in_stock',0,'Botble\\ACL\\Models\\User',NULL,'physical',NULL,NULL,0),(23,'Sound Intone I65 Earphone White Version','<p>Short Hooded Coat features a straight body, large pockets with button flaps, ventilation air holes, and a string detail along the hemline.</p>','<p>Short Hooded Coat features a straight body, large pockets with button flaps, ventilation air holes, and a string detail along the hemline. The style is completed with a drawstring hood, featuring Rains’ signature built-in cap. Made from waterproof, matte PU, this lightweight unisex rain jacket is an ode to nostalgia through its classic silhouette and utilitarian design details.</p>\n                                <p>- Casual unisex fit</p>\n\n                                <p>- 64% polyester, 36% polyurethane</p>\n\n                                <p>- Water column pressure: 4000 mm</p>\n\n                                <p>- Model is 187cm tall and wearing a size S / M</p>\n\n                                <p>- Unisex fit</p>\n\n                                <p>- Drawstring hood with built-in cap</p>\n\n                                <p>- Front placket with snap buttons</p>\n\n                                <p>- Ventilation under armpit</p>\n\n                                <p>- Adjustable cuffs</p>\n\n                                <p>- Double welted front pockets</p>\n\n                                <p>- Adjustable elastic string at hempen</p>\n\n                                <p>- Ultrasonically welded seams</p>\n\n                                <p>This is a unisex item, please check our clothing &amp; footwear sizing guide for specific Rains jacket sizing information. RAINS comes from the rainy nation of Denmark at the edge of the European continent, close to the ocean and with prevailing westerly winds; all factors that contribute to an average of 121 rain days each year. Arising from these rainy weather conditions comes the attitude that a quick rain shower may be beautiful, as well as moody- but first and foremost requires the right outfit. Rains focus on the whole experience of going outside on rainy days, issuing an invitation to explore even in the most mercurial weather.</p>','published','[\"products\\/product-30.jpg\",\"products\\/product-20.jpg\",\"products\\/product-54.jpg\",\"products\\/product-8.jpg\",\"products\\/product-29.jpg\",\"products\\/product-4.jpg\",\"products\\/product-55.jpg\",\"products\\/product-59.jpg\",\"products\\/product-95.jpg\",\"products\\/product-70.jpg\",\"products\\/product-78.jpg\"]','NC-161-A0',0,15,0,1,1,5,0,0,276,NULL,NULL,NULL,18.00,11.00,14.00,876.00,NULL,58634,'2024-01-06 17:16:13','2024-01-06 17:16:14','in_stock',0,'Botble\\ACL\\Models\\User',NULL,'physical',NULL,NULL,0),(24,'B&amp;O Play Mini Bluetooth Speaker','<p>Short Hooded Coat features a straight body, large pockets with button flaps, ventilation air holes, and a string detail along the hemline.</p>','<p>Short Hooded Coat features a straight body, large pockets with button flaps, ventilation air holes, and a string detail along the hemline. The style is completed with a drawstring hood, featuring Rains’ signature built-in cap. Made from waterproof, matte PU, this lightweight unisex rain jacket is an ode to nostalgia through its classic silhouette and utilitarian design details.</p>\n                                <p>- Casual unisex fit</p>\n\n                                <p>- 64% polyester, 36% polyurethane</p>\n\n                                <p>- Water column pressure: 4000 mm</p>\n\n                                <p>- Model is 187cm tall and wearing a size S / M</p>\n\n                                <p>- Unisex fit</p>\n\n                                <p>- Drawstring hood with built-in cap</p>\n\n                                <p>- Front placket with snap buttons</p>\n\n                                <p>- Ventilation under armpit</p>\n\n                                <p>- Adjustable cuffs</p>\n\n                                <p>- Double welted front pockets</p>\n\n                                <p>- Adjustable elastic string at hempen</p>\n\n                                <p>- Ultrasonically welded seams</p>\n\n                                <p>This is a unisex item, please check our clothing &amp; footwear sizing guide for specific Rains jacket sizing information. RAINS comes from the rainy nation of Denmark at the edge of the European continent, close to the ocean and with prevailing westerly winds; all factors that contribute to an average of 121 rain days each year. Arising from these rainy weather conditions comes the attitude that a quick rain shower may be beautiful, as well as moody- but first and foremost requires the right outfit. Rains focus on the whole experience of going outside on rainy days, issuing an invitation to explore even in the most mercurial weather.</p>','published','[\"products\\/product-34.jpg\",\"products\\/product-21.jpg\",\"products\\/product-13.jpg\",\"products\\/product-95.jpg\",\"products\\/product-35.jpg\"]','NC-151-A0',0,20,0,1,0,4,0,0,344,306.16,NULL,NULL,16.00,11.00,17.00,786.00,NULL,121064,'2024-01-06 17:16:13','2024-01-06 17:16:14','in_stock',0,'Botble\\ACL\\Models\\User',NULL,'physical',NULL,NULL,0),(25,'Apple MacBook Air Retina 13.3-Inch Laptop','<p>Short Hooded Coat features a straight body, large pockets with button flaps, ventilation air holes, and a string detail along the hemline.</p>','<p>Short Hooded Coat features a straight body, large pockets with button flaps, ventilation air holes, and a string detail along the hemline. The style is completed with a drawstring hood, featuring Rains’ signature built-in cap. Made from waterproof, matte PU, this lightweight unisex rain jacket is an ode to nostalgia through its classic silhouette and utilitarian design details.</p>\n                                <p>- Casual unisex fit</p>\n\n                                <p>- 64% polyester, 36% polyurethane</p>\n\n                                <p>- Water column pressure: 4000 mm</p>\n\n                                <p>- Model is 187cm tall and wearing a size S / M</p>\n\n                                <p>- Unisex fit</p>\n\n                                <p>- Drawstring hood with built-in cap</p>\n\n                                <p>- Front placket with snap buttons</p>\n\n                                <p>- Ventilation under armpit</p>\n\n                                <p>- Adjustable cuffs</p>\n\n                                <p>- Double welted front pockets</p>\n\n                                <p>- Adjustable elastic string at hempen</p>\n\n                                <p>- Ultrasonically welded seams</p>\n\n                                <p>This is a unisex item, please check our clothing &amp; footwear sizing guide for specific Rains jacket sizing information. RAINS comes from the rainy nation of Denmark at the edge of the European continent, close to the ocean and with prevailing westerly winds; all factors that contribute to an average of 121 rain days each year. Arising from these rainy weather conditions comes the attitude that a quick rain shower may be beautiful, as well as moody- but first and foremost requires the right outfit. Rains focus on the whole experience of going outside on rainy days, issuing an invitation to explore even in the most mercurial weather.</p>','published','[\"products\\/product-60.jpg\",\"products\\/product-75.jpg\",\"products\\/product-17.jpg\",\"products\\/product-59.jpg\",\"products\\/product-6.jpg\",\"products\\/product-22.jpg\",\"products\\/product-39.jpg\",\"products\\/product-36.jpg\",\"products\\/product-69.jpg\",\"products\\/product-13.jpg\"]','NC-200-A0',0,12,0,1,0,5,0,0,291,NULL,NULL,NULL,10.00,10.00,17.00,664.00,NULL,94809,'2024-01-06 17:16:13','2024-01-06 17:16:14','in_stock',0,'Botble\\ACL\\Models\\User',NULL,'digital',NULL,NULL,0),(26,'Apple MacBook Air Retina 12-Inch Laptop','<p>Short Hooded Coat features a straight body, large pockets with button flaps, ventilation air holes, and a string detail along the hemline.</p>','<p>Short Hooded Coat features a straight body, large pockets with button flaps, ventilation air holes, and a string detail along the hemline. The style is completed with a drawstring hood, featuring Rains’ signature built-in cap. Made from waterproof, matte PU, this lightweight unisex rain jacket is an ode to nostalgia through its classic silhouette and utilitarian design details.</p>\n                                <p>- Casual unisex fit</p>\n\n                                <p>- 64% polyester, 36% polyurethane</p>\n\n                                <p>- Water column pressure: 4000 mm</p>\n\n                                <p>- Model is 187cm tall and wearing a size S / M</p>\n\n                                <p>- Unisex fit</p>\n\n                                <p>- Drawstring hood with built-in cap</p>\n\n                                <p>- Front placket with snap buttons</p>\n\n                                <p>- Ventilation under armpit</p>\n\n                                <p>- Adjustable cuffs</p>\n\n                                <p>- Double welted front pockets</p>\n\n                                <p>- Adjustable elastic string at hempen</p>\n\n                                <p>- Ultrasonically welded seams</p>\n\n                                <p>This is a unisex item, please check our clothing &amp; footwear sizing guide for specific Rains jacket sizing information. RAINS comes from the rainy nation of Denmark at the edge of the European continent, close to the ocean and with prevailing westerly winds; all factors that contribute to an average of 121 rain days each year. Arising from these rainy weather conditions comes the attitude that a quick rain shower may be beautiful, as well as moody- but first and foremost requires the right outfit. Rains focus on the whole experience of going outside on rainy days, issuing an invitation to explore even in the most mercurial weather.</p>','published','[\"products\\/product-77.jpg\",\"products\\/product-72.jpg\",\"products\\/product-6.jpg\",\"products\\/product-59.jpg\",\"products\\/product-30.jpg\",\"products\\/product-2.jpg\",\"products\\/product-55.jpg\",\"products\\/product-52.jpg\",\"products\\/product-71.jpg\",\"products\\/product-85.jpg\",\"products\\/product-18.jpg\"]','NC-121-A0',0,10,0,1,0,7,0,0,223,NULL,NULL,NULL,16.00,20.00,16.00,831.00,NULL,120456,'2024-01-06 17:16:13','2024-01-06 17:16:14','in_stock',0,'Botble\\ACL\\Models\\User',NULL,'physical',NULL,NULL,0),(27,'Samsung Gear VR Virtual Reality Headset','<p>Short Hooded Coat features a straight body, large pockets with button flaps, ventilation air holes, and a string detail along the hemline.</p>','<p>Short Hooded Coat features a straight body, large pockets with button flaps, ventilation air holes, and a string detail along the hemline. The style is completed with a drawstring hood, featuring Rains’ signature built-in cap. Made from waterproof, matte PU, this lightweight unisex rain jacket is an ode to nostalgia through its classic silhouette and utilitarian design details.</p>\n                                <p>- Casual unisex fit</p>\n\n                                <p>- 64% polyester, 36% polyurethane</p>\n\n                                <p>- Water column pressure: 4000 mm</p>\n\n                                <p>- Model is 187cm tall and wearing a size S / M</p>\n\n                                <p>- Unisex fit</p>\n\n                                <p>- Drawstring hood with built-in cap</p>\n\n                                <p>- Front placket with snap buttons</p>\n\n                                <p>- Ventilation under armpit</p>\n\n                                <p>- Adjustable cuffs</p>\n\n                                <p>- Double welted front pockets</p>\n\n                                <p>- Adjustable elastic string at hempen</p>\n\n                                <p>- Ultrasonically welded seams</p>\n\n                                <p>This is a unisex item, please check our clothing &amp; footwear sizing guide for specific Rains jacket sizing information. RAINS comes from the rainy nation of Denmark at the edge of the European continent, close to the ocean and with prevailing westerly winds; all factors that contribute to an average of 121 rain days each year. Arising from these rainy weather conditions comes the attitude that a quick rain shower may be beautiful, as well as moody- but first and foremost requires the right outfit. Rains focus on the whole experience of going outside on rainy days, issuing an invitation to explore even in the most mercurial weather.</p>','published','[\"products\\/product-4.jpg\",\"products\\/product-26.jpg\",\"products\\/product-18.jpg\",\"products\\/product-69.jpg\",\"products\\/product-78.jpg\",\"products\\/product-66.jpg\"]','NC-111-A0',0,18,0,1,0,7,0,0,410,NULL,NULL,NULL,16.00,14.00,16.00,634.00,NULL,35784,'2024-01-06 17:16:13','2024-01-06 17:16:14','in_stock',0,'Botble\\ACL\\Models\\User',NULL,'physical',NULL,NULL,0),(28,'Aveeno Moisturizing Body Shower 450ml','<p>Short Hooded Coat features a straight body, large pockets with button flaps, ventilation air holes, and a string detail along the hemline.</p>','<p>Short Hooded Coat features a straight body, large pockets with button flaps, ventilation air holes, and a string detail along the hemline. The style is completed with a drawstring hood, featuring Rains’ signature built-in cap. Made from waterproof, matte PU, this lightweight unisex rain jacket is an ode to nostalgia through its classic silhouette and utilitarian design details.</p>\n                                <p>- Casual unisex fit</p>\n\n                                <p>- 64% polyester, 36% polyurethane</p>\n\n                                <p>- Water column pressure: 4000 mm</p>\n\n                                <p>- Model is 187cm tall and wearing a size S / M</p>\n\n                                <p>- Unisex fit</p>\n\n                                <p>- Drawstring hood with built-in cap</p>\n\n                                <p>- Front placket with snap buttons</p>\n\n                                <p>- Ventilation under armpit</p>\n\n                                <p>- Adjustable cuffs</p>\n\n                                <p>- Double welted front pockets</p>\n\n                                <p>- Adjustable elastic string at hempen</p>\n\n                                <p>- Ultrasonically welded seams</p>\n\n                                <p>This is a unisex item, please check our clothing &amp; footwear sizing guide for specific Rains jacket sizing information. RAINS comes from the rainy nation of Denmark at the edge of the European continent, close to the ocean and with prevailing westerly winds; all factors that contribute to an average of 121 rain days each year. Arising from these rainy weather conditions comes the attitude that a quick rain shower may be beautiful, as well as moody- but first and foremost requires the right outfit. Rains focus on the whole experience of going outside on rainy days, issuing an invitation to explore even in the most mercurial weather.</p>','published','[\"products\\/product-94.jpg\",\"products\\/product-53.jpg\",\"products\\/product-17.jpg\",\"products\\/product-78.jpg\",\"products\\/product-64.jpg\",\"products\\/product-70.jpg\",\"products\\/product-34.jpg\",\"products\\/product-41.jpg\"]','NC-142-A0',0,17,0,1,0,7,0,0,457,351.89,NULL,NULL,13.00,12.00,16.00,795.00,NULL,186332,'2024-01-06 17:16:13','2024-01-06 17:16:14','in_stock',0,'Botble\\ACL\\Models\\User',NULL,'physical',NULL,NULL,0),(29,'NYX Beauty Couton Pallete Makeup 12','<p>Short Hooded Coat features a straight body, large pockets with button flaps, ventilation air holes, and a string detail along the hemline.</p>','<p>Short Hooded Coat features a straight body, large pockets with button flaps, ventilation air holes, and a string detail along the hemline. The style is completed with a drawstring hood, featuring Rains’ signature built-in cap. Made from waterproof, matte PU, this lightweight unisex rain jacket is an ode to nostalgia through its classic silhouette and utilitarian design details.</p>\n                                <p>- Casual unisex fit</p>\n\n                                <p>- 64% polyester, 36% polyurethane</p>\n\n                                <p>- Water column pressure: 4000 mm</p>\n\n                                <p>- Model is 187cm tall and wearing a size S / M</p>\n\n                                <p>- Unisex fit</p>\n\n                                <p>- Drawstring hood with built-in cap</p>\n\n                                <p>- Front placket with snap buttons</p>\n\n                                <p>- Ventilation under armpit</p>\n\n                                <p>- Adjustable cuffs</p>\n\n                                <p>- Double welted front pockets</p>\n\n                                <p>- Adjustable elastic string at hempen</p>\n\n                                <p>- Ultrasonically welded seams</p>\n\n                                <p>This is a unisex item, please check our clothing &amp; footwear sizing guide for specific Rains jacket sizing information. RAINS comes from the rainy nation of Denmark at the edge of the European continent, close to the ocean and with prevailing westerly winds; all factors that contribute to an average of 121 rain days each year. Arising from these rainy weather conditions comes the attitude that a quick rain shower may be beautiful, as well as moody- but first and foremost requires the right outfit. Rains focus on the whole experience of going outside on rainy days, issuing an invitation to explore even in the most mercurial weather.</p>','published','[\"products\\/product-31.jpg\",\"products\\/product-83.jpg\",\"products\\/product-60.jpg\",\"products\\/product-30.jpg\",\"products\\/product-14.jpg\",\"products\\/product-47.jpg\",\"products\\/product-72.jpg\",\"products\\/product-94.jpg\",\"products\\/product-44.jpg\",\"products\\/product-50.jpg\",\"products\\/product-46.jpg\",\"products\\/product-37.jpg\"]','NC-146-A0',0,15,0,1,0,7,0,0,490,NULL,NULL,NULL,13.00,14.00,19.00,745.00,NULL,131546,'2024-01-06 17:16:13','2024-01-06 17:16:14','in_stock',0,'Botble\\ACL\\Models\\User',NULL,'digital',NULL,NULL,0),(30,'NYX Beauty Couton Pallete Makeup 12','<p>Short Hooded Coat features a straight body, large pockets with button flaps, ventilation air holes, and a string detail along the hemline.</p>','<p>Short Hooded Coat features a straight body, large pockets with button flaps, ventilation air holes, and a string detail along the hemline. The style is completed with a drawstring hood, featuring Rains’ signature built-in cap. Made from waterproof, matte PU, this lightweight unisex rain jacket is an ode to nostalgia through its classic silhouette and utilitarian design details.</p>\n                                <p>- Casual unisex fit</p>\n\n                                <p>- 64% polyester, 36% polyurethane</p>\n\n                                <p>- Water column pressure: 4000 mm</p>\n\n                                <p>- Model is 187cm tall and wearing a size S / M</p>\n\n                                <p>- Unisex fit</p>\n\n                                <p>- Drawstring hood with built-in cap</p>\n\n                                <p>- Front placket with snap buttons</p>\n\n                                <p>- Ventilation under armpit</p>\n\n                                <p>- Adjustable cuffs</p>\n\n                                <p>- Double welted front pockets</p>\n\n                                <p>- Adjustable elastic string at hempen</p>\n\n                                <p>- Ultrasonically welded seams</p>\n\n                                <p>This is a unisex item, please check our clothing &amp; footwear sizing guide for specific Rains jacket sizing information. RAINS comes from the rainy nation of Denmark at the edge of the European continent, close to the ocean and with prevailing westerly winds; all factors that contribute to an average of 121 rain days each year. Arising from these rainy weather conditions comes the attitude that a quick rain shower may be beautiful, as well as moody- but first and foremost requires the right outfit. Rains focus on the whole experience of going outside on rainy days, issuing an invitation to explore even in the most mercurial weather.</p>','published','[\"products\\/product-3.jpg\",\"products\\/product-79.jpg\",\"products\\/product-2.jpg\",\"products\\/product-49.jpg\",\"products\\/product-76.jpg\",\"products\\/product-31.jpg\",\"products\\/product-43.jpg\",\"products\\/product-11.jpg\"]','NC-146-A0',0,17,0,1,1,6,0,0,213,NULL,NULL,NULL,15.00,18.00,13.00,584.00,NULL,94737,'2024-01-06 17:16:13','2024-01-06 17:16:14','in_stock',0,'Botble\\ACL\\Models\\User',NULL,'physical',NULL,NULL,0),(31,'MVMTH Classical Leather Watch In Black','<p>Short Hooded Coat features a straight body, large pockets with button flaps, ventilation air holes, and a string detail along the hemline.</p>','<p>Short Hooded Coat features a straight body, large pockets with button flaps, ventilation air holes, and a string detail along the hemline. The style is completed with a drawstring hood, featuring Rains’ signature built-in cap. Made from waterproof, matte PU, this lightweight unisex rain jacket is an ode to nostalgia through its classic silhouette and utilitarian design details.</p>\n                                <p>- Casual unisex fit</p>\n\n                                <p>- 64% polyester, 36% polyurethane</p>\n\n                                <p>- Water column pressure: 4000 mm</p>\n\n                                <p>- Model is 187cm tall and wearing a size S / M</p>\n\n                                <p>- Unisex fit</p>\n\n                                <p>- Drawstring hood with built-in cap</p>\n\n                                <p>- Front placket with snap buttons</p>\n\n                                <p>- Ventilation under armpit</p>\n\n                                <p>- Adjustable cuffs</p>\n\n                                <p>- Double welted front pockets</p>\n\n                                <p>- Adjustable elastic string at hempen</p>\n\n                                <p>- Ultrasonically welded seams</p>\n\n                                <p>This is a unisex item, please check our clothing &amp; footwear sizing guide for specific Rains jacket sizing information. RAINS comes from the rainy nation of Denmark at the edge of the European continent, close to the ocean and with prevailing westerly winds; all factors that contribute to an average of 121 rain days each year. Arising from these rainy weather conditions comes the attitude that a quick rain shower may be beautiful, as well as moody- but first and foremost requires the right outfit. Rains focus on the whole experience of going outside on rainy days, issuing an invitation to explore even in the most mercurial weather.</p>','published','[\"products\\/product-2.jpg\",\"products\\/product-56.jpg\",\"products\\/product-65.jpg\",\"products\\/product-85.jpg\",\"products\\/product-3.jpg\",\"products\\/product-88.jpg\",\"products\\/product-20.jpg\",\"products\\/product-35.jpg\",\"products\\/product-53.jpg\"]','NC-136-A0',0,12,0,1,0,1,0,0,256,NULL,NULL,NULL,11.00,16.00,13.00,549.00,NULL,99117,'2024-01-06 17:16:13','2024-01-06 17:16:14','in_stock',0,'Botble\\ACL\\Models\\User',NULL,'physical',NULL,NULL,0),(32,'Baxter Care Hair Kit For Bearded Mens','<p>Short Hooded Coat features a straight body, large pockets with button flaps, ventilation air holes, and a string detail along the hemline.</p>','<p>Short Hooded Coat features a straight body, large pockets with button flaps, ventilation air holes, and a string detail along the hemline. The style is completed with a drawstring hood, featuring Rains’ signature built-in cap. Made from waterproof, matte PU, this lightweight unisex rain jacket is an ode to nostalgia through its classic silhouette and utilitarian design details.</p>\n                                <p>- Casual unisex fit</p>\n\n                                <p>- 64% polyester, 36% polyurethane</p>\n\n                                <p>- Water column pressure: 4000 mm</p>\n\n                                <p>- Model is 187cm tall and wearing a size S / M</p>\n\n                                <p>- Unisex fit</p>\n\n                                <p>- Drawstring hood with built-in cap</p>\n\n                                <p>- Front placket with snap buttons</p>\n\n                                <p>- Ventilation under armpit</p>\n\n                                <p>- Adjustable cuffs</p>\n\n                                <p>- Double welted front pockets</p>\n\n                                <p>- Adjustable elastic string at hempen</p>\n\n                                <p>- Ultrasonically welded seams</p>\n\n                                <p>This is a unisex item, please check our clothing &amp; footwear sizing guide for specific Rains jacket sizing information. RAINS comes from the rainy nation of Denmark at the edge of the European continent, close to the ocean and with prevailing westerly winds; all factors that contribute to an average of 121 rain days each year. Arising from these rainy weather conditions comes the attitude that a quick rain shower may be beautiful, as well as moody- but first and foremost requires the right outfit. Rains focus on the whole experience of going outside on rainy days, issuing an invitation to explore even in the most mercurial weather.</p>','published','[\"products\\/product-23.jpg\",\"products\\/product-58.jpg\",\"products\\/product-50.jpg\",\"products\\/product-5.jpg\",\"products\\/product-11.jpg\"]','NC-124-A0',0,15,0,1,0,5,0,0,273,204.75,NULL,NULL,16.00,17.00,11.00,567.00,NULL,184853,'2024-01-06 17:16:13','2024-01-06 17:16:15','in_stock',0,'Botble\\ACL\\Models\\User',NULL,'physical',NULL,NULL,0),(33,'Ciate Palemore Lipstick Bold Red Color','<p>Short Hooded Coat features a straight body, large pockets with button flaps, ventilation air holes, and a string detail along the hemline.</p>','<p>Short Hooded Coat features a straight body, large pockets with button flaps, ventilation air holes, and a string detail along the hemline. The style is completed with a drawstring hood, featuring Rains’ signature built-in cap. Made from waterproof, matte PU, this lightweight unisex rain jacket is an ode to nostalgia through its classic silhouette and utilitarian design details.</p>\n                                <p>- Casual unisex fit</p>\n\n                                <p>- 64% polyester, 36% polyurethane</p>\n\n                                <p>- Water column pressure: 4000 mm</p>\n\n                                <p>- Model is 187cm tall and wearing a size S / M</p>\n\n                                <p>- Unisex fit</p>\n\n                                <p>- Drawstring hood with built-in cap</p>\n\n                                <p>- Front placket with snap buttons</p>\n\n                                <p>- Ventilation under armpit</p>\n\n                                <p>- Adjustable cuffs</p>\n\n                                <p>- Double welted front pockets</p>\n\n                                <p>- Adjustable elastic string at hempen</p>\n\n                                <p>- Ultrasonically welded seams</p>\n\n                                <p>This is a unisex item, please check our clothing &amp; footwear sizing guide for specific Rains jacket sizing information. RAINS comes from the rainy nation of Denmark at the edge of the European continent, close to the ocean and with prevailing westerly winds; all factors that contribute to an average of 121 rain days each year. Arising from these rainy weather conditions comes the attitude that a quick rain shower may be beautiful, as well as moody- but first and foremost requires the right outfit. Rains focus on the whole experience of going outside on rainy days, issuing an invitation to explore even in the most mercurial weather.</p>','published','[\"products\\/product-87.jpg\",\"products\\/product-49.jpg\",\"products\\/product-93.jpg\",\"products\\/product-21.jpg\",\"products\\/product-71.jpg\",\"products\\/product-54.jpg\",\"products\\/product-79.jpg\"]','NC-130-A0',0,14,0,1,1,7,0,0,273,NULL,NULL,NULL,12.00,16.00,11.00,810.00,NULL,42159,'2024-01-06 17:16:13','2024-01-06 17:16:15','in_stock',0,'Botble\\ACL\\Models\\User',NULL,'digital',NULL,NULL,0),(34,'Vimto Squash Remix Apple 1.5 Litres','<p>Short Hooded Coat features a straight body, large pockets with button flaps, ventilation air holes, and a string detail along the hemline.</p>','<p>Short Hooded Coat features a straight body, large pockets with button flaps, ventilation air holes, and a string detail along the hemline. The style is completed with a drawstring hood, featuring Rains’ signature built-in cap. Made from waterproof, matte PU, this lightweight unisex rain jacket is an ode to nostalgia through its classic silhouette and utilitarian design details.</p>\n                                <p>- Casual unisex fit</p>\n\n                                <p>- 64% polyester, 36% polyurethane</p>\n\n                                <p>- Water column pressure: 4000 mm</p>\n\n                                <p>- Model is 187cm tall and wearing a size S / M</p>\n\n                                <p>- Unisex fit</p>\n\n                                <p>- Drawstring hood with built-in cap</p>\n\n                                <p>- Front placket with snap buttons</p>\n\n                                <p>- Ventilation under armpit</p>\n\n                                <p>- Adjustable cuffs</p>\n\n                                <p>- Double welted front pockets</p>\n\n                                <p>- Adjustable elastic string at hempen</p>\n\n                                <p>- Ultrasonically welded seams</p>\n\n                                <p>This is a unisex item, please check our clothing &amp; footwear sizing guide for specific Rains jacket sizing information. RAINS comes from the rainy nation of Denmark at the edge of the European continent, close to the ocean and with prevailing westerly winds; all factors that contribute to an average of 121 rain days each year. Arising from these rainy weather conditions comes the attitude that a quick rain shower may be beautiful, as well as moody- but first and foremost requires the right outfit. Rains focus on the whole experience of going outside on rainy days, issuing an invitation to explore even in the most mercurial weather.</p>','published','[\"products\\/product-70.jpg\",\"products\\/product-64.jpg\",\"products\\/product-21.jpg\",\"products\\/product-51.jpg\",\"products\\/product-47.jpg\",\"products\\/product-92.jpg\",\"products\\/product-75.jpg\",\"products\\/product-79.jpg\"]','NC-146-A0',0,20,0,1,1,7,0,0,268,NULL,NULL,NULL,17.00,18.00,13.00,823.00,NULL,149796,'2024-01-06 17:16:13','2024-01-06 17:16:15','in_stock',0,'Botble\\ACL\\Models\\User',NULL,'physical',NULL,NULL,0),(35,'Crock Pot Slow Cooker','<p>Short Hooded Coat features a straight body, large pockets with button flaps, ventilation air holes, and a string detail along the hemline.</p>','<p>Short Hooded Coat features a straight body, large pockets with button flaps, ventilation air holes, and a string detail along the hemline. The style is completed with a drawstring hood, featuring Rains’ signature built-in cap. Made from waterproof, matte PU, this lightweight unisex rain jacket is an ode to nostalgia through its classic silhouette and utilitarian design details.</p>\n                                <p>- Casual unisex fit</p>\n\n                                <p>- 64% polyester, 36% polyurethane</p>\n\n                                <p>- Water column pressure: 4000 mm</p>\n\n                                <p>- Model is 187cm tall and wearing a size S / M</p>\n\n                                <p>- Unisex fit</p>\n\n                                <p>- Drawstring hood with built-in cap</p>\n\n                                <p>- Front placket with snap buttons</p>\n\n                                <p>- Ventilation under armpit</p>\n\n                                <p>- Adjustable cuffs</p>\n\n                                <p>- Double welted front pockets</p>\n\n                                <p>- Adjustable elastic string at hempen</p>\n\n                                <p>- Ultrasonically welded seams</p>\n\n                                <p>This is a unisex item, please check our clothing &amp; footwear sizing guide for specific Rains jacket sizing information. RAINS comes from the rainy nation of Denmark at the edge of the European continent, close to the ocean and with prevailing westerly winds; all factors that contribute to an average of 121 rain days each year. Arising from these rainy weather conditions comes the attitude that a quick rain shower may be beautiful, as well as moody- but first and foremost requires the right outfit. Rains focus on the whole experience of going outside on rainy days, issuing an invitation to explore even in the most mercurial weather.</p>','published','[\"products\\/product-77.jpg\",\"products\\/product-85.jpg\",\"products\\/product-61.jpg\",\"products\\/product-79.jpg\",\"products\\/product-62.jpg\",\"products\\/product-48.jpg\",\"products\\/product-57.jpg\",\"products\\/product-20.jpg\",\"products\\/product-6.jpg\"]','NC-126-A0',0,15,0,1,1,6,0,0,478,NULL,NULL,NULL,15.00,13.00,16.00,588.00,NULL,198977,'2024-01-06 17:16:13','2024-01-06 17:16:15','in_stock',0,'Botble\\ACL\\Models\\User',NULL,'physical',NULL,NULL,0),(36,'Taylors of Harrogate Yorkshire Coffee','<p>Short Hooded Coat features a straight body, large pockets with button flaps, ventilation air holes, and a string detail along the hemline.</p>','<p>Short Hooded Coat features a straight body, large pockets with button flaps, ventilation air holes, and a string detail along the hemline. The style is completed with a drawstring hood, featuring Rains’ signature built-in cap. Made from waterproof, matte PU, this lightweight unisex rain jacket is an ode to nostalgia through its classic silhouette and utilitarian design details.</p>\n                                <p>- Casual unisex fit</p>\n\n                                <p>- 64% polyester, 36% polyurethane</p>\n\n                                <p>- Water column pressure: 4000 mm</p>\n\n                                <p>- Model is 187cm tall and wearing a size S / M</p>\n\n                                <p>- Unisex fit</p>\n\n                                <p>- Drawstring hood with built-in cap</p>\n\n                                <p>- Front placket with snap buttons</p>\n\n                                <p>- Ventilation under armpit</p>\n\n                                <p>- Adjustable cuffs</p>\n\n                                <p>- Double welted front pockets</p>\n\n                                <p>- Adjustable elastic string at hempen</p>\n\n                                <p>- Ultrasonically welded seams</p>\n\n                                <p>This is a unisex item, please check our clothing &amp; footwear sizing guide for specific Rains jacket sizing information. RAINS comes from the rainy nation of Denmark at the edge of the European continent, close to the ocean and with prevailing westerly winds; all factors that contribute to an average of 121 rain days each year. Arising from these rainy weather conditions comes the attitude that a quick rain shower may be beautiful, as well as moody- but first and foremost requires the right outfit. Rains focus on the whole experience of going outside on rainy days, issuing an invitation to explore even in the most mercurial weather.</p>','published','[\"products\\/product-82.jpg\",\"products\\/product-33.jpg\",\"products\\/product-76.jpg\",\"products\\/product-15.jpg\",\"products\\/product-4.jpg\"]','NC-125-A0',0,12,0,1,0,7,0,0,476,352.24,NULL,NULL,11.00,17.00,11.00,635.00,NULL,96553,'2024-01-06 17:16:13','2024-01-06 17:16:15','in_stock',0,'Botble\\ACL\\Models\\User',NULL,'physical',NULL,NULL,0),(37,'Soft Mochi &amp; Galeto Ice Cream','<p>Short Hooded Coat features a straight body, large pockets with button flaps, ventilation air holes, and a string detail along the hemline.</p>','<p>Short Hooded Coat features a straight body, large pockets with button flaps, ventilation air holes, and a string detail along the hemline. The style is completed with a drawstring hood, featuring Rains’ signature built-in cap. Made from waterproof, matte PU, this lightweight unisex rain jacket is an ode to nostalgia through its classic silhouette and utilitarian design details.</p>\n                                <p>- Casual unisex fit</p>\n\n                                <p>- 64% polyester, 36% polyurethane</p>\n\n                                <p>- Water column pressure: 4000 mm</p>\n\n                                <p>- Model is 187cm tall and wearing a size S / M</p>\n\n                                <p>- Unisex fit</p>\n\n                                <p>- Drawstring hood with built-in cap</p>\n\n                                <p>- Front placket with snap buttons</p>\n\n                                <p>- Ventilation under armpit</p>\n\n                                <p>- Adjustable cuffs</p>\n\n                                <p>- Double welted front pockets</p>\n\n                                <p>- Adjustable elastic string at hempen</p>\n\n                                <p>- Ultrasonically welded seams</p>\n\n                                <p>This is a unisex item, please check our clothing &amp; footwear sizing guide for specific Rains jacket sizing information. RAINS comes from the rainy nation of Denmark at the edge of the European continent, close to the ocean and with prevailing westerly winds; all factors that contribute to an average of 121 rain days each year. Arising from these rainy weather conditions comes the attitude that a quick rain shower may be beautiful, as well as moody- but first and foremost requires the right outfit. Rains focus on the whole experience of going outside on rainy days, issuing an invitation to explore even in the most mercurial weather.</p>','published','[\"products\\/product-60.jpg\",\"products\\/product-35.jpg\",\"products\\/product-24.jpg\",\"products\\/product-32.jpg\",\"products\\/product-59.jpg\",\"products\\/product-10.jpg\",\"products\\/product-50.jpg\",\"products\\/product-91.jpg\",\"products\\/product-94.jpg\",\"products\\/product-5.jpg\"]','NC-191-A0',0,11,0,1,1,3,0,0,225,NULL,NULL,NULL,11.00,16.00,13.00,726.00,NULL,58616,'2024-01-06 17:16:13','2024-01-06 17:16:15','in_stock',0,'Botble\\ACL\\Models\\User',NULL,'digital',NULL,NULL,0),(38,'Naked Noodle Egg Noodles Singapore','<p>Short Hooded Coat features a straight body, large pockets with button flaps, ventilation air holes, and a string detail along the hemline.</p>','<p>Short Hooded Coat features a straight body, large pockets with button flaps, ventilation air holes, and a string detail along the hemline. The style is completed with a drawstring hood, featuring Rains’ signature built-in cap. Made from waterproof, matte PU, this lightweight unisex rain jacket is an ode to nostalgia through its classic silhouette and utilitarian design details.</p>\n                                <p>- Casual unisex fit</p>\n\n                                <p>- 64% polyester, 36% polyurethane</p>\n\n                                <p>- Water column pressure: 4000 mm</p>\n\n                                <p>- Model is 187cm tall and wearing a size S / M</p>\n\n                                <p>- Unisex fit</p>\n\n                                <p>- Drawstring hood with built-in cap</p>\n\n                                <p>- Front placket with snap buttons</p>\n\n                                <p>- Ventilation under armpit</p>\n\n                                <p>- Adjustable cuffs</p>\n\n                                <p>- Double welted front pockets</p>\n\n                                <p>- Adjustable elastic string at hempen</p>\n\n                                <p>- Ultrasonically welded seams</p>\n\n                                <p>This is a unisex item, please check our clothing &amp; footwear sizing guide for specific Rains jacket sizing information. RAINS comes from the rainy nation of Denmark at the edge of the European continent, close to the ocean and with prevailing westerly winds; all factors that contribute to an average of 121 rain days each year. Arising from these rainy weather conditions comes the attitude that a quick rain shower may be beautiful, as well as moody- but first and foremost requires the right outfit. Rains focus on the whole experience of going outside on rainy days, issuing an invitation to explore even in the most mercurial weather.</p>','published','[\"products\\/product-69.jpg\",\"products\\/product-35.jpg\",\"products\\/product-23.jpg\",\"products\\/product-30.jpg\",\"products\\/product-55.jpg\",\"products\\/product-68.jpg\",\"products\\/product-6.jpg\"]','NC-191-A0',0,20,0,1,1,3,0,0,315,NULL,NULL,NULL,20.00,16.00,17.00,666.00,NULL,6977,'2024-01-06 17:16:13','2024-01-06 17:16:15','in_stock',0,'Botble\\ACL\\Models\\User',NULL,'physical',NULL,NULL,0),(39,'Saute Pan Silver','<p>Short Hooded Coat features a straight body, large pockets with button flaps, ventilation air holes, and a string detail along the hemline.</p>','<p>Short Hooded Coat features a straight body, large pockets with button flaps, ventilation air holes, and a string detail along the hemline. The style is completed with a drawstring hood, featuring Rains’ signature built-in cap. Made from waterproof, matte PU, this lightweight unisex rain jacket is an ode to nostalgia through its classic silhouette and utilitarian design details.</p>\n                                <p>- Casual unisex fit</p>\n\n                                <p>- 64% polyester, 36% polyurethane</p>\n\n                                <p>- Water column pressure: 4000 mm</p>\n\n                                <p>- Model is 187cm tall and wearing a size S / M</p>\n\n                                <p>- Unisex fit</p>\n\n                                <p>- Drawstring hood with built-in cap</p>\n\n                                <p>- Front placket with snap buttons</p>\n\n                                <p>- Ventilation under armpit</p>\n\n                                <p>- Adjustable cuffs</p>\n\n                                <p>- Double welted front pockets</p>\n\n                                <p>- Adjustable elastic string at hempen</p>\n\n                                <p>- Ultrasonically welded seams</p>\n\n                                <p>This is a unisex item, please check our clothing &amp; footwear sizing guide for specific Rains jacket sizing information. RAINS comes from the rainy nation of Denmark at the edge of the European continent, close to the ocean and with prevailing westerly winds; all factors that contribute to an average of 121 rain days each year. Arising from these rainy weather conditions comes the attitude that a quick rain shower may be beautiful, as well as moody- but first and foremost requires the right outfit. Rains focus on the whole experience of going outside on rainy days, issuing an invitation to explore even in the most mercurial weather.</p>','published','[\"products\\/product-44.jpg\",\"products\\/product-17.jpg\",\"products\\/product-79.jpg\",\"products\\/product-86.jpg\",\"products\\/product-1.jpg\",\"products\\/product-31.jpg\",\"products\\/product-82.jpg\",\"products\\/product-74.jpg\"]','NC-144-A0',0,19,0,1,0,4,0,0,340,NULL,NULL,NULL,11.00,20.00,13.00,822.00,NULL,21072,'2024-01-06 17:16:13','2024-01-06 17:16:15','in_stock',0,'Botble\\ACL\\Models\\User',NULL,'physical',NULL,NULL,0),(40,'Bar S – Classic Bun Length Franks','<p>Short Hooded Coat features a straight body, large pockets with button flaps, ventilation air holes, and a string detail along the hemline.</p>','<p>Short Hooded Coat features a straight body, large pockets with button flaps, ventilation air holes, and a string detail along the hemline. The style is completed with a drawstring hood, featuring Rains’ signature built-in cap. Made from waterproof, matte PU, this lightweight unisex rain jacket is an ode to nostalgia through its classic silhouette and utilitarian design details.</p>\n                                <p>- Casual unisex fit</p>\n\n                                <p>- 64% polyester, 36% polyurethane</p>\n\n                                <p>- Water column pressure: 4000 mm</p>\n\n                                <p>- Model is 187cm tall and wearing a size S / M</p>\n\n                                <p>- Unisex fit</p>\n\n                                <p>- Drawstring hood with built-in cap</p>\n\n                                <p>- Front placket with snap buttons</p>\n\n                                <p>- Ventilation under armpit</p>\n\n                                <p>- Adjustable cuffs</p>\n\n                                <p>- Double welted front pockets</p>\n\n                                <p>- Adjustable elastic string at hempen</p>\n\n                                <p>- Ultrasonically welded seams</p>\n\n                                <p>This is a unisex item, please check our clothing &amp; footwear sizing guide for specific Rains jacket sizing information. RAINS comes from the rainy nation of Denmark at the edge of the European continent, close to the ocean and with prevailing westerly winds; all factors that contribute to an average of 121 rain days each year. Arising from these rainy weather conditions comes the attitude that a quick rain shower may be beautiful, as well as moody- but first and foremost requires the right outfit. Rains focus on the whole experience of going outside on rainy days, issuing an invitation to explore even in the most mercurial weather.</p>','published','[\"products\\/product-95.jpg\",\"products\\/product-77.jpg\",\"products\\/product-28.jpg\",\"products\\/product-94.jpg\",\"products\\/product-93.jpg\",\"products\\/product-34.jpg\",\"products\\/product-3.jpg\"]','NC-122-A0',0,10,0,1,1,1,0,0,338,287.3,NULL,NULL,20.00,13.00,17.00,588.00,NULL,63169,'2024-01-06 17:16:13','2024-01-06 17:16:15','in_stock',0,'Botble\\ACL\\Models\\User',NULL,'physical',NULL,NULL,0),(41,'Broccoli Crowns','<p>Short Hooded Coat features a straight body, large pockets with button flaps, ventilation air holes, and a string detail along the hemline.</p>','<p>Short Hooded Coat features a straight body, large pockets with button flaps, ventilation air holes, and a string detail along the hemline. The style is completed with a drawstring hood, featuring Rains’ signature built-in cap. Made from waterproof, matte PU, this lightweight unisex rain jacket is an ode to nostalgia through its classic silhouette and utilitarian design details.</p>\n                                <p>- Casual unisex fit</p>\n\n                                <p>- 64% polyester, 36% polyurethane</p>\n\n                                <p>- Water column pressure: 4000 mm</p>\n\n                                <p>- Model is 187cm tall and wearing a size S / M</p>\n\n                                <p>- Unisex fit</p>\n\n                                <p>- Drawstring hood with built-in cap</p>\n\n                                <p>- Front placket with snap buttons</p>\n\n                                <p>- Ventilation under armpit</p>\n\n                                <p>- Adjustable cuffs</p>\n\n                                <p>- Double welted front pockets</p>\n\n                                <p>- Adjustable elastic string at hempen</p>\n\n                                <p>- Ultrasonically welded seams</p>\n\n                                <p>This is a unisex item, please check our clothing &amp; footwear sizing guide for specific Rains jacket sizing information. RAINS comes from the rainy nation of Denmark at the edge of the European continent, close to the ocean and with prevailing westerly winds; all factors that contribute to an average of 121 rain days each year. Arising from these rainy weather conditions comes the attitude that a quick rain shower may be beautiful, as well as moody- but first and foremost requires the right outfit. Rains focus on the whole experience of going outside on rainy days, issuing an invitation to explore even in the most mercurial weather.</p>','published','[\"products\\/product-32.jpg\",\"products\\/product-53.jpg\",\"products\\/product-9.jpg\",\"products\\/product-31.jpg\",\"products\\/product-15.jpg\",\"products\\/product-2.jpg\",\"products\\/product-71.jpg\",\"products\\/product-70.jpg\",\"products\\/product-39.jpg\"]','NC-153-A0',0,16,0,1,1,6,0,0,207,NULL,NULL,NULL,18.00,16.00,12.00,559.00,NULL,130910,'2024-01-06 17:16:13','2024-01-06 17:16:15','in_stock',0,'Botble\\ACL\\Models\\User',NULL,'digital',NULL,NULL,0),(42,'Slimming World Vegan Mac Greens','<p>Short Hooded Coat features a straight body, large pockets with button flaps, ventilation air holes, and a string detail along the hemline.</p>','<p>Short Hooded Coat features a straight body, large pockets with button flaps, ventilation air holes, and a string detail along the hemline. The style is completed with a drawstring hood, featuring Rains’ signature built-in cap. Made from waterproof, matte PU, this lightweight unisex rain jacket is an ode to nostalgia through its classic silhouette and utilitarian design details.</p>\n                                <p>- Casual unisex fit</p>\n\n                                <p>- 64% polyester, 36% polyurethane</p>\n\n                                <p>- Water column pressure: 4000 mm</p>\n\n                                <p>- Model is 187cm tall and wearing a size S / M</p>\n\n                                <p>- Unisex fit</p>\n\n                                <p>- Drawstring hood with built-in cap</p>\n\n                                <p>- Front placket with snap buttons</p>\n\n                                <p>- Ventilation under armpit</p>\n\n                                <p>- Adjustable cuffs</p>\n\n                                <p>- Double welted front pockets</p>\n\n                                <p>- Adjustable elastic string at hempen</p>\n\n                                <p>- Ultrasonically welded seams</p>\n\n                                <p>This is a unisex item, please check our clothing &amp; footwear sizing guide for specific Rains jacket sizing information. RAINS comes from the rainy nation of Denmark at the edge of the European continent, close to the ocean and with prevailing westerly winds; all factors that contribute to an average of 121 rain days each year. Arising from these rainy weather conditions comes the attitude that a quick rain shower may be beautiful, as well as moody- but first and foremost requires the right outfit. Rains focus on the whole experience of going outside on rainy days, issuing an invitation to explore even in the most mercurial weather.</p>','published','[\"products\\/product-4.jpg\",\"products\\/product-24.jpg\",\"products\\/product-10.jpg\",\"products\\/product-68.jpg\",\"products\\/product-89.jpg\",\"products\\/product-83.jpg\",\"products\\/product-76.jpg\",\"products\\/product-33.jpg\",\"products\\/product-78.jpg\",\"products\\/product-14.jpg\",\"products\\/product-60.jpg\"]','NC-153-A0',0,13,0,1,1,2,0,0,496,NULL,NULL,NULL,15.00,19.00,14.00,592.00,NULL,46336,'2024-01-06 17:16:13','2024-01-06 17:16:15','in_stock',0,'Botble\\ACL\\Models\\User',NULL,'physical',NULL,NULL,0),(43,'Häagen-Dazs Salted Caramel','<p>Short Hooded Coat features a straight body, large pockets with button flaps, ventilation air holes, and a string detail along the hemline.</p>','<p>Short Hooded Coat features a straight body, large pockets with button flaps, ventilation air holes, and a string detail along the hemline. The style is completed with a drawstring hood, featuring Rains’ signature built-in cap. Made from waterproof, matte PU, this lightweight unisex rain jacket is an ode to nostalgia through its classic silhouette and utilitarian design details.</p>\n                                <p>- Casual unisex fit</p>\n\n                                <p>- 64% polyester, 36% polyurethane</p>\n\n                                <p>- Water column pressure: 4000 mm</p>\n\n                                <p>- Model is 187cm tall and wearing a size S / M</p>\n\n                                <p>- Unisex fit</p>\n\n                                <p>- Drawstring hood with built-in cap</p>\n\n                                <p>- Front placket with snap buttons</p>\n\n                                <p>- Ventilation under armpit</p>\n\n                                <p>- Adjustable cuffs</p>\n\n                                <p>- Double welted front pockets</p>\n\n                                <p>- Adjustable elastic string at hempen</p>\n\n                                <p>- Ultrasonically welded seams</p>\n\n                                <p>This is a unisex item, please check our clothing &amp; footwear sizing guide for specific Rains jacket sizing information. RAINS comes from the rainy nation of Denmark at the edge of the European continent, close to the ocean and with prevailing westerly winds; all factors that contribute to an average of 121 rain days each year. Arising from these rainy weather conditions comes the attitude that a quick rain shower may be beautiful, as well as moody- but first and foremost requires the right outfit. Rains focus on the whole experience of going outside on rainy days, issuing an invitation to explore even in the most mercurial weather.</p>','published','[\"products\\/product-30.jpg\",\"products\\/product-59.jpg\",\"products\\/product-61.jpg\",\"products\\/product-33.jpg\",\"products\\/product-4.jpg\",\"products\\/product-52.jpg\"]','NC-182-A0',0,15,0,1,0,5,0,0,432,NULL,NULL,NULL,10.00,19.00,13.00,606.00,NULL,91103,'2024-01-06 17:16:13','2024-01-06 17:16:15','in_stock',0,'Botble\\ACL\\Models\\User',NULL,'physical',NULL,NULL,0),(44,'Iceland 3 Solo Exotic Burst','<p>Short Hooded Coat features a straight body, large pockets with button flaps, ventilation air holes, and a string detail along the hemline.</p>','<p>Short Hooded Coat features a straight body, large pockets with button flaps, ventilation air holes, and a string detail along the hemline. The style is completed with a drawstring hood, featuring Rains’ signature built-in cap. Made from waterproof, matte PU, this lightweight unisex rain jacket is an ode to nostalgia through its classic silhouette and utilitarian design details.</p>\n                                <p>- Casual unisex fit</p>\n\n                                <p>- 64% polyester, 36% polyurethane</p>\n\n                                <p>- Water column pressure: 4000 mm</p>\n\n                                <p>- Model is 187cm tall and wearing a size S / M</p>\n\n                                <p>- Unisex fit</p>\n\n                                <p>- Drawstring hood with built-in cap</p>\n\n                                <p>- Front placket with snap buttons</p>\n\n                                <p>- Ventilation under armpit</p>\n\n                                <p>- Adjustable cuffs</p>\n\n                                <p>- Double welted front pockets</p>\n\n                                <p>- Adjustable elastic string at hempen</p>\n\n                                <p>- Ultrasonically welded seams</p>\n\n                                <p>This is a unisex item, please check our clothing &amp; footwear sizing guide for specific Rains jacket sizing information. RAINS comes from the rainy nation of Denmark at the edge of the European continent, close to the ocean and with prevailing westerly winds; all factors that contribute to an average of 121 rain days each year. Arising from these rainy weather conditions comes the attitude that a quick rain shower may be beautiful, as well as moody- but first and foremost requires the right outfit. Rains focus on the whole experience of going outside on rainy days, issuing an invitation to explore even in the most mercurial weather.</p>','published','[\"products\\/product-49.jpg\",\"products\\/product-21.jpg\",\"products\\/product-12.jpg\",\"products\\/product-81.jpg\",\"products\\/product-25.jpg\"]','NC-131-A0',0,20,0,1,0,6,0,0,376,315.84,NULL,NULL,16.00,19.00,16.00,523.00,NULL,87570,'2024-01-06 17:16:13','2024-01-06 17:16:15','in_stock',0,'Botble\\ACL\\Models\\User',NULL,'physical',NULL,NULL,0),(45,'Extreme Budweiser Light Can','<p>Short Hooded Coat features a straight body, large pockets with button flaps, ventilation air holes, and a string detail along the hemline.</p>','<p>Short Hooded Coat features a straight body, large pockets with button flaps, ventilation air holes, and a string detail along the hemline. The style is completed with a drawstring hood, featuring Rains’ signature built-in cap. Made from waterproof, matte PU, this lightweight unisex rain jacket is an ode to nostalgia through its classic silhouette and utilitarian design details.</p>\n                                <p>- Casual unisex fit</p>\n\n                                <p>- 64% polyester, 36% polyurethane</p>\n\n                                <p>- Water column pressure: 4000 mm</p>\n\n                                <p>- Model is 187cm tall and wearing a size S / M</p>\n\n                                <p>- Unisex fit</p>\n\n                                <p>- Drawstring hood with built-in cap</p>\n\n                                <p>- Front placket with snap buttons</p>\n\n                                <p>- Ventilation under armpit</p>\n\n                                <p>- Adjustable cuffs</p>\n\n                                <p>- Double welted front pockets</p>\n\n                                <p>- Adjustable elastic string at hempen</p>\n\n                                <p>- Ultrasonically welded seams</p>\n\n                                <p>This is a unisex item, please check our clothing &amp; footwear sizing guide for specific Rains jacket sizing information. RAINS comes from the rainy nation of Denmark at the edge of the European continent, close to the ocean and with prevailing westerly winds; all factors that contribute to an average of 121 rain days each year. Arising from these rainy weather conditions comes the attitude that a quick rain shower may be beautiful, as well as moody- but first and foremost requires the right outfit. Rains focus on the whole experience of going outside on rainy days, issuing an invitation to explore even in the most mercurial weather.</p>','published','[\"products\\/product-94.jpg\",\"products\\/product-50.jpg\",\"products\\/product-2.jpg\",\"products\\/product-56.jpg\",\"products\\/product-81.jpg\",\"products\\/product-33.jpg\",\"products\\/product-67.jpg\",\"products\\/product-82.jpg\",\"products\\/product-36.jpg\",\"products\\/product-48.jpg\",\"products\\/product-71.jpg\",\"products\\/product-27.jpg\"]','NC-130-A0',0,12,0,1,0,6,0,0,444,NULL,NULL,NULL,10.00,14.00,15.00,683.00,NULL,123765,'2024-01-06 17:16:13','2024-01-06 17:16:15','in_stock',0,'Botble\\ACL\\Models\\User',NULL,'digital',NULL,NULL,0),(46,'Iceland Macaroni Cheese Traybake','<p>Short Hooded Coat features a straight body, large pockets with button flaps, ventilation air holes, and a string detail along the hemline.</p>','<p>Short Hooded Coat features a straight body, large pockets with button flaps, ventilation air holes, and a string detail along the hemline. The style is completed with a drawstring hood, featuring Rains’ signature built-in cap. Made from waterproof, matte PU, this lightweight unisex rain jacket is an ode to nostalgia through its classic silhouette and utilitarian design details.</p>\n                                <p>- Casual unisex fit</p>\n\n                                <p>- 64% polyester, 36% polyurethane</p>\n\n                                <p>- Water column pressure: 4000 mm</p>\n\n                                <p>- Model is 187cm tall and wearing a size S / M</p>\n\n                                <p>- Unisex fit</p>\n\n                                <p>- Drawstring hood with built-in cap</p>\n\n                                <p>- Front placket with snap buttons</p>\n\n                                <p>- Ventilation under armpit</p>\n\n                                <p>- Adjustable cuffs</p>\n\n                                <p>- Double welted front pockets</p>\n\n                                <p>- Adjustable elastic string at hempen</p>\n\n                                <p>- Ultrasonically welded seams</p>\n\n                                <p>This is a unisex item, please check our clothing &amp; footwear sizing guide for specific Rains jacket sizing information. RAINS comes from the rainy nation of Denmark at the edge of the European continent, close to the ocean and with prevailing westerly winds; all factors that contribute to an average of 121 rain days each year. Arising from these rainy weather conditions comes the attitude that a quick rain shower may be beautiful, as well as moody- but first and foremost requires the right outfit. Rains focus on the whole experience of going outside on rainy days, issuing an invitation to explore even in the most mercurial weather.</p>','published','[\"products\\/product-37.jpg\",\"products\\/product-80.jpg\",\"products\\/product-45.jpg\",\"products\\/product-23.jpg\",\"products\\/product-40.jpg\",\"products\\/product-16.jpg\",\"products\\/product-54.jpg\",\"products\\/product-91.jpg\",\"products\\/product-25.jpg\",\"products\\/product-88.jpg\",\"products\\/product-78.jpg\"]','NC-109-A0',0,14,0,1,1,6,0,0,312,NULL,NULL,NULL,18.00,20.00,18.00,696.00,NULL,101377,'2024-01-06 17:16:13','2024-01-06 17:16:15','in_stock',0,'Botble\\ACL\\Models\\User',NULL,'physical',NULL,NULL,0),(47,'Dolmio Bolognese Pasta Sauce','<p>Short Hooded Coat features a straight body, large pockets with button flaps, ventilation air holes, and a string detail along the hemline.</p>','<p>Short Hooded Coat features a straight body, large pockets with button flaps, ventilation air holes, and a string detail along the hemline. The style is completed with a drawstring hood, featuring Rains’ signature built-in cap. Made from waterproof, matte PU, this lightweight unisex rain jacket is an ode to nostalgia through its classic silhouette and utilitarian design details.</p>\n                                <p>- Casual unisex fit</p>\n\n                                <p>- 64% polyester, 36% polyurethane</p>\n\n                                <p>- Water column pressure: 4000 mm</p>\n\n                                <p>- Model is 187cm tall and wearing a size S / M</p>\n\n                                <p>- Unisex fit</p>\n\n                                <p>- Drawstring hood with built-in cap</p>\n\n                                <p>- Front placket with snap buttons</p>\n\n                                <p>- Ventilation under armpit</p>\n\n                                <p>- Adjustable cuffs</p>\n\n                                <p>- Double welted front pockets</p>\n\n                                <p>- Adjustable elastic string at hempen</p>\n\n                                <p>- Ultrasonically welded seams</p>\n\n                                <p>This is a unisex item, please check our clothing &amp; footwear sizing guide for specific Rains jacket sizing information. RAINS comes from the rainy nation of Denmark at the edge of the European continent, close to the ocean and with prevailing westerly winds; all factors that contribute to an average of 121 rain days each year. Arising from these rainy weather conditions comes the attitude that a quick rain shower may be beautiful, as well as moody- but first and foremost requires the right outfit. Rains focus on the whole experience of going outside on rainy days, issuing an invitation to explore even in the most mercurial weather.</p>','published','[\"products\\/product-75.jpg\",\"products\\/product-76.jpg\",\"products\\/product-64.jpg\",\"products\\/product-37.jpg\",\"products\\/product-4.jpg\",\"products\\/product-78.jpg\"]','NC-128-A0',0,19,0,1,0,6,0,0,489,NULL,NULL,NULL,13.00,10.00,13.00,829.00,NULL,62586,'2024-01-06 17:16:13','2024-01-06 17:16:15','in_stock',0,'Botble\\ACL\\Models\\User',NULL,'physical',NULL,NULL,0),(48,'Sitema BakeIT Plastic Box','<p>Short Hooded Coat features a straight body, large pockets with button flaps, ventilation air holes, and a string detail along the hemline.</p>','<p>Short Hooded Coat features a straight body, large pockets with button flaps, ventilation air holes, and a string detail along the hemline. The style is completed with a drawstring hood, featuring Rains’ signature built-in cap. Made from waterproof, matte PU, this lightweight unisex rain jacket is an ode to nostalgia through its classic silhouette and utilitarian design details.</p>\n                                <p>- Casual unisex fit</p>\n\n                                <p>- 64% polyester, 36% polyurethane</p>\n\n                                <p>- Water column pressure: 4000 mm</p>\n\n                                <p>- Model is 187cm tall and wearing a size S / M</p>\n\n                                <p>- Unisex fit</p>\n\n                                <p>- Drawstring hood with built-in cap</p>\n\n                                <p>- Front placket with snap buttons</p>\n\n                                <p>- Ventilation under armpit</p>\n\n                                <p>- Adjustable cuffs</p>\n\n                                <p>- Double welted front pockets</p>\n\n                                <p>- Adjustable elastic string at hempen</p>\n\n                                <p>- Ultrasonically welded seams</p>\n\n                                <p>This is a unisex item, please check our clothing &amp; footwear sizing guide for specific Rains jacket sizing information. RAINS comes from the rainy nation of Denmark at the edge of the European continent, close to the ocean and with prevailing westerly winds; all factors that contribute to an average of 121 rain days each year. Arising from these rainy weather conditions comes the attitude that a quick rain shower may be beautiful, as well as moody- but first and foremost requires the right outfit. Rains focus on the whole experience of going outside on rainy days, issuing an invitation to explore even in the most mercurial weather.</p>','published','[\"products\\/product-94.jpg\",\"products\\/product-70.jpg\",\"products\\/product-55.jpg\",\"products\\/product-82.jpg\",\"products\\/product-18.jpg\",\"products\\/product-17.jpg\",\"products\\/product-67.jpg\",\"products\\/product-52.jpg\",\"products\\/product-9.jpg\"]','NC-176-A0',0,11,0,1,1,5,0,0,402,353.76,NULL,NULL,11.00,16.00,15.00,501.00,NULL,155773,'2024-01-06 17:16:13','2024-01-06 17:16:15','in_stock',0,'Botble\\ACL\\Models\\User',NULL,'physical',NULL,NULL,0),(49,'Wayfair Basics Dinner Plate Storage','<p>Short Hooded Coat features a straight body, large pockets with button flaps, ventilation air holes, and a string detail along the hemline.</p>','<p>Short Hooded Coat features a straight body, large pockets with button flaps, ventilation air holes, and a string detail along the hemline. The style is completed with a drawstring hood, featuring Rains’ signature built-in cap. Made from waterproof, matte PU, this lightweight unisex rain jacket is an ode to nostalgia through its classic silhouette and utilitarian design details.</p>\n                                <p>- Casual unisex fit</p>\n\n                                <p>- 64% polyester, 36% polyurethane</p>\n\n                                <p>- Water column pressure: 4000 mm</p>\n\n                                <p>- Model is 187cm tall and wearing a size S / M</p>\n\n                                <p>- Unisex fit</p>\n\n                                <p>- Drawstring hood with built-in cap</p>\n\n                                <p>- Front placket with snap buttons</p>\n\n                                <p>- Ventilation under armpit</p>\n\n                                <p>- Adjustable cuffs</p>\n\n                                <p>- Double welted front pockets</p>\n\n                                <p>- Adjustable elastic string at hempen</p>\n\n                                <p>- Ultrasonically welded seams</p>\n\n                                <p>This is a unisex item, please check our clothing &amp; footwear sizing guide for specific Rains jacket sizing information. RAINS comes from the rainy nation of Denmark at the edge of the European continent, close to the ocean and with prevailing westerly winds; all factors that contribute to an average of 121 rain days each year. Arising from these rainy weather conditions comes the attitude that a quick rain shower may be beautiful, as well as moody- but first and foremost requires the right outfit. Rains focus on the whole experience of going outside on rainy days, issuing an invitation to explore even in the most mercurial weather.</p>','published','[\"products\\/product-45.jpg\",\"products\\/product-13.jpg\",\"products\\/product-42.jpg\",\"products\\/product-26.jpg\",\"products\\/product-86.jpg\",\"products\\/product-65.jpg\",\"products\\/product-82.jpg\"]','NC-148-A0',0,17,0,1,1,4,0,0,370,NULL,NULL,NULL,20.00,13.00,20.00,866.00,NULL,116787,'2024-01-06 17:16:13','2024-01-06 17:16:15','in_stock',0,'Botble\\ACL\\Models\\User',NULL,'digital',NULL,NULL,0),(50,'Miko The Panda Water Bottle','<p>Short Hooded Coat features a straight body, large pockets with button flaps, ventilation air holes, and a string detail along the hemline.</p>','<p>Short Hooded Coat features a straight body, large pockets with button flaps, ventilation air holes, and a string detail along the hemline. The style is completed with a drawstring hood, featuring Rains’ signature built-in cap. Made from waterproof, matte PU, this lightweight unisex rain jacket is an ode to nostalgia through its classic silhouette and utilitarian design details.</p>\n                                <p>- Casual unisex fit</p>\n\n                                <p>- 64% polyester, 36% polyurethane</p>\n\n                                <p>- Water column pressure: 4000 mm</p>\n\n                                <p>- Model is 187cm tall and wearing a size S / M</p>\n\n                                <p>- Unisex fit</p>\n\n                                <p>- Drawstring hood with built-in cap</p>\n\n                                <p>- Front placket with snap buttons</p>\n\n                                <p>- Ventilation under armpit</p>\n\n                                <p>- Adjustable cuffs</p>\n\n                                <p>- Double welted front pockets</p>\n\n                                <p>- Adjustable elastic string at hempen</p>\n\n                                <p>- Ultrasonically welded seams</p>\n\n                                <p>This is a unisex item, please check our clothing &amp; footwear sizing guide for specific Rains jacket sizing information. RAINS comes from the rainy nation of Denmark at the edge of the European continent, close to the ocean and with prevailing westerly winds; all factors that contribute to an average of 121 rain days each year. Arising from these rainy weather conditions comes the attitude that a quick rain shower may be beautiful, as well as moody- but first and foremost requires the right outfit. Rains focus on the whole experience of going outside on rainy days, issuing an invitation to explore even in the most mercurial weather.</p>','published','[\"products\\/product-9.jpg\",\"products\\/product-80.jpg\",\"products\\/product-39.jpg\",\"products\\/product-68.jpg\",\"products\\/product-82.jpg\",\"products\\/product-5.jpg\",\"products\\/product-72.jpg\",\"products\\/product-44.jpg\",\"products\\/product-54.jpg\",\"products\\/product-76.jpg\",\"products\\/product-41.jpg\",\"products\\/product-67.jpg\"]','NC-146-A0',0,20,0,1,1,2,0,0,311,NULL,NULL,NULL,15.00,10.00,19.00,601.00,NULL,51974,'2024-01-06 17:16:13','2024-01-06 17:16:15','in_stock',0,'Botble\\ACL\\Models\\User',NULL,'physical',NULL,NULL,0),(51,'Sesame Seed Bread','<p>Short Hooded Coat features a straight body, large pockets with button flaps, ventilation air holes, and a string detail along the hemline.</p>','<p>Short Hooded Coat features a straight body, large pockets with button flaps, ventilation air holes, and a string detail along the hemline. The style is completed with a drawstring hood, featuring Rains’ signature built-in cap. Made from waterproof, matte PU, this lightweight unisex rain jacket is an ode to nostalgia through its classic silhouette and utilitarian design details.</p>\n                                <p>- Casual unisex fit</p>\n\n                                <p>- 64% polyester, 36% polyurethane</p>\n\n                                <p>- Water column pressure: 4000 mm</p>\n\n                                <p>- Model is 187cm tall and wearing a size S / M</p>\n\n                                <p>- Unisex fit</p>\n\n                                <p>- Drawstring hood with built-in cap</p>\n\n                                <p>- Front placket with snap buttons</p>\n\n                                <p>- Ventilation under armpit</p>\n\n                                <p>- Adjustable cuffs</p>\n\n                                <p>- Double welted front pockets</p>\n\n                                <p>- Adjustable elastic string at hempen</p>\n\n                                <p>- Ultrasonically welded seams</p>\n\n                                <p>This is a unisex item, please check our clothing &amp; footwear sizing guide for specific Rains jacket sizing information. RAINS comes from the rainy nation of Denmark at the edge of the European continent, close to the ocean and with prevailing westerly winds; all factors that contribute to an average of 121 rain days each year. Arising from these rainy weather conditions comes the attitude that a quick rain shower may be beautiful, as well as moody- but first and foremost requires the right outfit. Rains focus on the whole experience of going outside on rainy days, issuing an invitation to explore even in the most mercurial weather.</p>','published','[\"products\\/product-49.jpg\",\"products\\/product-18.jpg\",\"products\\/product-44.jpg\",\"products\\/product-60.jpg\",\"products\\/product-15.jpg\"]','NC-158-A0',0,12,0,1,0,6,0,0,202,NULL,NULL,NULL,15.00,18.00,10.00,869.00,NULL,52433,'2024-01-06 17:16:13','2024-01-06 17:16:16','in_stock',0,'Botble\\ACL\\Models\\User',NULL,'physical',NULL,NULL,0),(52,'Morrisons The Best Beef','<p>Short Hooded Coat features a straight body, large pockets with button flaps, ventilation air holes, and a string detail along the hemline.</p>','<p>Short Hooded Coat features a straight body, large pockets with button flaps, ventilation air holes, and a string detail along the hemline. The style is completed with a drawstring hood, featuring Rains’ signature built-in cap. Made from waterproof, matte PU, this lightweight unisex rain jacket is an ode to nostalgia through its classic silhouette and utilitarian design details.</p>\n                                <p>- Casual unisex fit</p>\n\n                                <p>- 64% polyester, 36% polyurethane</p>\n\n                                <p>- Water column pressure: 4000 mm</p>\n\n                                <p>- Model is 187cm tall and wearing a size S / M</p>\n\n                                <p>- Unisex fit</p>\n\n                                <p>- Drawstring hood with built-in cap</p>\n\n                                <p>- Front placket with snap buttons</p>\n\n                                <p>- Ventilation under armpit</p>\n\n                                <p>- Adjustable cuffs</p>\n\n                                <p>- Double welted front pockets</p>\n\n                                <p>- Adjustable elastic string at hempen</p>\n\n                                <p>- Ultrasonically welded seams</p>\n\n                                <p>This is a unisex item, please check our clothing &amp; footwear sizing guide for specific Rains jacket sizing information. RAINS comes from the rainy nation of Denmark at the edge of the European continent, close to the ocean and with prevailing westerly winds; all factors that contribute to an average of 121 rain days each year. Arising from these rainy weather conditions comes the attitude that a quick rain shower may be beautiful, as well as moody- but first and foremost requires the right outfit. Rains focus on the whole experience of going outside on rainy days, issuing an invitation to explore even in the most mercurial weather.</p>','published','[\"products\\/product-5.jpg\",\"products\\/product-17.jpg\",\"products\\/product-81.jpg\",\"products\\/product-93.jpg\",\"products\\/product-73.jpg\",\"products\\/product-82.jpg\",\"products\\/product-46.jpg\",\"products\\/product-38.jpg\",\"products\\/product-9.jpg\",\"products\\/product-61.jpg\",\"products\\/product-72.jpg\"]','NC-142-A0',0,20,0,1,0,2,0,0,305,262.3,NULL,NULL,10.00,12.00,13.00,863.00,NULL,73206,'2024-01-06 17:16:13','2024-01-06 17:16:16','in_stock',0,'Botble\\ACL\\Models\\User',NULL,'physical',NULL,NULL,0),(53,'Avocado, Hass Large','<p>Short Hooded Coat features a straight body, large pockets with button flaps, ventilation air holes, and a string detail along the hemline.</p>','<p>Short Hooded Coat features a straight body, large pockets with button flaps, ventilation air holes, and a string detail along the hemline. The style is completed with a drawstring hood, featuring Rains’ signature built-in cap. Made from waterproof, matte PU, this lightweight unisex rain jacket is an ode to nostalgia through its classic silhouette and utilitarian design details.</p>\n                                <p>- Casual unisex fit</p>\n\n                                <p>- 64% polyester, 36% polyurethane</p>\n\n                                <p>- Water column pressure: 4000 mm</p>\n\n                                <p>- Model is 187cm tall and wearing a size S / M</p>\n\n                                <p>- Unisex fit</p>\n\n                                <p>- Drawstring hood with built-in cap</p>\n\n                                <p>- Front placket with snap buttons</p>\n\n                                <p>- Ventilation under armpit</p>\n\n                                <p>- Adjustable cuffs</p>\n\n                                <p>- Double welted front pockets</p>\n\n                                <p>- Adjustable elastic string at hempen</p>\n\n                                <p>- Ultrasonically welded seams</p>\n\n                                <p>This is a unisex item, please check our clothing &amp; footwear sizing guide for specific Rains jacket sizing information. RAINS comes from the rainy nation of Denmark at the edge of the European continent, close to the ocean and with prevailing westerly winds; all factors that contribute to an average of 121 rain days each year. Arising from these rainy weather conditions comes the attitude that a quick rain shower may be beautiful, as well as moody- but first and foremost requires the right outfit. Rains focus on the whole experience of going outside on rainy days, issuing an invitation to explore even in the most mercurial weather.</p>','published','[\"products\\/product-69.jpg\",\"products\\/product-21.jpg\",\"products\\/product-25.jpg\",\"products\\/product-16.jpg\",\"products\\/product-68.jpg\",\"products\\/product-58.jpg\",\"products\\/product-55.jpg\",\"products\\/product-53.jpg\",\"products\\/product-11.jpg\"]','NC-128-A0',0,15,0,1,1,1,0,0,305,NULL,NULL,NULL,11.00,10.00,16.00,844.00,NULL,155793,'2024-01-06 17:16:13','2024-01-06 17:16:16','in_stock',0,'Botble\\ACL\\Models\\User',NULL,'digital',NULL,NULL,0),(54,'Italia Beef Lasagne','<p>Short Hooded Coat features a straight body, large pockets with button flaps, ventilation air holes, and a string detail along the hemline.</p>','<p>Short Hooded Coat features a straight body, large pockets with button flaps, ventilation air holes, and a string detail along the hemline. The style is completed with a drawstring hood, featuring Rains’ signature built-in cap. Made from waterproof, matte PU, this lightweight unisex rain jacket is an ode to nostalgia through its classic silhouette and utilitarian design details.</p>\n                                <p>- Casual unisex fit</p>\n\n                                <p>- 64% polyester, 36% polyurethane</p>\n\n                                <p>- Water column pressure: 4000 mm</p>\n\n                                <p>- Model is 187cm tall and wearing a size S / M</p>\n\n                                <p>- Unisex fit</p>\n\n                                <p>- Drawstring hood with built-in cap</p>\n\n                                <p>- Front placket with snap buttons</p>\n\n                                <p>- Ventilation under armpit</p>\n\n                                <p>- Adjustable cuffs</p>\n\n                                <p>- Double welted front pockets</p>\n\n                                <p>- Adjustable elastic string at hempen</p>\n\n                                <p>- Ultrasonically welded seams</p>\n\n                                <p>This is a unisex item, please check our clothing &amp; footwear sizing guide for specific Rains jacket sizing information. RAINS comes from the rainy nation of Denmark at the edge of the European continent, close to the ocean and with prevailing westerly winds; all factors that contribute to an average of 121 rain days each year. Arising from these rainy weather conditions comes the attitude that a quick rain shower may be beautiful, as well as moody- but first and foremost requires the right outfit. Rains focus on the whole experience of going outside on rainy days, issuing an invitation to explore even in the most mercurial weather.</p>','published','[\"products\\/product-45.jpg\",\"products\\/product-92.jpg\",\"products\\/product-69.jpg\",\"products\\/product-50.jpg\",\"products\\/product-22.jpg\"]','NC-187-A0',0,17,0,1,0,5,0,0,202,NULL,NULL,NULL,19.00,13.00,19.00,691.00,NULL,93336,'2024-01-06 17:16:13','2024-01-06 17:16:16','in_stock',0,'Botble\\ACL\\Models\\User',NULL,'physical',NULL,NULL,0),(55,'Maxwell House Classic Roast Mocha','<p>Short Hooded Coat features a straight body, large pockets with button flaps, ventilation air holes, and a string detail along the hemline.</p>','<p>Short Hooded Coat features a straight body, large pockets with button flaps, ventilation air holes, and a string detail along the hemline. The style is completed with a drawstring hood, featuring Rains’ signature built-in cap. Made from waterproof, matte PU, this lightweight unisex rain jacket is an ode to nostalgia through its classic silhouette and utilitarian design details.</p>\n                                <p>- Casual unisex fit</p>\n\n                                <p>- 64% polyester, 36% polyurethane</p>\n\n                                <p>- Water column pressure: 4000 mm</p>\n\n                                <p>- Model is 187cm tall and wearing a size S / M</p>\n\n                                <p>- Unisex fit</p>\n\n                                <p>- Drawstring hood with built-in cap</p>\n\n                                <p>- Front placket with snap buttons</p>\n\n                                <p>- Ventilation under armpit</p>\n\n                                <p>- Adjustable cuffs</p>\n\n                                <p>- Double welted front pockets</p>\n\n                                <p>- Adjustable elastic string at hempen</p>\n\n                                <p>- Ultrasonically welded seams</p>\n\n                                <p>This is a unisex item, please check our clothing &amp; footwear sizing guide for specific Rains jacket sizing information. RAINS comes from the rainy nation of Denmark at the edge of the European continent, close to the ocean and with prevailing westerly winds; all factors that contribute to an average of 121 rain days each year. Arising from these rainy weather conditions comes the attitude that a quick rain shower may be beautiful, as well as moody- but first and foremost requires the right outfit. Rains focus on the whole experience of going outside on rainy days, issuing an invitation to explore even in the most mercurial weather.</p>','published','[\"products\\/product-29.jpg\",\"products\\/product-71.jpg\",\"products\\/product-21.jpg\",\"products\\/product-35.jpg\",\"products\\/product-6.jpg\",\"products\\/product-73.jpg\",\"products\\/product-13.jpg\"]','NC-193-A0',0,13,0,1,0,7,0,0,204,NULL,NULL,NULL,17.00,15.00,13.00,623.00,NULL,84339,'2024-01-06 17:16:13','2024-01-06 17:16:16','in_stock',0,'Botble\\ACL\\Models\\User',NULL,'physical',NULL,NULL,0),(56,'Bottled Pure Water 500ml','<p>Short Hooded Coat features a straight body, large pockets with button flaps, ventilation air holes, and a string detail along the hemline.</p>','<p>Short Hooded Coat features a straight body, large pockets with button flaps, ventilation air holes, and a string detail along the hemline. The style is completed with a drawstring hood, featuring Rains’ signature built-in cap. Made from waterproof, matte PU, this lightweight unisex rain jacket is an ode to nostalgia through its classic silhouette and utilitarian design details.</p>\n                                <p>- Casual unisex fit</p>\n\n                                <p>- 64% polyester, 36% polyurethane</p>\n\n                                <p>- Water column pressure: 4000 mm</p>\n\n                                <p>- Model is 187cm tall and wearing a size S / M</p>\n\n                                <p>- Unisex fit</p>\n\n                                <p>- Drawstring hood with built-in cap</p>\n\n                                <p>- Front placket with snap buttons</p>\n\n                                <p>- Ventilation under armpit</p>\n\n                                <p>- Adjustable cuffs</p>\n\n                                <p>- Double welted front pockets</p>\n\n                                <p>- Adjustable elastic string at hempen</p>\n\n                                <p>- Ultrasonically welded seams</p>\n\n                                <p>This is a unisex item, please check our clothing &amp; footwear sizing guide for specific Rains jacket sizing information. RAINS comes from the rainy nation of Denmark at the edge of the European continent, close to the ocean and with prevailing westerly winds; all factors that contribute to an average of 121 rain days each year. Arising from these rainy weather conditions comes the attitude that a quick rain shower may be beautiful, as well as moody- but first and foremost requires the right outfit. Rains focus on the whole experience of going outside on rainy days, issuing an invitation to explore even in the most mercurial weather.</p>','published','[\"products\\/product-75.jpg\",\"products\\/product-73.jpg\",\"products\\/product-76.jpg\",\"products\\/product-25.jpg\",\"products\\/product-6.jpg\",\"products\\/product-41.jpg\",\"products\\/product-62.jpg\",\"products\\/product-81.jpg\",\"products\\/product-59.jpg\",\"products\\/product-42.jpg\",\"products\\/product-22.jpg\"]','NC-149-A0',0,11,0,1,0,6,0,0,393,353.7,NULL,NULL,14.00,15.00,14.00,759.00,NULL,48526,'2024-01-06 17:16:13','2024-01-06 17:16:16','in_stock',0,'Botble\\ACL\\Models\\User',NULL,'physical',NULL,NULL,0),(57,'Famart Farmhouse Soft White','<p>Short Hooded Coat features a straight body, large pockets with button flaps, ventilation air holes, and a string detail along the hemline.</p>','<p>Short Hooded Coat features a straight body, large pockets with button flaps, ventilation air holes, and a string detail along the hemline. The style is completed with a drawstring hood, featuring Rains’ signature built-in cap. Made from waterproof, matte PU, this lightweight unisex rain jacket is an ode to nostalgia through its classic silhouette and utilitarian design details.</p>\n                                <p>- Casual unisex fit</p>\n\n                                <p>- 64% polyester, 36% polyurethane</p>\n\n                                <p>- Water column pressure: 4000 mm</p>\n\n                                <p>- Model is 187cm tall and wearing a size S / M</p>\n\n                                <p>- Unisex fit</p>\n\n                                <p>- Drawstring hood with built-in cap</p>\n\n                                <p>- Front placket with snap buttons</p>\n\n                                <p>- Ventilation under armpit</p>\n\n                                <p>- Adjustable cuffs</p>\n\n                                <p>- Double welted front pockets</p>\n\n                                <p>- Adjustable elastic string at hempen</p>\n\n                                <p>- Ultrasonically welded seams</p>\n\n                                <p>This is a unisex item, please check our clothing &amp; footwear sizing guide for specific Rains jacket sizing information. RAINS comes from the rainy nation of Denmark at the edge of the European continent, close to the ocean and with prevailing westerly winds; all factors that contribute to an average of 121 rain days each year. Arising from these rainy weather conditions comes the attitude that a quick rain shower may be beautiful, as well as moody- but first and foremost requires the right outfit. Rains focus on the whole experience of going outside on rainy days, issuing an invitation to explore even in the most mercurial weather.</p>','published','[\"products\\/product-71.jpg\",\"products\\/product-60.jpg\",\"products\\/product-59.jpg\",\"products\\/product-24.jpg\",\"products\\/product-95.jpg\",\"products\\/product-26.jpg\",\"products\\/product-3.jpg\",\"products\\/product-32.jpg\",\"products\\/product-31.jpg\",\"products\\/product-8.jpg\",\"products\\/product-9.jpg\",\"products\\/product-61.jpg\"]','NC-170-A0',0,17,0,1,0,5,0,0,360,NULL,NULL,NULL,15.00,19.00,15.00,693.00,NULL,164609,'2024-01-06 17:16:13','2024-01-06 17:16:16','in_stock',0,'Botble\\ACL\\Models\\User',NULL,'digital',NULL,NULL,0),(58,'Coca-Cola Original Taste','<p>Short Hooded Coat features a straight body, large pockets with button flaps, ventilation air holes, and a string detail along the hemline.</p>','<p>Short Hooded Coat features a straight body, large pockets with button flaps, ventilation air holes, and a string detail along the hemline. The style is completed with a drawstring hood, featuring Rains’ signature built-in cap. Made from waterproof, matte PU, this lightweight unisex rain jacket is an ode to nostalgia through its classic silhouette and utilitarian design details.</p>\n                                <p>- Casual unisex fit</p>\n\n                                <p>- 64% polyester, 36% polyurethane</p>\n\n                                <p>- Water column pressure: 4000 mm</p>\n\n                                <p>- Model is 187cm tall and wearing a size S / M</p>\n\n                                <p>- Unisex fit</p>\n\n                                <p>- Drawstring hood with built-in cap</p>\n\n                                <p>- Front placket with snap buttons</p>\n\n                                <p>- Ventilation under armpit</p>\n\n                                <p>- Adjustable cuffs</p>\n\n                                <p>- Double welted front pockets</p>\n\n                                <p>- Adjustable elastic string at hempen</p>\n\n                                <p>- Ultrasonically welded seams</p>\n\n                                <p>This is a unisex item, please check our clothing &amp; footwear sizing guide for specific Rains jacket sizing information. RAINS comes from the rainy nation of Denmark at the edge of the European continent, close to the ocean and with prevailing westerly winds; all factors that contribute to an average of 121 rain days each year. Arising from these rainy weather conditions comes the attitude that a quick rain shower may be beautiful, as well as moody- but first and foremost requires the right outfit. Rains focus on the whole experience of going outside on rainy days, issuing an invitation to explore even in the most mercurial weather.</p>','published','[\"products\\/product-41.jpg\",\"products\\/product-26.jpg\",\"products\\/product-23.jpg\",\"products\\/product-34.jpg\",\"products\\/product-21.jpg\",\"products\\/product-65.jpg\",\"products\\/product-10.jpg\"]','NC-189-A0',0,16,0,1,1,2,0,0,335,NULL,NULL,NULL,19.00,11.00,14.00,826.00,NULL,78824,'2024-01-06 17:16:13','2024-01-06 17:16:16','in_stock',0,'Botble\\ACL\\Models\\User',NULL,'physical',NULL,NULL,0),(59,'Casillero Diablo Cabernet Sauvignon','<p>Short Hooded Coat features a straight body, large pockets with button flaps, ventilation air holes, and a string detail along the hemline.</p>','<p>Short Hooded Coat features a straight body, large pockets with button flaps, ventilation air holes, and a string detail along the hemline. The style is completed with a drawstring hood, featuring Rains’ signature built-in cap. Made from waterproof, matte PU, this lightweight unisex rain jacket is an ode to nostalgia through its classic silhouette and utilitarian design details.</p>\n                                <p>- Casual unisex fit</p>\n\n                                <p>- 64% polyester, 36% polyurethane</p>\n\n                                <p>- Water column pressure: 4000 mm</p>\n\n                                <p>- Model is 187cm tall and wearing a size S / M</p>\n\n                                <p>- Unisex fit</p>\n\n                                <p>- Drawstring hood with built-in cap</p>\n\n                                <p>- Front placket with snap buttons</p>\n\n                                <p>- Ventilation under armpit</p>\n\n                                <p>- Adjustable cuffs</p>\n\n                                <p>- Double welted front pockets</p>\n\n                                <p>- Adjustable elastic string at hempen</p>\n\n                                <p>- Ultrasonically welded seams</p>\n\n                                <p>This is a unisex item, please check our clothing &amp; footwear sizing guide for specific Rains jacket sizing information. RAINS comes from the rainy nation of Denmark at the edge of the European continent, close to the ocean and with prevailing westerly winds; all factors that contribute to an average of 121 rain days each year. Arising from these rainy weather conditions comes the attitude that a quick rain shower may be beautiful, as well as moody- but first and foremost requires the right outfit. Rains focus on the whole experience of going outside on rainy days, issuing an invitation to explore even in the most mercurial weather.</p>','published','[\"products\\/product-75.jpg\",\"products\\/product-36.jpg\",\"products\\/product-52.jpg\",\"products\\/product-87.jpg\",\"products\\/product-37.jpg\"]','NC-147-A0',0,15,0,1,1,7,0,0,383,NULL,NULL,NULL,13.00,14.00,18.00,545.00,NULL,186367,'2024-01-06 17:16:13','2024-01-06 17:16:16','in_stock',0,'Botble\\ACL\\Models\\User',NULL,'physical',NULL,NULL,0),(60,'Arla Organic Free Range Milk','<p>Short Hooded Coat features a straight body, large pockets with button flaps, ventilation air holes, and a string detail along the hemline.</p>','<p>Short Hooded Coat features a straight body, large pockets with button flaps, ventilation air holes, and a string detail along the hemline. The style is completed with a drawstring hood, featuring Rains’ signature built-in cap. Made from waterproof, matte PU, this lightweight unisex rain jacket is an ode to nostalgia through its classic silhouette and utilitarian design details.</p>\n                                <p>- Casual unisex fit</p>\n\n                                <p>- 64% polyester, 36% polyurethane</p>\n\n                                <p>- Water column pressure: 4000 mm</p>\n\n                                <p>- Model is 187cm tall and wearing a size S / M</p>\n\n                                <p>- Unisex fit</p>\n\n                                <p>- Drawstring hood with built-in cap</p>\n\n                                <p>- Front placket with snap buttons</p>\n\n                                <p>- Ventilation under armpit</p>\n\n                                <p>- Adjustable cuffs</p>\n\n                                <p>- Double welted front pockets</p>\n\n                                <p>- Adjustable elastic string at hempen</p>\n\n                                <p>- Ultrasonically welded seams</p>\n\n                                <p>This is a unisex item, please check our clothing &amp; footwear sizing guide for specific Rains jacket sizing information. RAINS comes from the rainy nation of Denmark at the edge of the European continent, close to the ocean and with prevailing westerly winds; all factors that contribute to an average of 121 rain days each year. Arising from these rainy weather conditions comes the attitude that a quick rain shower may be beautiful, as well as moody- but first and foremost requires the right outfit. Rains focus on the whole experience of going outside on rainy days, issuing an invitation to explore even in the most mercurial weather.</p>','published','[\"products\\/product-85.jpg\",\"products\\/product-18.jpg\",\"products\\/product-34.jpg\",\"products\\/product-6.jpg\",\"products\\/product-62.jpg\",\"products\\/product-94.jpg\",\"products\\/product-52.jpg\",\"products\\/product-21.jpg\"]','NC-146-A0',0,16,0,1,0,4,0,0,244,207.4,NULL,NULL,20.00,17.00,13.00,794.00,NULL,130808,'2024-01-06 17:16:13','2024-01-06 17:16:16','in_stock',0,'Botble\\ACL\\Models\\User',NULL,'physical',NULL,NULL,0),(61,'Aptamil Follow On Baby Milk','<p>Short Hooded Coat features a straight body, large pockets with button flaps, ventilation air holes, and a string detail along the hemline.</p>','<p>Short Hooded Coat features a straight body, large pockets with button flaps, ventilation air holes, and a string detail along the hemline. The style is completed with a drawstring hood, featuring Rains’ signature built-in cap. Made from waterproof, matte PU, this lightweight unisex rain jacket is an ode to nostalgia through its classic silhouette and utilitarian design details.</p>\n                                <p>- Casual unisex fit</p>\n\n                                <p>- 64% polyester, 36% polyurethane</p>\n\n                                <p>- Water column pressure: 4000 mm</p>\n\n                                <p>- Model is 187cm tall and wearing a size S / M</p>\n\n                                <p>- Unisex fit</p>\n\n                                <p>- Drawstring hood with built-in cap</p>\n\n                                <p>- Front placket with snap buttons</p>\n\n                                <p>- Ventilation under armpit</p>\n\n                                <p>- Adjustable cuffs</p>\n\n                                <p>- Double welted front pockets</p>\n\n                                <p>- Adjustable elastic string at hempen</p>\n\n                                <p>- Ultrasonically welded seams</p>\n\n                                <p>This is a unisex item, please check our clothing &amp; footwear sizing guide for specific Rains jacket sizing information. RAINS comes from the rainy nation of Denmark at the edge of the European continent, close to the ocean and with prevailing westerly winds; all factors that contribute to an average of 121 rain days each year. Arising from these rainy weather conditions comes the attitude that a quick rain shower may be beautiful, as well as moody- but first and foremost requires the right outfit. Rains focus on the whole experience of going outside on rainy days, issuing an invitation to explore even in the most mercurial weather.</p>','published','[\"products\\/product-29.jpg\",\"products\\/product-19.jpg\",\"products\\/product-39.jpg\",\"products\\/product-57.jpg\",\"products\\/product-34.jpg\",\"products\\/product-86.jpg\",\"products\\/product-27.jpg\",\"products\\/product-14.jpg\"]','NC-136-A0',0,18,0,1,0,5,0,0,476,NULL,NULL,NULL,17.00,13.00,16.00,740.00,NULL,145131,'2024-01-06 17:16:13','2024-01-06 17:16:16','in_stock',0,'Botble\\ACL\\Models\\User',NULL,'digital',NULL,NULL,0),(62,'Cuisinart Chef’S Classic Hard-Anodized','<p>Short Hooded Coat features a straight body, large pockets with button flaps, ventilation air holes, and a string detail along the hemline.</p>','<p>Short Hooded Coat features a straight body, large pockets with button flaps, ventilation air holes, and a string detail along the hemline. The style is completed with a drawstring hood, featuring Rains’ signature built-in cap. Made from waterproof, matte PU, this lightweight unisex rain jacket is an ode to nostalgia through its classic silhouette and utilitarian design details.</p>\n                                <p>- Casual unisex fit</p>\n\n                                <p>- 64% polyester, 36% polyurethane</p>\n\n                                <p>- Water column pressure: 4000 mm</p>\n\n                                <p>- Model is 187cm tall and wearing a size S / M</p>\n\n                                <p>- Unisex fit</p>\n\n                                <p>- Drawstring hood with built-in cap</p>\n\n                                <p>- Front placket with snap buttons</p>\n\n                                <p>- Ventilation under armpit</p>\n\n                                <p>- Adjustable cuffs</p>\n\n                                <p>- Double welted front pockets</p>\n\n                                <p>- Adjustable elastic string at hempen</p>\n\n                                <p>- Ultrasonically welded seams</p>\n\n                                <p>This is a unisex item, please check our clothing &amp; footwear sizing guide for specific Rains jacket sizing information. RAINS comes from the rainy nation of Denmark at the edge of the European continent, close to the ocean and with prevailing westerly winds; all factors that contribute to an average of 121 rain days each year. Arising from these rainy weather conditions comes the attitude that a quick rain shower may be beautiful, as well as moody- but first and foremost requires the right outfit. Rains focus on the whole experience of going outside on rainy days, issuing an invitation to explore even in the most mercurial weather.</p>','published','[\"products\\/product-63.jpg\",\"products\\/product-68.jpg\",\"products\\/product-75.jpg\",\"products\\/product-18.jpg\",\"products\\/product-24.jpg\",\"products\\/product-67.jpg\",\"products\\/product-32.jpg\",\"products\\/product-83.jpg\",\"products\\/product-42.jpg\",\"products\\/product-30.jpg\",\"products\\/product-5.jpg\",\"products\\/product-90.jpg\"]','NC-122-A0',0,20,0,1,1,2,0,0,313,NULL,NULL,NULL,17.00,14.00,19.00,873.00,NULL,106417,'2024-01-06 17:16:13','2024-01-06 17:16:16','in_stock',0,'Botble\\ACL\\Models\\User',NULL,'physical',NULL,NULL,0),(63,'Corn, Yellow Sweet','<p>Short Hooded Coat features a straight body, large pockets with button flaps, ventilation air holes, and a string detail along the hemline.</p>','<p>Short Hooded Coat features a straight body, large pockets with button flaps, ventilation air holes, and a string detail along the hemline. The style is completed with a drawstring hood, featuring Rains’ signature built-in cap. Made from waterproof, matte PU, this lightweight unisex rain jacket is an ode to nostalgia through its classic silhouette and utilitarian design details.</p>\n                                <p>- Casual unisex fit</p>\n\n                                <p>- 64% polyester, 36% polyurethane</p>\n\n                                <p>- Water column pressure: 4000 mm</p>\n\n                                <p>- Model is 187cm tall and wearing a size S / M</p>\n\n                                <p>- Unisex fit</p>\n\n                                <p>- Drawstring hood with built-in cap</p>\n\n                                <p>- Front placket with snap buttons</p>\n\n                                <p>- Ventilation under armpit</p>\n\n                                <p>- Adjustable cuffs</p>\n\n                                <p>- Double welted front pockets</p>\n\n                                <p>- Adjustable elastic string at hempen</p>\n\n                                <p>- Ultrasonically welded seams</p>\n\n                                <p>This is a unisex item, please check our clothing &amp; footwear sizing guide for specific Rains jacket sizing information. RAINS comes from the rainy nation of Denmark at the edge of the European continent, close to the ocean and with prevailing westerly winds; all factors that contribute to an average of 121 rain days each year. Arising from these rainy weather conditions comes the attitude that a quick rain shower may be beautiful, as well as moody- but first and foremost requires the right outfit. Rains focus on the whole experience of going outside on rainy days, issuing an invitation to explore even in the most mercurial weather.</p>','published','[\"products\\/product-34.jpg\",\"products\\/product-29.jpg\",\"products\\/product-79.jpg\",\"products\\/product-30.jpg\",\"products\\/product-16.jpg\",\"products\\/product-28.jpg\",\"products\\/product-66.jpg\",\"products\\/product-78.jpg\"]','NC-149-A0',0,13,0,1,1,4,0,0,460,NULL,NULL,NULL,17.00,11.00,12.00,566.00,NULL,93590,'2024-01-06 17:16:13','2024-01-06 17:16:16','in_stock',0,'Botble\\ACL\\Models\\User',NULL,'physical',NULL,NULL,0),(64,'Hobnobs The Nobbly Biscuit','<p>Short Hooded Coat features a straight body, large pockets with button flaps, ventilation air holes, and a string detail along the hemline.</p>','<p>Short Hooded Coat features a straight body, large pockets with button flaps, ventilation air holes, and a string detail along the hemline. The style is completed with a drawstring hood, featuring Rains’ signature built-in cap. Made from waterproof, matte PU, this lightweight unisex rain jacket is an ode to nostalgia through its classic silhouette and utilitarian design details.</p>\n                                <p>- Casual unisex fit</p>\n\n                                <p>- 64% polyester, 36% polyurethane</p>\n\n                                <p>- Water column pressure: 4000 mm</p>\n\n                                <p>- Model is 187cm tall and wearing a size S / M</p>\n\n                                <p>- Unisex fit</p>\n\n                                <p>- Drawstring hood with built-in cap</p>\n\n                                <p>- Front placket with snap buttons</p>\n\n                                <p>- Ventilation under armpit</p>\n\n                                <p>- Adjustable cuffs</p>\n\n                                <p>- Double welted front pockets</p>\n\n                                <p>- Adjustable elastic string at hempen</p>\n\n                                <p>- Ultrasonically welded seams</p>\n\n                                <p>This is a unisex item, please check our clothing &amp; footwear sizing guide for specific Rains jacket sizing information. RAINS comes from the rainy nation of Denmark at the edge of the European continent, close to the ocean and with prevailing westerly winds; all factors that contribute to an average of 121 rain days each year. Arising from these rainy weather conditions comes the attitude that a quick rain shower may be beautiful, as well as moody- but first and foremost requires the right outfit. Rains focus on the whole experience of going outside on rainy days, issuing an invitation to explore even in the most mercurial weather.</p>','published','[\"products\\/product-24.jpg\",\"products\\/product-64.jpg\",\"products\\/product-77.jpg\",\"products\\/product-14.jpg\",\"products\\/product-91.jpg\",\"products\\/product-67.jpg\",\"products\\/product-18.jpg\",\"products\\/product-47.jpg\",\"products\\/product-8.jpg\",\"products\\/product-62.jpg\"]','NC-134-A0',0,18,0,1,1,6,0,0,320,288,NULL,NULL,13.00,17.00,15.00,625.00,NULL,35133,'2024-01-06 17:16:13','2024-01-06 17:16:16','in_stock',0,'Botble\\ACL\\Models\\User',NULL,'physical',NULL,NULL,0),(65,'Honest Organic Still Lemonade','<p>Short Hooded Coat features a straight body, large pockets with button flaps, ventilation air holes, and a string detail along the hemline.</p>','<p>Short Hooded Coat features a straight body, large pockets with button flaps, ventilation air holes, and a string detail along the hemline. The style is completed with a drawstring hood, featuring Rains’ signature built-in cap. Made from waterproof, matte PU, this lightweight unisex rain jacket is an ode to nostalgia through its classic silhouette and utilitarian design details.</p>\n                                <p>- Casual unisex fit</p>\n\n                                <p>- 64% polyester, 36% polyurethane</p>\n\n                                <p>- Water column pressure: 4000 mm</p>\n\n                                <p>- Model is 187cm tall and wearing a size S / M</p>\n\n                                <p>- Unisex fit</p>\n\n                                <p>- Drawstring hood with built-in cap</p>\n\n                                <p>- Front placket with snap buttons</p>\n\n                                <p>- Ventilation under armpit</p>\n\n                                <p>- Adjustable cuffs</p>\n\n                                <p>- Double welted front pockets</p>\n\n                                <p>- Adjustable elastic string at hempen</p>\n\n                                <p>- Ultrasonically welded seams</p>\n\n                                <p>This is a unisex item, please check our clothing &amp; footwear sizing guide for specific Rains jacket sizing information. RAINS comes from the rainy nation of Denmark at the edge of the European continent, close to the ocean and with prevailing westerly winds; all factors that contribute to an average of 121 rain days each year. Arising from these rainy weather conditions comes the attitude that a quick rain shower may be beautiful, as well as moody- but first and foremost requires the right outfit. Rains focus on the whole experience of going outside on rainy days, issuing an invitation to explore even in the most mercurial weather.</p>','published','[\"products\\/product-54.jpg\",\"products\\/product-82.jpg\",\"products\\/product-26.jpg\",\"products\\/product-40.jpg\",\"products\\/product-53.jpg\",\"products\\/product-10.jpg\",\"products\\/product-65.jpg\",\"products\\/product-29.jpg\",\"products\\/product-78.jpg\",\"products\\/product-74.jpg\",\"products\\/product-84.jpg\"]','NC-183-A0',0,13,0,1,1,1,0,0,323,NULL,NULL,NULL,15.00,12.00,12.00,728.00,NULL,42707,'2024-01-06 17:16:13','2024-01-06 17:16:16','in_stock',0,'Botble\\ACL\\Models\\User',NULL,'digital',NULL,NULL,0),(66,'Ice Beck’s Beer 350ml x 24 Pieces','<p>Short Hooded Coat features a straight body, large pockets with button flaps, ventilation air holes, and a string detail along the hemline.</p>','<p>Short Hooded Coat features a straight body, large pockets with button flaps, ventilation air holes, and a string detail along the hemline. The style is completed with a drawstring hood, featuring Rains’ signature built-in cap. Made from waterproof, matte PU, this lightweight unisex rain jacket is an ode to nostalgia through its classic silhouette and utilitarian design details.</p>\n                                <p>- Casual unisex fit</p>\n\n                                <p>- 64% polyester, 36% polyurethane</p>\n\n                                <p>- Water column pressure: 4000 mm</p>\n\n                                <p>- Model is 187cm tall and wearing a size S / M</p>\n\n                                <p>- Unisex fit</p>\n\n                                <p>- Drawstring hood with built-in cap</p>\n\n                                <p>- Front placket with snap buttons</p>\n\n                                <p>- Ventilation under armpit</p>\n\n                                <p>- Adjustable cuffs</p>\n\n                                <p>- Double welted front pockets</p>\n\n                                <p>- Adjustable elastic string at hempen</p>\n\n                                <p>- Ultrasonically welded seams</p>\n\n                                <p>This is a unisex item, please check our clothing &amp; footwear sizing guide for specific Rains jacket sizing information. RAINS comes from the rainy nation of Denmark at the edge of the European continent, close to the ocean and with prevailing westerly winds; all factors that contribute to an average of 121 rain days each year. Arising from these rainy weather conditions comes the attitude that a quick rain shower may be beautiful, as well as moody- but first and foremost requires the right outfit. Rains focus on the whole experience of going outside on rainy days, issuing an invitation to explore even in the most mercurial weather.</p>','published','[\"products\\/product-52.jpg\",\"products\\/product-43.jpg\",\"products\\/product-30.jpg\",\"products\\/product-18.jpg\",\"products\\/product-9.jpg\",\"products\\/product-32.jpg\",\"products\\/product-77.jpg\",\"products\\/product-72.jpg\",\"products\\/product-10.jpg\",\"products\\/product-1.jpg\",\"products\\/product-53.jpg\",\"products\\/product-5.jpg\"]','NC-117-A0',0,19,0,1,0,5,0,0,201,NULL,NULL,NULL,11.00,15.00,15.00,776.00,NULL,123783,'2024-01-06 17:16:13','2024-01-06 17:16:16','in_stock',0,'Botble\\ACL\\Models\\User',NULL,'physical',NULL,NULL,0),(67,'Iceland 6 Hot Cross Buns','<p>Short Hooded Coat features a straight body, large pockets with button flaps, ventilation air holes, and a string detail along the hemline.</p>','<p>Short Hooded Coat features a straight body, large pockets with button flaps, ventilation air holes, and a string detail along the hemline. The style is completed with a drawstring hood, featuring Rains’ signature built-in cap. Made from waterproof, matte PU, this lightweight unisex rain jacket is an ode to nostalgia through its classic silhouette and utilitarian design details.</p>\n                                <p>- Casual unisex fit</p>\n\n                                <p>- 64% polyester, 36% polyurethane</p>\n\n                                <p>- Water column pressure: 4000 mm</p>\n\n                                <p>- Model is 187cm tall and wearing a size S / M</p>\n\n                                <p>- Unisex fit</p>\n\n                                <p>- Drawstring hood with built-in cap</p>\n\n                                <p>- Front placket with snap buttons</p>\n\n                                <p>- Ventilation under armpit</p>\n\n                                <p>- Adjustable cuffs</p>\n\n                                <p>- Double welted front pockets</p>\n\n                                <p>- Adjustable elastic string at hempen</p>\n\n                                <p>- Ultrasonically welded seams</p>\n\n                                <p>This is a unisex item, please check our clothing &amp; footwear sizing guide for specific Rains jacket sizing information. RAINS comes from the rainy nation of Denmark at the edge of the European continent, close to the ocean and with prevailing westerly winds; all factors that contribute to an average of 121 rain days each year. Arising from these rainy weather conditions comes the attitude that a quick rain shower may be beautiful, as well as moody- but first and foremost requires the right outfit. Rains focus on the whole experience of going outside on rainy days, issuing an invitation to explore even in the most mercurial weather.</p>','published','[\"products\\/product-46.jpg\",\"products\\/product-64.jpg\",\"products\\/product-72.jpg\",\"products\\/product-6.jpg\",\"products\\/product-38.jpg\",\"products\\/product-5.jpg\",\"products\\/product-41.jpg\",\"products\\/product-56.jpg\"]','NC-139-A0',0,11,0,1,0,2,0,0,319,NULL,NULL,NULL,12.00,14.00,12.00,897.00,NULL,17606,'2024-01-06 17:16:13','2024-01-06 17:16:16','in_stock',0,'Botble\\ACL\\Models\\User',NULL,'physical',NULL,NULL,0),(68,'Iceland Luxury 4 Panini Rolls','<p>Short Hooded Coat features a straight body, large pockets with button flaps, ventilation air holes, and a string detail along the hemline.</p>','<p>Short Hooded Coat features a straight body, large pockets with button flaps, ventilation air holes, and a string detail along the hemline. The style is completed with a drawstring hood, featuring Rains’ signature built-in cap. Made from waterproof, matte PU, this lightweight unisex rain jacket is an ode to nostalgia through its classic silhouette and utilitarian design details.</p>\n                                <p>- Casual unisex fit</p>\n\n                                <p>- 64% polyester, 36% polyurethane</p>\n\n                                <p>- Water column pressure: 4000 mm</p>\n\n                                <p>- Model is 187cm tall and wearing a size S / M</p>\n\n                                <p>- Unisex fit</p>\n\n                                <p>- Drawstring hood with built-in cap</p>\n\n                                <p>- Front placket with snap buttons</p>\n\n                                <p>- Ventilation under armpit</p>\n\n                                <p>- Adjustable cuffs</p>\n\n                                <p>- Double welted front pockets</p>\n\n                                <p>- Adjustable elastic string at hempen</p>\n\n                                <p>- Ultrasonically welded seams</p>\n\n                                <p>This is a unisex item, please check our clothing &amp; footwear sizing guide for specific Rains jacket sizing information. RAINS comes from the rainy nation of Denmark at the edge of the European continent, close to the ocean and with prevailing westerly winds; all factors that contribute to an average of 121 rain days each year. Arising from these rainy weather conditions comes the attitude that a quick rain shower may be beautiful, as well as moody- but first and foremost requires the right outfit. Rains focus on the whole experience of going outside on rainy days, issuing an invitation to explore even in the most mercurial weather.</p>','published','[\"products\\/product-68.jpg\",\"products\\/product-63.jpg\",\"products\\/product-12.jpg\",\"products\\/product-1.jpg\",\"products\\/product-75.jpg\",\"products\\/product-15.jpg\",\"products\\/product-35.jpg\",\"products\\/product-64.jpg\"]','NC-137-A0',0,14,0,1,1,3,0,0,443,385.41,NULL,NULL,10.00,20.00,19.00,529.00,NULL,13771,'2024-01-06 17:16:13','2024-01-06 17:16:16','in_stock',0,'Botble\\ACL\\Models\\User',NULL,'physical',NULL,NULL,0),(69,'Iceland Soft Scoop Vanilla','<p>Short Hooded Coat features a straight body, large pockets with button flaps, ventilation air holes, and a string detail along the hemline.</p>','<p>Short Hooded Coat features a straight body, large pockets with button flaps, ventilation air holes, and a string detail along the hemline. The style is completed with a drawstring hood, featuring Rains’ signature built-in cap. Made from waterproof, matte PU, this lightweight unisex rain jacket is an ode to nostalgia through its classic silhouette and utilitarian design details.</p>\n                                <p>- Casual unisex fit</p>\n\n                                <p>- 64% polyester, 36% polyurethane</p>\n\n                                <p>- Water column pressure: 4000 mm</p>\n\n                                <p>- Model is 187cm tall and wearing a size S / M</p>\n\n                                <p>- Unisex fit</p>\n\n                                <p>- Drawstring hood with built-in cap</p>\n\n                                <p>- Front placket with snap buttons</p>\n\n                                <p>- Ventilation under armpit</p>\n\n                                <p>- Adjustable cuffs</p>\n\n                                <p>- Double welted front pockets</p>\n\n                                <p>- Adjustable elastic string at hempen</p>\n\n                                <p>- Ultrasonically welded seams</p>\n\n                                <p>This is a unisex item, please check our clothing &amp; footwear sizing guide for specific Rains jacket sizing information. RAINS comes from the rainy nation of Denmark at the edge of the European continent, close to the ocean and with prevailing westerly winds; all factors that contribute to an average of 121 rain days each year. Arising from these rainy weather conditions comes the attitude that a quick rain shower may be beautiful, as well as moody- but first and foremost requires the right outfit. Rains focus on the whole experience of going outside on rainy days, issuing an invitation to explore even in the most mercurial weather.</p>','published','[\"products\\/product-73.jpg\",\"products\\/product-71.jpg\",\"products\\/product-2.jpg\",\"products\\/product-64.jpg\",\"products\\/product-45.jpg\"]','NC-133-A0',0,17,0,1,1,5,0,0,362,NULL,NULL,NULL,19.00,12.00,17.00,612.00,NULL,26619,'2024-01-06 17:16:13','2024-01-06 17:16:16','in_stock',0,'Botble\\ACL\\Models\\User',NULL,'digital',NULL,NULL,0),(70,'Iceland Spaghetti Bolognese','<p>Short Hooded Coat features a straight body, large pockets with button flaps, ventilation air holes, and a string detail along the hemline.</p>','<p>Short Hooded Coat features a straight body, large pockets with button flaps, ventilation air holes, and a string detail along the hemline. The style is completed with a drawstring hood, featuring Rains’ signature built-in cap. Made from waterproof, matte PU, this lightweight unisex rain jacket is an ode to nostalgia through its classic silhouette and utilitarian design details.</p>\n                                <p>- Casual unisex fit</p>\n\n                                <p>- 64% polyester, 36% polyurethane</p>\n\n                                <p>- Water column pressure: 4000 mm</p>\n\n                                <p>- Model is 187cm tall and wearing a size S / M</p>\n\n                                <p>- Unisex fit</p>\n\n                                <p>- Drawstring hood with built-in cap</p>\n\n                                <p>- Front placket with snap buttons</p>\n\n                                <p>- Ventilation under armpit</p>\n\n                                <p>- Adjustable cuffs</p>\n\n                                <p>- Double welted front pockets</p>\n\n                                <p>- Adjustable elastic string at hempen</p>\n\n                                <p>- Ultrasonically welded seams</p>\n\n                                <p>This is a unisex item, please check our clothing &amp; footwear sizing guide for specific Rains jacket sizing information. RAINS comes from the rainy nation of Denmark at the edge of the European continent, close to the ocean and with prevailing westerly winds; all factors that contribute to an average of 121 rain days each year. Arising from these rainy weather conditions comes the attitude that a quick rain shower may be beautiful, as well as moody- but first and foremost requires the right outfit. Rains focus on the whole experience of going outside on rainy days, issuing an invitation to explore even in the most mercurial weather.</p>','published','[\"products\\/product-33.jpg\",\"products\\/product-23.jpg\",\"products\\/product-5.jpg\",\"products\\/product-43.jpg\",\"products\\/product-69.jpg\",\"products\\/product-34.jpg\",\"products\\/product-72.jpg\",\"products\\/product-70.jpg\",\"products\\/product-8.jpg\"]','NC-166-A0',0,16,0,1,1,4,0,0,272,NULL,NULL,NULL,18.00,18.00,13.00,862.00,NULL,12612,'2024-01-06 17:16:13','2024-01-06 17:16:16','in_stock',0,'Botble\\ACL\\Models\\User',NULL,'physical',NULL,NULL,0),(71,'Kellogg’s Coco Pops Cereal','<p>Short Hooded Coat features a straight body, large pockets with button flaps, ventilation air holes, and a string detail along the hemline.</p>','<p>Short Hooded Coat features a straight body, large pockets with button flaps, ventilation air holes, and a string detail along the hemline. The style is completed with a drawstring hood, featuring Rains’ signature built-in cap. Made from waterproof, matte PU, this lightweight unisex rain jacket is an ode to nostalgia through its classic silhouette and utilitarian design details.</p>\n                                <p>- Casual unisex fit</p>\n\n                                <p>- 64% polyester, 36% polyurethane</p>\n\n                                <p>- Water column pressure: 4000 mm</p>\n\n                                <p>- Model is 187cm tall and wearing a size S / M</p>\n\n                                <p>- Unisex fit</p>\n\n                                <p>- Drawstring hood with built-in cap</p>\n\n                                <p>- Front placket with snap buttons</p>\n\n                                <p>- Ventilation under armpit</p>\n\n                                <p>- Adjustable cuffs</p>\n\n                                <p>- Double welted front pockets</p>\n\n                                <p>- Adjustable elastic string at hempen</p>\n\n                                <p>- Ultrasonically welded seams</p>\n\n                                <p>This is a unisex item, please check our clothing &amp; footwear sizing guide for specific Rains jacket sizing information. RAINS comes from the rainy nation of Denmark at the edge of the European continent, close to the ocean and with prevailing westerly winds; all factors that contribute to an average of 121 rain days each year. Arising from these rainy weather conditions comes the attitude that a quick rain shower may be beautiful, as well as moody- but first and foremost requires the right outfit. Rains focus on the whole experience of going outside on rainy days, issuing an invitation to explore even in the most mercurial weather.</p>','published','[\"products\\/product-55.jpg\",\"products\\/product-34.jpg\",\"products\\/product-13.jpg\",\"products\\/product-6.jpg\",\"products\\/product-66.jpg\",\"products\\/product-61.jpg\",\"products\\/product-94.jpg\",\"products\\/product-37.jpg\"]','NC-200-A0',0,10,0,1,1,3,0,0,253,NULL,NULL,NULL,10.00,17.00,11.00,597.00,NULL,56051,'2024-01-06 17:16:13','2024-01-06 17:16:16','in_stock',0,'Botble\\ACL\\Models\\User',NULL,'physical',NULL,NULL,0),(72,'Kit Kat Chunky Milk Chocolate','<p>Short Hooded Coat features a straight body, large pockets with button flaps, ventilation air holes, and a string detail along the hemline.</p>','<p>Short Hooded Coat features a straight body, large pockets with button flaps, ventilation air holes, and a string detail along the hemline. The style is completed with a drawstring hood, featuring Rains’ signature built-in cap. Made from waterproof, matte PU, this lightweight unisex rain jacket is an ode to nostalgia through its classic silhouette and utilitarian design details.</p>\n                                <p>- Casual unisex fit</p>\n\n                                <p>- 64% polyester, 36% polyurethane</p>\n\n                                <p>- Water column pressure: 4000 mm</p>\n\n                                <p>- Model is 187cm tall and wearing a size S / M</p>\n\n                                <p>- Unisex fit</p>\n\n                                <p>- Drawstring hood with built-in cap</p>\n\n                                <p>- Front placket with snap buttons</p>\n\n                                <p>- Ventilation under armpit</p>\n\n                                <p>- Adjustable cuffs</p>\n\n                                <p>- Double welted front pockets</p>\n\n                                <p>- Adjustable elastic string at hempen</p>\n\n                                <p>- Ultrasonically welded seams</p>\n\n                                <p>This is a unisex item, please check our clothing &amp; footwear sizing guide for specific Rains jacket sizing information. RAINS comes from the rainy nation of Denmark at the edge of the European continent, close to the ocean and with prevailing westerly winds; all factors that contribute to an average of 121 rain days each year. Arising from these rainy weather conditions comes the attitude that a quick rain shower may be beautiful, as well as moody- but first and foremost requires the right outfit. Rains focus on the whole experience of going outside on rainy days, issuing an invitation to explore even in the most mercurial weather.</p>','published','[\"products\\/product-91.jpg\",\"products\\/product-34.jpg\",\"products\\/product-80.jpg\",\"products\\/product-4.jpg\",\"products\\/product-63.jpg\",\"products\\/product-46.jpg\",\"products\\/product-42.jpg\",\"products\\/product-66.jpg\",\"products\\/product-69.jpg\"]','NC-119-A0',0,16,0,1,1,6,0,0,265,219.95,NULL,NULL,20.00,20.00,15.00,537.00,NULL,115905,'2024-01-06 17:16:13','2024-01-06 17:16:17','in_stock',0,'Botble\\ACL\\Models\\User',NULL,'physical',NULL,NULL,0),(73,'Large Green Bell Pepper','<p>Short Hooded Coat features a straight body, large pockets with button flaps, ventilation air holes, and a string detail along the hemline.</p>','<p>Short Hooded Coat features a straight body, large pockets with button flaps, ventilation air holes, and a string detail along the hemline. The style is completed with a drawstring hood, featuring Rains’ signature built-in cap. Made from waterproof, matte PU, this lightweight unisex rain jacket is an ode to nostalgia through its classic silhouette and utilitarian design details.</p>\n                                <p>- Casual unisex fit</p>\n\n                                <p>- 64% polyester, 36% polyurethane</p>\n\n                                <p>- Water column pressure: 4000 mm</p>\n\n                                <p>- Model is 187cm tall and wearing a size S / M</p>\n\n                                <p>- Unisex fit</p>\n\n                                <p>- Drawstring hood with built-in cap</p>\n\n                                <p>- Front placket with snap buttons</p>\n\n                                <p>- Ventilation under armpit</p>\n\n                                <p>- Adjustable cuffs</p>\n\n                                <p>- Double welted front pockets</p>\n\n                                <p>- Adjustable elastic string at hempen</p>\n\n                                <p>- Ultrasonically welded seams</p>\n\n                                <p>This is a unisex item, please check our clothing &amp; footwear sizing guide for specific Rains jacket sizing information. RAINS comes from the rainy nation of Denmark at the edge of the European continent, close to the ocean and with prevailing westerly winds; all factors that contribute to an average of 121 rain days each year. Arising from these rainy weather conditions comes the attitude that a quick rain shower may be beautiful, as well as moody- but first and foremost requires the right outfit. Rains focus on the whole experience of going outside on rainy days, issuing an invitation to explore even in the most mercurial weather.</p>','published','[\"products\\/product-43.jpg\",\"products\\/product-56.jpg\",\"products\\/product-95.jpg\",\"products\\/product-22.jpg\",\"products\\/product-80.jpg\"]','NC-100-A0',0,15,0,1,0,3,0,0,284,NULL,NULL,NULL,13.00,13.00,13.00,671.00,NULL,176625,'2024-01-06 17:16:13','2024-01-06 17:16:17','in_stock',0,'Botble\\ACL\\Models\\User',NULL,'digital',NULL,NULL,0),(74,'Pice 94w Beasley Journal','<p>Short Hooded Coat features a straight body, large pockets with button flaps, ventilation air holes, and a string detail along the hemline.</p>','<p>Short Hooded Coat features a straight body, large pockets with button flaps, ventilation air holes, and a string detail along the hemline. The style is completed with a drawstring hood, featuring Rains’ signature built-in cap. Made from waterproof, matte PU, this lightweight unisex rain jacket is an ode to nostalgia through its classic silhouette and utilitarian design details.</p>\n                                <p>- Casual unisex fit</p>\n\n                                <p>- 64% polyester, 36% polyurethane</p>\n\n                                <p>- Water column pressure: 4000 mm</p>\n\n                                <p>- Model is 187cm tall and wearing a size S / M</p>\n\n                                <p>- Unisex fit</p>\n\n                                <p>- Drawstring hood with built-in cap</p>\n\n                                <p>- Front placket with snap buttons</p>\n\n                                <p>- Ventilation under armpit</p>\n\n                                <p>- Adjustable cuffs</p>\n\n                                <p>- Double welted front pockets</p>\n\n                                <p>- Adjustable elastic string at hempen</p>\n\n                                <p>- Ultrasonically welded seams</p>\n\n                                <p>This is a unisex item, please check our clothing &amp; footwear sizing guide for specific Rains jacket sizing information. RAINS comes from the rainy nation of Denmark at the edge of the European continent, close to the ocean and with prevailing westerly winds; all factors that contribute to an average of 121 rain days each year. Arising from these rainy weather conditions comes the attitude that a quick rain shower may be beautiful, as well as moody- but first and foremost requires the right outfit. Rains focus on the whole experience of going outside on rainy days, issuing an invitation to explore even in the most mercurial weather.</p>','published','[\"products\\/product-70.jpg\",\"products\\/product-49.jpg\",\"products\\/product-36.jpg\",\"products\\/product-77.jpg\",\"products\\/product-33.jpg\",\"products\\/product-13.jpg\"]','NC-125-A0',0,18,0,1,1,5,0,0,277,NULL,NULL,NULL,13.00,18.00,18.00,554.00,NULL,20658,'2024-01-06 17:16:13','2024-01-06 17:16:17','in_stock',0,'Botble\\ACL\\Models\\User',NULL,'physical',NULL,NULL,0),(75,'Province Piece Glass Drinking Glass','<p>Short Hooded Coat features a straight body, large pockets with button flaps, ventilation air holes, and a string detail along the hemline.</p>','<p>Short Hooded Coat features a straight body, large pockets with button flaps, ventilation air holes, and a string detail along the hemline. The style is completed with a drawstring hood, featuring Rains’ signature built-in cap. Made from waterproof, matte PU, this lightweight unisex rain jacket is an ode to nostalgia through its classic silhouette and utilitarian design details.</p>\n                                <p>- Casual unisex fit</p>\n\n                                <p>- 64% polyester, 36% polyurethane</p>\n\n                                <p>- Water column pressure: 4000 mm</p>\n\n                                <p>- Model is 187cm tall and wearing a size S / M</p>\n\n                                <p>- Unisex fit</p>\n\n                                <p>- Drawstring hood with built-in cap</p>\n\n                                <p>- Front placket with snap buttons</p>\n\n                                <p>- Ventilation under armpit</p>\n\n                                <p>- Adjustable cuffs</p>\n\n                                <p>- Double welted front pockets</p>\n\n                                <p>- Adjustable elastic string at hempen</p>\n\n                                <p>- Ultrasonically welded seams</p>\n\n                                <p>This is a unisex item, please check our clothing &amp; footwear sizing guide for specific Rains jacket sizing information. RAINS comes from the rainy nation of Denmark at the edge of the European continent, close to the ocean and with prevailing westerly winds; all factors that contribute to an average of 121 rain days each year. Arising from these rainy weather conditions comes the attitude that a quick rain shower may be beautiful, as well as moody- but first and foremost requires the right outfit. Rains focus on the whole experience of going outside on rainy days, issuing an invitation to explore even in the most mercurial weather.</p>','published','[\"products\\/product-80.jpg\",\"products\\/product-51.jpg\",\"products\\/product-72.jpg\",\"products\\/product-79.jpg\",\"products\\/product-65.jpg\"]','NC-197-A0',0,11,0,1,0,5,0,0,254,NULL,NULL,NULL,18.00,14.00,16.00,662.00,NULL,165983,'2024-01-06 17:16:13','2024-01-06 17:16:17','in_stock',0,'Botble\\ACL\\Models\\User',NULL,'physical',NULL,NULL,0),(76,'Miko Wooden Bluetooth Speaker',NULL,NULL,'published','[\"products\\/product-19.jpg\"]','NC-192-A0',0,19,0,1,0,5,1,0,410,NULL,NULL,NULL,19.00,15.00,19.00,713.00,NULL,0,'2024-01-06 17:16:13','2024-01-06 17:16:13','in_stock',0,'Botble\\ACL\\Models\\User',NULL,'digital',NULL,NULL,0),(77,'Miko Wooden Bluetooth Speaker',NULL,NULL,'published','[\"products\\/product-78.jpg\"]','NC-192-A0-A1',0,19,0,1,0,5,1,0,410,NULL,NULL,NULL,19.00,15.00,19.00,713.00,NULL,0,'2024-01-06 17:16:13','2024-01-06 17:16:13','in_stock',0,'Botble\\ACL\\Models\\User',NULL,'digital',NULL,NULL,0),(78,'Gorgeous Wooden Gloves',NULL,NULL,'published','[\"products\\/product-45.jpg\"]','NC-110-A0',0,17,0,1,0,1,1,0,338,NULL,NULL,NULL,15.00,19.00,17.00,720.00,NULL,0,'2024-01-06 17:16:13','2024-01-06 17:16:13','in_stock',0,'Botble\\ACL\\Models\\User',NULL,'physical',NULL,NULL,0),(79,'Gorgeous Wooden Gloves',NULL,NULL,'published','[\"products\\/product-5.jpg\"]','NC-110-A0-A1',0,17,0,1,0,1,1,0,338,NULL,NULL,NULL,15.00,19.00,17.00,720.00,NULL,0,'2024-01-06 17:16:13','2024-01-06 17:16:13','in_stock',0,'Botble\\ACL\\Models\\User',NULL,'physical',NULL,NULL,0),(80,'Gorgeous Wooden Gloves',NULL,NULL,'published','[\"products\\/product-75.jpg\"]','NC-110-A0-A2',0,17,0,1,0,1,1,0,338,NULL,NULL,NULL,15.00,19.00,17.00,720.00,NULL,0,'2024-01-06 17:16:13','2024-01-06 17:16:13','in_stock',0,'Botble\\ACL\\Models\\User',NULL,'physical',NULL,NULL,0),(81,'Gorgeous Wooden Gloves',NULL,NULL,'published','[\"products\\/product-20.jpg\"]','NC-110-A0-A3',0,17,0,1,0,1,1,0,338,NULL,NULL,NULL,15.00,19.00,17.00,720.00,NULL,0,'2024-01-06 17:16:13','2024-01-06 17:16:13','in_stock',0,'Botble\\ACL\\Models\\User',NULL,'physical',NULL,NULL,0),(82,'Pinkol Enormous Granite Bottle',NULL,NULL,'published','[\"products\\/product-90.jpg\"]','NC-173-A0',0,17,0,1,0,4,1,0,328,NULL,NULL,NULL,20.00,13.00,14.00,804.00,NULL,0,'2024-01-06 17:16:13','2024-01-06 17:16:13','in_stock',0,'Botble\\ACL\\Models\\User',NULL,'physical',NULL,NULL,0),(83,'Pinkol Enormous Granite Bottle',NULL,NULL,'published','[\"products\\/product-67.jpg\"]','NC-173-A0-A1',0,17,0,1,0,4,1,0,328,NULL,NULL,NULL,20.00,13.00,14.00,804.00,NULL,0,'2024-01-06 17:16:13','2024-01-06 17:16:13','in_stock',0,'Botble\\ACL\\Models\\User',NULL,'physical',NULL,NULL,0),(84,'Pinkol Enormous Granite Bottle',NULL,NULL,'published','[\"products\\/product-70.jpg\"]','NC-173-A0-A2',0,17,0,1,0,4,1,0,328,NULL,NULL,NULL,20.00,13.00,14.00,804.00,NULL,0,'2024-01-06 17:16:13','2024-01-06 17:16:13','in_stock',0,'Botble\\ACL\\Models\\User',NULL,'physical',NULL,NULL,0),(85,'Gorgeous Aluminum Table',NULL,NULL,'published','[\"products\\/product-63.jpg\"]','NC-155-A0',0,16,0,1,0,7,1,0,206,179.22,NULL,NULL,19.00,19.00,13.00,684.00,NULL,0,'2024-01-06 17:16:13','2024-01-06 17:16:13','in_stock',0,'Botble\\ACL\\Models\\User',NULL,'physical',NULL,NULL,0),(86,'Gorgeous Aluminum Table',NULL,NULL,'published','[\"products\\/product-40.jpg\"]','NC-155-A0-A1',0,16,0,1,0,7,1,0,206,183.34,NULL,NULL,19.00,19.00,13.00,684.00,NULL,0,'2024-01-06 17:16:13','2024-01-06 17:16:13','in_stock',0,'Botble\\ACL\\Models\\User',NULL,'physical',NULL,NULL,0),(87,'Evo Lightweight Granite Shirt',NULL,NULL,'published','[\"products\\/product-35.jpg\"]','NC-200-A0',0,16,0,1,0,4,1,0,409,NULL,NULL,NULL,20.00,11.00,16.00,852.00,NULL,0,'2024-01-06 17:16:13','2024-01-06 17:16:13','in_stock',0,'Botble\\ACL\\Models\\User',NULL,'digital',NULL,NULL,0),(88,'Evo Lightweight Granite Shirt',NULL,NULL,'published','[\"products\\/product-94.jpg\"]','NC-200-A0-A1',0,16,0,1,0,4,1,0,409,NULL,NULL,NULL,20.00,11.00,16.00,852.00,NULL,0,'2024-01-06 17:16:13','2024-01-06 17:16:13','in_stock',0,'Botble\\ACL\\Models\\User',NULL,'digital',NULL,NULL,0),(89,'CLCo. Incredible Paper Car',NULL,NULL,'published','[\"products\\/product-2.jpg\"]','NC-181-A0',0,15,0,1,0,6,1,0,488,NULL,NULL,NULL,12.00,15.00,16.00,741.00,NULL,0,'2024-01-06 17:16:13','2024-01-06 17:16:13','in_stock',0,'Botble\\ACL\\Models\\User',NULL,'physical',NULL,NULL,0),(90,'CLCo. Incredible Paper Car',NULL,NULL,'published','[\"products\\/product-13.jpg\"]','NC-181-A0-A1',0,15,0,1,0,6,1,0,488,NULL,NULL,NULL,12.00,15.00,16.00,741.00,NULL,0,'2024-01-06 17:16:14','2024-01-06 17:16:14','in_stock',0,'Botble\\ACL\\Models\\User',NULL,'physical',NULL,NULL,0),(91,'CLCo. Incredible Paper Car',NULL,NULL,'published','[\"products\\/product-63.jpg\"]','NC-181-A0-A2',0,15,0,1,0,6,1,0,488,NULL,NULL,NULL,12.00,15.00,16.00,741.00,NULL,0,'2024-01-06 17:16:14','2024-01-06 17:16:14','in_stock',0,'Botble\\ACL\\Models\\User',NULL,'physical',NULL,NULL,0),(92,'CLCo. Incredible Paper Car',NULL,NULL,'published','[\"products\\/product-10.jpg\"]','NC-181-A0-A3',0,15,0,1,0,6,1,0,488,NULL,NULL,NULL,12.00,15.00,16.00,741.00,NULL,0,'2024-01-06 17:16:14','2024-01-06 17:16:14','in_stock',0,'Botble\\ACL\\Models\\User',NULL,'physical',NULL,NULL,0),(93,'Progash Durable Granite Hat',NULL,NULL,'published','[\"products\\/product-33.jpg\"]','NC-155-A0',0,17,0,1,0,1,1,0,324,NULL,NULL,NULL,19.00,15.00,17.00,848.00,NULL,0,'2024-01-06 17:16:14','2024-01-06 17:16:14','in_stock',0,'Botble\\ACL\\Models\\User',NULL,'physical',NULL,NULL,0),(94,'Progash Durable Granite Hat',NULL,NULL,'published','[\"products\\/product-22.jpg\"]','NC-155-A0-A1',0,17,0,1,0,1,1,0,324,NULL,NULL,NULL,19.00,15.00,17.00,848.00,NULL,0,'2024-01-06 17:16:14','2024-01-06 17:16:14','in_stock',0,'Botble\\ACL\\Models\\User',NULL,'physical',NULL,NULL,0),(95,'Progash Durable Granite Hat',NULL,NULL,'published','[\"products\\/product-34.jpg\"]','NC-155-A0-A2',0,17,0,1,0,1,1,0,324,NULL,NULL,NULL,19.00,15.00,17.00,848.00,NULL,0,'2024-01-06 17:16:14','2024-01-06 17:16:14','in_stock',0,'Botble\\ACL\\Models\\User',NULL,'physical',NULL,NULL,0),(96,'Progash Durable Granite Hat',NULL,NULL,'published','[\"products\\/product-63.jpg\"]','NC-155-A0-A3',0,17,0,1,0,1,1,0,324,NULL,NULL,NULL,19.00,15.00,17.00,848.00,NULL,0,'2024-01-06 17:16:14','2024-01-06 17:16:14','in_stock',0,'Botble\\ACL\\Models\\User',NULL,'physical',NULL,NULL,0),(97,'Purab Enormous Miranda Bottle',NULL,NULL,'published','[\"products\\/product-51.jpg\"]','NC-118-A0',0,12,0,1,0,2,1,0,344,268.32,NULL,NULL,13.00,20.00,17.00,626.00,NULL,0,'2024-01-06 17:16:14','2024-01-06 17:16:14','in_stock',0,'Botble\\ACL\\Models\\User',NULL,'physical',NULL,NULL,0),(98,'Purab Enormous Miranda Bottle',NULL,NULL,'published','[\"products\\/product-48.jpg\"]','NC-118-A0-A1',0,12,0,1,0,2,1,0,344,282.08,NULL,NULL,13.00,20.00,17.00,626.00,NULL,0,'2024-01-06 17:16:14','2024-01-06 17:16:14','in_stock',0,'Botble\\ACL\\Models\\User',NULL,'physical',NULL,NULL,0),(99,'Purab Enormous Miranda Bottle',NULL,NULL,'published','[\"products\\/product-72.jpg\"]','NC-118-A0-A2',0,12,0,1,0,2,1,0,344,258,NULL,NULL,13.00,20.00,17.00,626.00,NULL,0,'2024-01-06 17:16:14','2024-01-06 17:16:14','in_stock',0,'Botble\\ACL\\Models\\User',NULL,'physical',NULL,NULL,0),(100,'Purab Enormous Miranda Bottle',NULL,NULL,'published','[\"products\\/product-20.jpg\"]','NC-118-A0-A3',0,12,0,1,0,2,1,0,344,292.4,NULL,NULL,13.00,20.00,17.00,626.00,NULL,0,'2024-01-06 17:16:14','2024-01-06 17:16:14','in_stock',0,'Botble\\ACL\\Models\\User',NULL,'physical',NULL,NULL,0),(101,'Miklonda Co. Crafted Candles',NULL,NULL,'published','[\"products\\/product-68.jpg\"]','NC-104-A0',0,16,0,1,0,6,1,0,297,NULL,NULL,NULL,18.00,13.00,10.00,761.00,NULL,0,'2024-01-06 17:16:14','2024-01-06 17:16:14','in_stock',0,'Botble\\ACL\\Models\\User',NULL,'digital',NULL,NULL,0),(102,'Miklonda Co. Crafted Candles',NULL,NULL,'published','[\"products\\/product-29.jpg\"]','NC-104-A0-A1',0,16,0,1,0,6,1,0,297,NULL,NULL,NULL,18.00,13.00,10.00,761.00,NULL,0,'2024-01-06 17:16:14','2024-01-06 17:16:14','in_stock',0,'Botble\\ACL\\Models\\User',NULL,'digital',NULL,NULL,0),(103,'Miklonda Co. Crafted Candles',NULL,NULL,'published','[\"products\\/product-52.jpg\"]','NC-104-A0-A2',0,16,0,1,0,6,1,0,297,NULL,NULL,NULL,18.00,13.00,10.00,761.00,NULL,0,'2024-01-06 17:16:14','2024-01-06 17:16:14','in_stock',0,'Botble\\ACL\\Models\\User',NULL,'digital',NULL,NULL,0),(104,'Pinkol Enormous Granite Bottle',NULL,NULL,'published','[\"products\\/product-50.jpg\"]','NC-169-A0',0,13,0,1,0,2,1,0,230,NULL,NULL,NULL,19.00,16.00,18.00,512.00,NULL,0,'2024-01-06 17:16:14','2024-01-06 17:16:14','in_stock',0,'Botble\\ACL\\Models\\User',NULL,'physical',NULL,NULL,0),(105,'Pinkol Enormous Granite Bottle',NULL,NULL,'published','[\"products\\/product-61.jpg\"]','NC-169-A0-A1',0,13,0,1,0,2,1,0,230,NULL,NULL,NULL,19.00,16.00,18.00,512.00,NULL,0,'2024-01-06 17:16:14','2024-01-06 17:16:14','in_stock',0,'Botble\\ACL\\Models\\User',NULL,'physical',NULL,NULL,0),(106,'Pinkol Enormous Granite Bottle',NULL,NULL,'published','[\"products\\/product-32.jpg\"]','NC-169-A0-A2',0,13,0,1,0,2,1,0,230,NULL,NULL,NULL,19.00,16.00,18.00,512.00,NULL,0,'2024-01-06 17:16:14','2024-01-06 17:16:14','in_stock',0,'Botble\\ACL\\Models\\User',NULL,'physical',NULL,NULL,0),(107,'Pinkol Enormous Granite Bottle',NULL,NULL,'published','[\"products\\/product-29.jpg\"]','NC-169-A0-A3',0,13,0,1,0,2,1,0,230,NULL,NULL,NULL,19.00,16.00,18.00,512.00,NULL,0,'2024-01-06 17:16:14','2024-01-06 17:16:14','in_stock',0,'Botble\\ACL\\Models\\User',NULL,'physical',NULL,NULL,0),(108,'Dual Camera 20MP',NULL,NULL,'published','[\"products\\/product-78.jpg\"]','NC-144-A0',0,19,0,1,0,7,1,0,306,NULL,NULL,NULL,20.00,12.00,11.00,771.00,NULL,0,'2024-01-06 17:16:14','2024-01-06 17:16:14','in_stock',0,'Botble\\ACL\\Models\\User',NULL,'physical',NULL,NULL,0),(109,'Dual Camera 20MP',NULL,NULL,'published','[\"products\\/product-48.jpg\"]','NC-144-A0-A1',0,19,0,1,0,7,1,0,306,NULL,NULL,NULL,20.00,12.00,11.00,771.00,NULL,0,'2024-01-06 17:16:14','2024-01-06 17:16:14','in_stock',0,'Botble\\ACL\\Models\\User',NULL,'physical',NULL,NULL,0),(110,'Dual Camera 20MP',NULL,NULL,'published','[\"products\\/product-26.jpg\"]','NC-144-A0-A2',0,19,0,1,0,7,1,0,306,NULL,NULL,NULL,20.00,12.00,11.00,771.00,NULL,0,'2024-01-06 17:16:14','2024-01-06 17:16:14','in_stock',0,'Botble\\ACL\\Models\\User',NULL,'physical',NULL,NULL,0),(111,'Dual Camera 20MP',NULL,NULL,'published','[\"products\\/product-68.jpg\"]','NC-144-A0-A3',0,19,0,1,0,7,1,0,306,NULL,NULL,NULL,20.00,12.00,11.00,771.00,NULL,0,'2024-01-06 17:16:14','2024-01-06 17:16:14','in_stock',0,'Botble\\ACL\\Models\\User',NULL,'physical',NULL,NULL,0),(112,'Dual Camera 20MP',NULL,NULL,'published','[\"products\\/product-34.jpg\"]','NC-144-A0-A4',0,19,0,1,0,7,1,0,306,NULL,NULL,NULL,20.00,12.00,11.00,771.00,NULL,0,'2024-01-06 17:16:14','2024-01-06 17:16:14','in_stock',0,'Botble\\ACL\\Models\\User',NULL,'physical',NULL,NULL,0),(113,'Smart Watches',NULL,NULL,'published','[\"products\\/product-50.jpg\"]','NC-134-A0',0,18,0,1,0,5,1,0,440,316.8,NULL,NULL,13.00,13.00,13.00,627.00,NULL,0,'2024-01-06 17:16:14','2024-01-06 17:16:14','in_stock',0,'Botble\\ACL\\Models\\User',NULL,'physical',NULL,NULL,0),(114,'Smart Watches',NULL,NULL,'published','[\"products\\/product-29.jpg\"]','NC-134-A0-A1',0,18,0,1,0,5,1,0,440,387.2,NULL,NULL,13.00,13.00,13.00,627.00,NULL,0,'2024-01-06 17:16:14','2024-01-06 17:16:14','in_stock',0,'Botble\\ACL\\Models\\User',NULL,'physical',NULL,NULL,0),(115,'Beat Headphone',NULL,NULL,'published','[\"products\\/product-2.jpg\"]','NC-200-A0',0,19,0,1,0,3,1,0,366,NULL,NULL,NULL,17.00,17.00,12.00,801.00,NULL,0,'2024-01-06 17:16:14','2024-01-06 17:16:14','in_stock',0,'Botble\\ACL\\Models\\User',NULL,'digital',NULL,NULL,0),(116,'Beat Headphone',NULL,NULL,'published','[\"products\\/product-95.jpg\"]','NC-200-A0-A1',0,19,0,1,0,3,1,0,366,NULL,NULL,NULL,17.00,17.00,12.00,801.00,NULL,0,'2024-01-06 17:16:14','2024-01-06 17:16:14','in_stock',0,'Botble\\ACL\\Models\\User',NULL,'digital',NULL,NULL,0),(117,'Red & Black Headphone',NULL,NULL,'published','[\"products\\/product-85.jpg\"]','NC-132-A0',0,11,0,1,0,7,1,0,499,NULL,NULL,NULL,13.00,13.00,20.00,664.00,NULL,0,'2024-01-06 17:16:14','2024-01-06 17:16:14','in_stock',0,'Botble\\ACL\\Models\\User',NULL,'physical',NULL,NULL,0),(118,'Red &amp; Black Headphone',NULL,NULL,'published','[\"products\\/product-13.jpg\"]','NC-132-A0-A1',0,11,0,1,0,7,1,0,499,NULL,NULL,NULL,13.00,13.00,20.00,664.00,NULL,0,'2024-01-06 17:16:14','2024-01-06 17:16:14','in_stock',0,'Botble\\ACL\\Models\\User',NULL,'physical',NULL,NULL,0),(119,'Red &amp; Black Headphone',NULL,NULL,'published','[\"products\\/product-65.jpg\"]','NC-132-A0-A2',0,11,0,1,0,7,1,0,499,NULL,NULL,NULL,13.00,13.00,20.00,664.00,NULL,0,'2024-01-06 17:16:14','2024-01-06 17:16:14','in_stock',0,'Botble\\ACL\\Models\\User',NULL,'physical',NULL,NULL,0),(120,'Red &amp; Black Headphone',NULL,NULL,'published','[\"products\\/product-31.jpg\"]','NC-132-A0-A3',0,11,0,1,0,7,1,0,499,NULL,NULL,NULL,13.00,13.00,20.00,664.00,NULL,0,'2024-01-06 17:16:14','2024-01-06 17:16:14','in_stock',0,'Botble\\ACL\\Models\\User',NULL,'physical',NULL,NULL,0),(121,'Red &amp; Black Headphone',NULL,NULL,'published','[\"products\\/product-26.jpg\"]','NC-132-A0-A4',0,11,0,1,0,7,1,0,499,NULL,NULL,NULL,13.00,13.00,20.00,664.00,NULL,0,'2024-01-06 17:16:14','2024-01-06 17:16:14','in_stock',0,'Botble\\ACL\\Models\\User',NULL,'physical',NULL,NULL,0),(122,'Smart Watch External',NULL,NULL,'published','[\"products\\/product-1.jpg\"]','NC-146-A0',0,18,0,1,0,5,1,0,423,NULL,NULL,NULL,19.00,20.00,12.00,730.00,NULL,0,'2024-01-06 17:16:14','2024-01-06 17:16:14','in_stock',0,'Botble\\ACL\\Models\\User',NULL,'physical',NULL,NULL,0),(123,'Nikon HD camera',NULL,NULL,'published','[\"products\\/product-21.jpg\"]','NC-180-A0',0,12,0,1,0,3,1,0,451,365.31,NULL,NULL,17.00,13.00,20.00,525.00,NULL,0,'2024-01-06 17:16:14','2024-01-06 17:16:14','in_stock',0,'Botble\\ACL\\Models\\User',NULL,'physical',NULL,NULL,0),(124,'Nikon HD camera',NULL,NULL,'published','[\"products\\/product-54.jpg\"]','NC-180-A0-A1',0,12,0,1,0,3,1,0,451,401.39,NULL,NULL,17.00,13.00,20.00,525.00,NULL,0,'2024-01-06 17:16:14','2024-01-06 17:16:14','in_stock',0,'Botble\\ACL\\Models\\User',NULL,'physical',NULL,NULL,0),(125,'Nikon HD camera',NULL,NULL,'published','[\"products\\/product-45.jpg\"]','NC-180-A0-A2',0,12,0,1,0,3,1,0,451,333.74,NULL,NULL,17.00,13.00,20.00,525.00,NULL,0,'2024-01-06 17:16:14','2024-01-06 17:16:14','in_stock',0,'Botble\\ACL\\Models\\User',NULL,'physical',NULL,NULL,0),(126,'Audio Equipment',NULL,NULL,'published','[\"products\\/product-51.jpg\"]','NC-162-A0',0,17,0,1,0,3,1,0,363,NULL,NULL,NULL,20.00,14.00,12.00,746.00,NULL,0,'2024-01-06 17:16:14','2024-01-06 17:16:14','in_stock',0,'Botble\\ACL\\Models\\User',NULL,'digital',NULL,NULL,0),(127,'Smart Televisions',NULL,NULL,'published','[\"products\\/product-22.jpg\"]','NC-181-A0',0,11,0,1,0,7,1,0,408,NULL,NULL,NULL,20.00,16.00,20.00,897.00,NULL,0,'2024-01-06 17:16:14','2024-01-06 17:16:14','in_stock',0,'Botble\\ACL\\Models\\User',NULL,'physical',NULL,NULL,0),(128,'Samsung Smart Phone',NULL,NULL,'published','[\"products\\/product-57.jpg\"]','NC-116-A0',0,13,0,1,0,7,1,0,468,NULL,NULL,NULL,15.00,15.00,11.00,877.00,NULL,0,'2024-01-06 17:16:14','2024-01-06 17:16:14','in_stock',0,'Botble\\ACL\\Models\\User',NULL,'physical',NULL,NULL,0),(129,'Herschel Leather Duffle Bag In Brown Color',NULL,NULL,'published','[\"products\\/product-43.jpg\"]','NC-145-A0',0,12,0,1,0,5,1,0,463,416.7,NULL,NULL,12.00,15.00,12.00,693.00,NULL,0,'2024-01-06 17:16:14','2024-01-06 17:16:14','in_stock',0,'Botble\\ACL\\Models\\User',NULL,'physical',NULL,NULL,0),(130,'Herschel Leather Duffle Bag In Brown Color',NULL,NULL,'published','[\"products\\/product-7.jpg\"]','NC-145-A0-A1',0,12,0,1,0,5,1,0,463,342.62,NULL,NULL,12.00,15.00,12.00,693.00,NULL,0,'2024-01-06 17:16:14','2024-01-06 17:16:14','in_stock',0,'Botble\\ACL\\Models\\User',NULL,'physical',NULL,NULL,0),(131,'Xbox One Wireless Controller Black Color',NULL,NULL,'published','[\"products\\/product-86.jpg\"]','NC-180-A0',0,18,0,1,0,5,1,0,311,NULL,NULL,NULL,19.00,15.00,16.00,545.00,NULL,0,'2024-01-06 17:16:14','2024-01-06 17:16:14','in_stock',0,'Botble\\ACL\\Models\\User',NULL,'digital',NULL,NULL,0),(132,'Xbox One Wireless Controller Black Color',NULL,NULL,'published','[\"products\\/product-49.jpg\"]','NC-180-A0-A1',0,18,0,1,0,5,1,0,311,NULL,NULL,NULL,19.00,15.00,16.00,545.00,NULL,0,'2024-01-06 17:16:14','2024-01-06 17:16:14','in_stock',0,'Botble\\ACL\\Models\\User',NULL,'digital',NULL,NULL,0),(133,'Xbox One Wireless Controller Black Color',NULL,NULL,'published','[\"products\\/product-6.jpg\"]','NC-180-A0-A2',0,18,0,1,0,5,1,0,311,NULL,NULL,NULL,19.00,15.00,16.00,545.00,NULL,0,'2024-01-06 17:16:14','2024-01-06 17:16:14','in_stock',0,'Botble\\ACL\\Models\\User',NULL,'digital',NULL,NULL,0),(134,'Xbox One Wireless Controller Black Color',NULL,NULL,'published','[\"products\\/product-54.jpg\"]','NC-180-A0-A3',0,18,0,1,0,5,1,0,311,NULL,NULL,NULL,19.00,15.00,16.00,545.00,NULL,0,'2024-01-06 17:16:14','2024-01-06 17:16:14','in_stock',0,'Botble\\ACL\\Models\\User',NULL,'digital',NULL,NULL,0),(135,'EPSION Plaster Printer',NULL,NULL,'published','[\"products\\/product-31.jpg\"]','NC-159-A0',0,13,0,1,0,7,1,0,339,NULL,NULL,NULL,20.00,12.00,19.00,504.00,NULL,0,'2024-01-06 17:16:14','2024-01-06 17:16:14','in_stock',0,'Botble\\ACL\\Models\\User',NULL,'physical',NULL,NULL,0),(136,'EPSION Plaster Printer',NULL,NULL,'published','[\"products\\/product-45.jpg\"]','NC-159-A0-A1',0,13,0,1,0,7,1,0,339,NULL,NULL,NULL,20.00,12.00,19.00,504.00,NULL,0,'2024-01-06 17:16:14','2024-01-06 17:16:14','in_stock',0,'Botble\\ACL\\Models\\User',NULL,'physical',NULL,NULL,0),(137,'Sound Intone I65 Earphone White Version',NULL,NULL,'published','[\"products\\/product-30.jpg\"]','NC-161-A0',0,15,0,1,0,5,1,0,276,NULL,NULL,NULL,18.00,11.00,14.00,876.00,NULL,0,'2024-01-06 17:16:14','2024-01-06 17:16:14','in_stock',0,'Botble\\ACL\\Models\\User',NULL,'physical',NULL,NULL,0),(138,'B&O Play Mini Bluetooth Speaker',NULL,NULL,'published','[\"products\\/product-34.jpg\"]','NC-151-A0',0,20,0,1,0,4,1,0,344,306.16,NULL,NULL,16.00,11.00,17.00,786.00,NULL,0,'2024-01-06 17:16:14','2024-01-06 17:16:14','in_stock',0,'Botble\\ACL\\Models\\User',NULL,'physical',NULL,NULL,0),(139,'B&amp;O Play Mini Bluetooth Speaker',NULL,NULL,'published','[\"products\\/product-21.jpg\"]','NC-151-A0-A1',0,20,0,1,0,4,1,0,344,302.72,NULL,NULL,16.00,11.00,17.00,786.00,NULL,0,'2024-01-06 17:16:14','2024-01-06 17:16:14','in_stock',0,'Botble\\ACL\\Models\\User',NULL,'physical',NULL,NULL,0),(140,'Apple MacBook Air Retina 13.3-Inch Laptop',NULL,NULL,'published','[\"products\\/product-60.jpg\"]','NC-200-A0',0,12,0,1,0,5,1,0,291,NULL,NULL,NULL,10.00,10.00,17.00,664.00,NULL,0,'2024-01-06 17:16:14','2024-01-06 17:16:14','in_stock',0,'Botble\\ACL\\Models\\User',NULL,'digital',NULL,NULL,0),(141,'Apple MacBook Air Retina 13.3-Inch Laptop',NULL,NULL,'published','[\"products\\/product-75.jpg\"]','NC-200-A0-A1',0,12,0,1,0,5,1,0,291,NULL,NULL,NULL,10.00,10.00,17.00,664.00,NULL,0,'2024-01-06 17:16:14','2024-01-06 17:16:14','in_stock',0,'Botble\\ACL\\Models\\User',NULL,'digital',NULL,NULL,0),(142,'Apple MacBook Air Retina 12-Inch Laptop',NULL,NULL,'published','[\"products\\/product-77.jpg\"]','NC-121-A0',0,10,0,1,0,7,1,0,223,NULL,NULL,NULL,16.00,20.00,16.00,831.00,NULL,0,'2024-01-06 17:16:14','2024-01-06 17:16:14','in_stock',0,'Botble\\ACL\\Models\\User',NULL,'physical',NULL,NULL,0),(143,'Apple MacBook Air Retina 12-Inch Laptop',NULL,NULL,'published','[\"products\\/product-72.jpg\"]','NC-121-A0-A1',0,10,0,1,0,7,1,0,223,NULL,NULL,NULL,16.00,20.00,16.00,831.00,NULL,0,'2024-01-06 17:16:14','2024-01-06 17:16:14','in_stock',0,'Botble\\ACL\\Models\\User',NULL,'physical',NULL,NULL,0),(144,'Samsung Gear VR Virtual Reality Headset',NULL,NULL,'published','[\"products\\/product-4.jpg\"]','NC-111-A0',0,18,0,1,0,7,1,0,410,NULL,NULL,NULL,16.00,14.00,16.00,634.00,NULL,0,'2024-01-06 17:16:14','2024-01-06 17:16:14','in_stock',0,'Botble\\ACL\\Models\\User',NULL,'physical',NULL,NULL,0),(145,'Samsung Gear VR Virtual Reality Headset',NULL,NULL,'published','[\"products\\/product-26.jpg\"]','NC-111-A0-A1',0,18,0,1,0,7,1,0,410,NULL,NULL,NULL,16.00,14.00,16.00,634.00,NULL,0,'2024-01-06 17:16:14','2024-01-06 17:16:14','in_stock',0,'Botble\\ACL\\Models\\User',NULL,'physical',NULL,NULL,0),(146,'Samsung Gear VR Virtual Reality Headset',NULL,NULL,'published','[\"products\\/product-18.jpg\"]','NC-111-A0-A2',0,18,0,1,0,7,1,0,410,NULL,NULL,NULL,16.00,14.00,16.00,634.00,NULL,0,'2024-01-06 17:16:14','2024-01-06 17:16:14','in_stock',0,'Botble\\ACL\\Models\\User',NULL,'physical',NULL,NULL,0),(147,'Aveeno Moisturizing Body Shower 450ml',NULL,NULL,'published','[\"products\\/product-94.jpg\"]','NC-142-A0',0,17,0,1,0,7,1,0,457,351.89,NULL,NULL,13.00,12.00,16.00,795.00,NULL,0,'2024-01-06 17:16:14','2024-01-06 17:16:14','in_stock',0,'Botble\\ACL\\Models\\User',NULL,'physical',NULL,NULL,0),(148,'Aveeno Moisturizing Body Shower 450ml',NULL,NULL,'published','[\"products\\/product-53.jpg\"]','NC-142-A0-A1',0,17,0,1,0,7,1,0,457,324.47,NULL,NULL,13.00,12.00,16.00,795.00,NULL,0,'2024-01-06 17:16:14','2024-01-06 17:16:14','in_stock',0,'Botble\\ACL\\Models\\User',NULL,'physical',NULL,NULL,0),(149,'NYX Beauty Couton Pallete Makeup 12',NULL,NULL,'published','[\"products\\/product-31.jpg\"]','NC-146-A0',0,15,0,1,0,7,1,0,490,NULL,NULL,NULL,13.00,14.00,19.00,745.00,NULL,0,'2024-01-06 17:16:14','2024-01-06 17:16:14','in_stock',0,'Botble\\ACL\\Models\\User',NULL,'digital',NULL,NULL,0),(150,'NYX Beauty Couton Pallete Makeup 12',NULL,NULL,'published','[\"products\\/product-3.jpg\"]','NC-146-A0',0,17,0,1,0,6,1,0,213,NULL,NULL,NULL,15.00,18.00,13.00,584.00,NULL,0,'2024-01-06 17:16:14','2024-01-06 17:16:14','in_stock',0,'Botble\\ACL\\Models\\User',NULL,'physical',NULL,NULL,0),(151,'NYX Beauty Couton Pallete Makeup 12',NULL,NULL,'published','[\"products\\/product-79.jpg\"]','NC-146-A0-A1',0,17,0,1,0,6,1,0,213,NULL,NULL,NULL,15.00,18.00,13.00,584.00,NULL,0,'2024-01-06 17:16:14','2024-01-06 17:16:14','in_stock',0,'Botble\\ACL\\Models\\User',NULL,'physical',NULL,NULL,0),(152,'MVMTH Classical Leather Watch In Black',NULL,NULL,'published','[\"products\\/product-2.jpg\"]','NC-136-A0',0,12,0,1,0,1,1,0,256,NULL,NULL,NULL,11.00,16.00,13.00,549.00,NULL,0,'2024-01-06 17:16:14','2024-01-06 17:16:14','in_stock',0,'Botble\\ACL\\Models\\User',NULL,'physical',NULL,NULL,0),(153,'Baxter Care Hair Kit For Bearded Mens',NULL,NULL,'published','[\"products\\/product-23.jpg\"]','NC-124-A0',0,15,0,1,0,5,1,0,273,204.75,NULL,NULL,16.00,17.00,11.00,567.00,NULL,0,'2024-01-06 17:16:15','2024-01-06 17:16:15','in_stock',0,'Botble\\ACL\\Models\\User',NULL,'physical',NULL,NULL,0),(154,'Baxter Care Hair Kit For Bearded Mens',NULL,NULL,'published','[\"products\\/product-58.jpg\"]','NC-124-A0-A1',0,15,0,1,0,5,1,0,273,223.86,NULL,NULL,16.00,17.00,11.00,567.00,NULL,0,'2024-01-06 17:16:15','2024-01-06 17:16:15','in_stock',0,'Botble\\ACL\\Models\\User',NULL,'physical',NULL,NULL,0),(155,'Baxter Care Hair Kit For Bearded Mens',NULL,NULL,'published','[\"products\\/product-50.jpg\"]','NC-124-A0-A2',0,15,0,1,0,5,1,0,273,210.21,NULL,NULL,16.00,17.00,11.00,567.00,NULL,0,'2024-01-06 17:16:15','2024-01-06 17:16:15','in_stock',0,'Botble\\ACL\\Models\\User',NULL,'physical',NULL,NULL,0),(156,'Baxter Care Hair Kit For Bearded Mens',NULL,NULL,'published','[\"products\\/product-5.jpg\"]','NC-124-A0-A3',0,15,0,1,0,5,1,0,273,202.02,NULL,NULL,16.00,17.00,11.00,567.00,NULL,0,'2024-01-06 17:16:15','2024-01-06 17:16:15','in_stock',0,'Botble\\ACL\\Models\\User',NULL,'physical',NULL,NULL,0),(157,'Ciate Palemore Lipstick Bold Red Color',NULL,NULL,'published','[\"products\\/product-87.jpg\"]','NC-130-A0',0,14,0,1,0,7,1,0,273,NULL,NULL,NULL,12.00,16.00,11.00,810.00,NULL,0,'2024-01-06 17:16:15','2024-01-06 17:16:15','in_stock',0,'Botble\\ACL\\Models\\User',NULL,'digital',NULL,NULL,0),(158,'Ciate Palemore Lipstick Bold Red Color',NULL,NULL,'published','[\"products\\/product-49.jpg\"]','NC-130-A0-A1',0,14,0,1,0,7,1,0,273,NULL,NULL,NULL,12.00,16.00,11.00,810.00,NULL,0,'2024-01-06 17:16:15','2024-01-06 17:16:15','in_stock',0,'Botble\\ACL\\Models\\User',NULL,'digital',NULL,NULL,0),(159,'Ciate Palemore Lipstick Bold Red Color',NULL,NULL,'published','[\"products\\/product-93.jpg\"]','NC-130-A0-A2',0,14,0,1,0,7,1,0,273,NULL,NULL,NULL,12.00,16.00,11.00,810.00,NULL,0,'2024-01-06 17:16:15','2024-01-06 17:16:15','in_stock',0,'Botble\\ACL\\Models\\User',NULL,'digital',NULL,NULL,0),(160,'Ciate Palemore Lipstick Bold Red Color',NULL,NULL,'published','[\"products\\/product-21.jpg\"]','NC-130-A0-A3',0,14,0,1,0,7,1,0,273,NULL,NULL,NULL,12.00,16.00,11.00,810.00,NULL,0,'2024-01-06 17:16:15','2024-01-06 17:16:15','in_stock',0,'Botble\\ACL\\Models\\User',NULL,'digital',NULL,NULL,0),(161,'Vimto Squash Remix Apple 1.5 Litres',NULL,NULL,'published','[\"products\\/product-70.jpg\"]','NC-146-A0',0,20,0,1,0,7,1,0,268,NULL,NULL,NULL,17.00,18.00,13.00,823.00,NULL,0,'2024-01-06 17:16:15','2024-01-06 17:16:15','in_stock',0,'Botble\\ACL\\Models\\User',NULL,'physical',NULL,NULL,0),(162,'Vimto Squash Remix Apple 1.5 Litres',NULL,NULL,'published','[\"products\\/product-64.jpg\"]','NC-146-A0-A1',0,20,0,1,0,7,1,0,268,NULL,NULL,NULL,17.00,18.00,13.00,823.00,NULL,0,'2024-01-06 17:16:15','2024-01-06 17:16:15','in_stock',0,'Botble\\ACL\\Models\\User',NULL,'physical',NULL,NULL,0),(163,'Crock Pot Slow Cooker',NULL,NULL,'published','[\"products\\/product-77.jpg\"]','NC-126-A0',0,15,0,1,0,6,1,0,478,NULL,NULL,NULL,15.00,13.00,16.00,588.00,NULL,0,'2024-01-06 17:16:15','2024-01-06 17:16:15','in_stock',0,'Botble\\ACL\\Models\\User',NULL,'physical',NULL,NULL,0),(164,'Crock Pot Slow Cooker',NULL,NULL,'published','[\"products\\/product-85.jpg\"]','NC-126-A0-A1',0,15,0,1,0,6,1,0,478,NULL,NULL,NULL,15.00,13.00,16.00,588.00,NULL,0,'2024-01-06 17:16:15','2024-01-06 17:16:15','in_stock',0,'Botble\\ACL\\Models\\User',NULL,'physical',NULL,NULL,0),(165,'Crock Pot Slow Cooker',NULL,NULL,'published','[\"products\\/product-61.jpg\"]','NC-126-A0-A2',0,15,0,1,0,6,1,0,478,NULL,NULL,NULL,15.00,13.00,16.00,588.00,NULL,0,'2024-01-06 17:16:15','2024-01-06 17:16:15','in_stock',0,'Botble\\ACL\\Models\\User',NULL,'physical',NULL,NULL,0),(166,'Crock Pot Slow Cooker',NULL,NULL,'published','[\"products\\/product-79.jpg\"]','NC-126-A0-A3',0,15,0,1,0,6,1,0,478,NULL,NULL,NULL,15.00,13.00,16.00,588.00,NULL,0,'2024-01-06 17:16:15','2024-01-06 17:16:15','in_stock',0,'Botble\\ACL\\Models\\User',NULL,'physical',NULL,NULL,0),(167,'Taylors of Harrogate Yorkshire Coffee',NULL,NULL,'published','[\"products\\/product-82.jpg\"]','NC-125-A0',0,12,0,1,0,7,1,0,476,352.24,NULL,NULL,11.00,17.00,11.00,635.00,NULL,0,'2024-01-06 17:16:15','2024-01-06 17:16:15','in_stock',0,'Botble\\ACL\\Models\\User',NULL,'physical',NULL,NULL,0),(168,'Taylors of Harrogate Yorkshire Coffee',NULL,NULL,'published','[\"products\\/product-33.jpg\"]','NC-125-A0-A1',0,12,0,1,0,7,1,0,476,371.28,NULL,NULL,11.00,17.00,11.00,635.00,NULL,0,'2024-01-06 17:16:15','2024-01-06 17:16:15','in_stock',0,'Botble\\ACL\\Models\\User',NULL,'physical',NULL,NULL,0),(169,'Soft Mochi & Galeto Ice Cream',NULL,NULL,'published','[\"products\\/product-60.jpg\"]','NC-191-A0',0,11,0,1,0,3,1,0,225,NULL,NULL,NULL,11.00,16.00,13.00,726.00,NULL,0,'2024-01-06 17:16:15','2024-01-06 17:16:15','in_stock',0,'Botble\\ACL\\Models\\User',NULL,'digital',NULL,NULL,0),(170,'Soft Mochi &amp; Galeto Ice Cream',NULL,NULL,'published','[\"products\\/product-35.jpg\"]','NC-191-A0-A1',0,11,0,1,0,3,1,0,225,NULL,NULL,NULL,11.00,16.00,13.00,726.00,NULL,0,'2024-01-06 17:16:15','2024-01-06 17:16:15','in_stock',0,'Botble\\ACL\\Models\\User',NULL,'digital',NULL,NULL,0),(171,'Soft Mochi &amp; Galeto Ice Cream',NULL,NULL,'published','[\"products\\/product-24.jpg\"]','NC-191-A0-A2',0,11,0,1,0,3,1,0,225,NULL,NULL,NULL,11.00,16.00,13.00,726.00,NULL,0,'2024-01-06 17:16:15','2024-01-06 17:16:15','in_stock',0,'Botble\\ACL\\Models\\User',NULL,'digital',NULL,NULL,0),(172,'Soft Mochi &amp; Galeto Ice Cream',NULL,NULL,'published','[\"products\\/product-32.jpg\"]','NC-191-A0-A3',0,11,0,1,0,3,1,0,225,NULL,NULL,NULL,11.00,16.00,13.00,726.00,NULL,0,'2024-01-06 17:16:15','2024-01-06 17:16:15','in_stock',0,'Botble\\ACL\\Models\\User',NULL,'digital',NULL,NULL,0),(173,'Naked Noodle Egg Noodles Singapore',NULL,NULL,'published','[\"products\\/product-69.jpg\"]','NC-191-A0',0,20,0,1,0,3,1,0,315,NULL,NULL,NULL,20.00,16.00,17.00,666.00,NULL,0,'2024-01-06 17:16:15','2024-01-06 17:16:15','in_stock',0,'Botble\\ACL\\Models\\User',NULL,'physical',NULL,NULL,0),(174,'Naked Noodle Egg Noodles Singapore',NULL,NULL,'published','[\"products\\/product-35.jpg\"]','NC-191-A0-A1',0,20,0,1,0,3,1,0,315,NULL,NULL,NULL,20.00,16.00,17.00,666.00,NULL,0,'2024-01-06 17:16:15','2024-01-06 17:16:15','in_stock',0,'Botble\\ACL\\Models\\User',NULL,'physical',NULL,NULL,0),(175,'Saute Pan Silver',NULL,NULL,'published','[\"products\\/product-44.jpg\"]','NC-144-A0',0,19,0,1,0,4,1,0,340,NULL,NULL,NULL,11.00,20.00,13.00,822.00,NULL,0,'2024-01-06 17:16:15','2024-01-06 17:16:15','in_stock',0,'Botble\\ACL\\Models\\User',NULL,'physical',NULL,NULL,0),(176,'Saute Pan Silver',NULL,NULL,'published','[\"products\\/product-17.jpg\"]','NC-144-A0-A1',0,19,0,1,0,4,1,0,340,NULL,NULL,NULL,11.00,20.00,13.00,822.00,NULL,0,'2024-01-06 17:16:15','2024-01-06 17:16:15','in_stock',0,'Botble\\ACL\\Models\\User',NULL,'physical',NULL,NULL,0),(177,'Bar S – Classic Bun Length Franks',NULL,NULL,'published','[\"products\\/product-95.jpg\"]','NC-122-A0',0,10,0,1,0,1,1,0,338,287.3,NULL,NULL,20.00,13.00,17.00,588.00,NULL,0,'2024-01-06 17:16:15','2024-01-06 17:16:15','in_stock',0,'Botble\\ACL\\Models\\User',NULL,'physical',NULL,NULL,0),(178,'Bar S – Classic Bun Length Franks',NULL,NULL,'published','[\"products\\/product-77.jpg\"]','NC-122-A0-A1',0,10,0,1,0,1,1,0,338,287.3,NULL,NULL,20.00,13.00,17.00,588.00,NULL,0,'2024-01-06 17:16:15','2024-01-06 17:16:15','in_stock',0,'Botble\\ACL\\Models\\User',NULL,'physical',NULL,NULL,0),(179,'Broccoli Crowns',NULL,NULL,'published','[\"products\\/product-32.jpg\"]','NC-153-A0',0,16,0,1,0,6,1,0,207,NULL,NULL,NULL,18.00,16.00,12.00,559.00,NULL,0,'2024-01-06 17:16:15','2024-01-06 17:16:15','in_stock',0,'Botble\\ACL\\Models\\User',NULL,'digital',NULL,NULL,0),(180,'Broccoli Crowns',NULL,NULL,'published','[\"products\\/product-53.jpg\"]','NC-153-A0-A1',0,16,0,1,0,6,1,0,207,NULL,NULL,NULL,18.00,16.00,12.00,559.00,NULL,0,'2024-01-06 17:16:15','2024-01-06 17:16:15','in_stock',0,'Botble\\ACL\\Models\\User',NULL,'digital',NULL,NULL,0),(181,'Broccoli Crowns',NULL,NULL,'published','[\"products\\/product-9.jpg\"]','NC-153-A0-A2',0,16,0,1,0,6,1,0,207,NULL,NULL,NULL,18.00,16.00,12.00,559.00,NULL,0,'2024-01-06 17:16:15','2024-01-06 17:16:15','in_stock',0,'Botble\\ACL\\Models\\User',NULL,'digital',NULL,NULL,0),(182,'Slimming World Vegan Mac Greens',NULL,NULL,'published','[\"products\\/product-4.jpg\"]','NC-153-A0',0,13,0,1,0,2,1,0,496,NULL,NULL,NULL,15.00,19.00,14.00,592.00,NULL,0,'2024-01-06 17:16:15','2024-01-06 17:16:15','in_stock',0,'Botble\\ACL\\Models\\User',NULL,'physical',NULL,NULL,0),(183,'Slimming World Vegan Mac Greens',NULL,NULL,'published','[\"products\\/product-24.jpg\"]','NC-153-A0-A1',0,13,0,1,0,2,1,0,496,NULL,NULL,NULL,15.00,19.00,14.00,592.00,NULL,0,'2024-01-06 17:16:15','2024-01-06 17:16:15','in_stock',0,'Botble\\ACL\\Models\\User',NULL,'physical',NULL,NULL,0),(184,'Häagen-Dazs Salted Caramel',NULL,NULL,'published','[\"products\\/product-30.jpg\"]','NC-182-A0',0,15,0,1,0,5,1,0,432,NULL,NULL,NULL,10.00,19.00,13.00,606.00,NULL,0,'2024-01-06 17:16:15','2024-01-06 17:16:15','in_stock',0,'Botble\\ACL\\Models\\User',NULL,'physical',NULL,NULL,0),(185,'Häagen-Dazs Salted Caramel',NULL,NULL,'published','[\"products\\/product-59.jpg\"]','NC-182-A0-A1',0,15,0,1,0,5,1,0,432,NULL,NULL,NULL,10.00,19.00,13.00,606.00,NULL,0,'2024-01-06 17:16:15','2024-01-06 17:16:15','in_stock',0,'Botble\\ACL\\Models\\User',NULL,'physical',NULL,NULL,0),(186,'Häagen-Dazs Salted Caramel',NULL,NULL,'published','[\"products\\/product-61.jpg\"]','NC-182-A0-A2',0,15,0,1,0,5,1,0,432,NULL,NULL,NULL,10.00,19.00,13.00,606.00,NULL,0,'2024-01-06 17:16:15','2024-01-06 17:16:15','in_stock',0,'Botble\\ACL\\Models\\User',NULL,'physical',NULL,NULL,0),(187,'Iceland 3 Solo Exotic Burst',NULL,NULL,'published','[\"products\\/product-49.jpg\"]','NC-131-A0',0,20,0,1,0,6,1,0,376,315.84,NULL,NULL,16.00,19.00,16.00,523.00,NULL,0,'2024-01-06 17:16:15','2024-01-06 17:16:15','in_stock',0,'Botble\\ACL\\Models\\User',NULL,'physical',NULL,NULL,0),(188,'Iceland 3 Solo Exotic Burst',NULL,NULL,'published','[\"products\\/product-21.jpg\"]','NC-131-A0-A1',0,20,0,1,0,6,1,0,376,323.36,NULL,NULL,16.00,19.00,16.00,523.00,NULL,0,'2024-01-06 17:16:15','2024-01-06 17:16:15','in_stock',0,'Botble\\ACL\\Models\\User',NULL,'physical',NULL,NULL,0),(189,'Iceland 3 Solo Exotic Burst',NULL,NULL,'published','[\"products\\/product-12.jpg\"]','NC-131-A0-A2',0,20,0,1,0,6,1,0,376,323.36,NULL,NULL,16.00,19.00,16.00,523.00,NULL,0,'2024-01-06 17:16:15','2024-01-06 17:16:15','in_stock',0,'Botble\\ACL\\Models\\User',NULL,'physical',NULL,NULL,0),(190,'Iceland 3 Solo Exotic Burst',NULL,NULL,'published','[\"products\\/product-81.jpg\"]','NC-131-A0-A3',0,20,0,1,0,6,1,0,376,330.88,NULL,NULL,16.00,19.00,16.00,523.00,NULL,0,'2024-01-06 17:16:15','2024-01-06 17:16:15','in_stock',0,'Botble\\ACL\\Models\\User',NULL,'physical',NULL,NULL,0),(191,'Extreme Budweiser Light Can',NULL,NULL,'published','[\"products\\/product-94.jpg\"]','NC-130-A0',0,12,0,1,0,6,1,0,444,NULL,NULL,NULL,10.00,14.00,15.00,683.00,NULL,0,'2024-01-06 17:16:15','2024-01-06 17:16:15','in_stock',0,'Botble\\ACL\\Models\\User',NULL,'digital',NULL,NULL,0),(192,'Extreme Budweiser Light Can',NULL,NULL,'published','[\"products\\/product-50.jpg\"]','NC-130-A0-A1',0,12,0,1,0,6,1,0,444,NULL,NULL,NULL,10.00,14.00,15.00,683.00,NULL,0,'2024-01-06 17:16:15','2024-01-06 17:16:15','in_stock',0,'Botble\\ACL\\Models\\User',NULL,'digital',NULL,NULL,0),(193,'Iceland Macaroni Cheese Traybake',NULL,NULL,'published','[\"products\\/product-37.jpg\"]','NC-109-A0',0,14,0,1,0,6,1,0,312,NULL,NULL,NULL,18.00,20.00,18.00,696.00,NULL,0,'2024-01-06 17:16:15','2024-01-06 17:16:15','in_stock',0,'Botble\\ACL\\Models\\User',NULL,'physical',NULL,NULL,0),(194,'Iceland Macaroni Cheese Traybake',NULL,NULL,'published','[\"products\\/product-80.jpg\"]','NC-109-A0-A1',0,14,0,1,0,6,1,0,312,NULL,NULL,NULL,18.00,20.00,18.00,696.00,NULL,0,'2024-01-06 17:16:15','2024-01-06 17:16:15','in_stock',0,'Botble\\ACL\\Models\\User',NULL,'physical',NULL,NULL,0),(195,'Iceland Macaroni Cheese Traybake',NULL,NULL,'published','[\"products\\/product-45.jpg\"]','NC-109-A0-A2',0,14,0,1,0,6,1,0,312,NULL,NULL,NULL,18.00,20.00,18.00,696.00,NULL,0,'2024-01-06 17:16:15','2024-01-06 17:16:15','in_stock',0,'Botble\\ACL\\Models\\User',NULL,'physical',NULL,NULL,0),(196,'Dolmio Bolognese Pasta Sauce',NULL,NULL,'published','[\"products\\/product-75.jpg\"]','NC-128-A0',0,19,0,1,0,6,1,0,489,NULL,NULL,NULL,13.00,10.00,13.00,829.00,NULL,0,'2024-01-06 17:16:15','2024-01-06 17:16:15','in_stock',0,'Botble\\ACL\\Models\\User',NULL,'physical',NULL,NULL,0),(197,'Dolmio Bolognese Pasta Sauce',NULL,NULL,'published','[\"products\\/product-76.jpg\"]','NC-128-A0-A1',0,19,0,1,0,6,1,0,489,NULL,NULL,NULL,13.00,10.00,13.00,829.00,NULL,0,'2024-01-06 17:16:15','2024-01-06 17:16:15','in_stock',0,'Botble\\ACL\\Models\\User',NULL,'physical',NULL,NULL,0),(198,'Dolmio Bolognese Pasta Sauce',NULL,NULL,'published','[\"products\\/product-64.jpg\"]','NC-128-A0-A2',0,19,0,1,0,6,1,0,489,NULL,NULL,NULL,13.00,10.00,13.00,829.00,NULL,0,'2024-01-06 17:16:15','2024-01-06 17:16:15','in_stock',0,'Botble\\ACL\\Models\\User',NULL,'physical',NULL,NULL,0),(199,'Dolmio Bolognese Pasta Sauce',NULL,NULL,'published','[\"products\\/product-37.jpg\"]','NC-128-A0-A3',0,19,0,1,0,6,1,0,489,NULL,NULL,NULL,13.00,10.00,13.00,829.00,NULL,0,'2024-01-06 17:16:15','2024-01-06 17:16:15','in_stock',0,'Botble\\ACL\\Models\\User',NULL,'physical',NULL,NULL,0),(200,'Sitema BakeIT Plastic Box',NULL,NULL,'published','[\"products\\/product-94.jpg\"]','NC-176-A0',0,11,0,1,0,5,1,0,402,353.76,NULL,NULL,11.00,16.00,15.00,501.00,NULL,0,'2024-01-06 17:16:15','2024-01-06 17:16:15','in_stock',0,'Botble\\ACL\\Models\\User',NULL,'physical',NULL,NULL,0),(201,'Sitema BakeIT Plastic Box',NULL,NULL,'published','[\"products\\/product-70.jpg\"]','NC-176-A0-A1',0,11,0,1,0,5,1,0,402,289.44,NULL,NULL,11.00,16.00,15.00,501.00,NULL,0,'2024-01-06 17:16:15','2024-01-06 17:16:15','in_stock',0,'Botble\\ACL\\Models\\User',NULL,'physical',NULL,NULL,0),(202,'Sitema BakeIT Plastic Box',NULL,NULL,'published','[\"products\\/product-55.jpg\"]','NC-176-A0-A2',0,11,0,1,0,5,1,0,402,349.74,NULL,NULL,11.00,16.00,15.00,501.00,NULL,0,'2024-01-06 17:16:15','2024-01-06 17:16:15','in_stock',0,'Botble\\ACL\\Models\\User',NULL,'physical',NULL,NULL,0),(203,'Wayfair Basics Dinner Plate Storage',NULL,NULL,'published','[\"products\\/product-45.jpg\"]','NC-148-A0',0,17,0,1,0,4,1,0,370,NULL,NULL,NULL,20.00,13.00,20.00,866.00,NULL,0,'2024-01-06 17:16:15','2024-01-06 17:16:15','in_stock',0,'Botble\\ACL\\Models\\User',NULL,'digital',NULL,NULL,0),(204,'Wayfair Basics Dinner Plate Storage',NULL,NULL,'published','[\"products\\/product-13.jpg\"]','NC-148-A0-A1',0,17,0,1,0,4,1,0,370,NULL,NULL,NULL,20.00,13.00,20.00,866.00,NULL,0,'2024-01-06 17:16:15','2024-01-06 17:16:15','in_stock',0,'Botble\\ACL\\Models\\User',NULL,'digital',NULL,NULL,0),(205,'Wayfair Basics Dinner Plate Storage',NULL,NULL,'published','[\"products\\/product-42.jpg\"]','NC-148-A0-A2',0,17,0,1,0,4,1,0,370,NULL,NULL,NULL,20.00,13.00,20.00,866.00,NULL,0,'2024-01-06 17:16:15','2024-01-06 17:16:15','in_stock',0,'Botble\\ACL\\Models\\User',NULL,'digital',NULL,NULL,0),(206,'Wayfair Basics Dinner Plate Storage',NULL,NULL,'published','[\"products\\/product-26.jpg\"]','NC-148-A0-A3',0,17,0,1,0,4,1,0,370,NULL,NULL,NULL,20.00,13.00,20.00,866.00,NULL,0,'2024-01-06 17:16:15','2024-01-06 17:16:15','in_stock',0,'Botble\\ACL\\Models\\User',NULL,'digital',NULL,NULL,0),(207,'Wayfair Basics Dinner Plate Storage',NULL,NULL,'published','[\"products\\/product-86.jpg\"]','NC-148-A0-A4',0,17,0,1,0,4,1,0,370,NULL,NULL,NULL,20.00,13.00,20.00,866.00,NULL,0,'2024-01-06 17:16:15','2024-01-06 17:16:15','in_stock',0,'Botble\\ACL\\Models\\User',NULL,'digital',NULL,NULL,0),(208,'Miko The Panda Water Bottle',NULL,NULL,'published','[\"products\\/product-9.jpg\"]','NC-146-A0',0,20,0,1,0,2,1,0,311,NULL,NULL,NULL,15.00,10.00,19.00,601.00,NULL,0,'2024-01-06 17:16:15','2024-01-06 17:16:16','in_stock',0,'Botble\\ACL\\Models\\User',NULL,'physical',NULL,NULL,0),(209,'Miko The Panda Water Bottle',NULL,NULL,'published','[\"products\\/product-80.jpg\"]','NC-146-A0-A1',0,20,0,1,0,2,1,0,311,NULL,NULL,NULL,15.00,10.00,19.00,601.00,NULL,0,'2024-01-06 17:16:16','2024-01-06 17:16:16','in_stock',0,'Botble\\ACL\\Models\\User',NULL,'physical',NULL,NULL,0),(210,'Miko The Panda Water Bottle',NULL,NULL,'published','[\"products\\/product-39.jpg\"]','NC-146-A0-A2',0,20,0,1,0,2,1,0,311,NULL,NULL,NULL,15.00,10.00,19.00,601.00,NULL,0,'2024-01-06 17:16:16','2024-01-06 17:16:16','in_stock',0,'Botble\\ACL\\Models\\User',NULL,'physical',NULL,NULL,0),(211,'Miko The Panda Water Bottle',NULL,NULL,'published','[\"products\\/product-68.jpg\"]','NC-146-A0-A3',0,20,0,1,0,2,1,0,311,NULL,NULL,NULL,15.00,10.00,19.00,601.00,NULL,0,'2024-01-06 17:16:16','2024-01-06 17:16:16','in_stock',0,'Botble\\ACL\\Models\\User',NULL,'physical',NULL,NULL,0),(212,'Sesame Seed Bread',NULL,NULL,'published','[\"products\\/product-49.jpg\"]','NC-158-A0',0,12,0,1,0,6,1,0,202,NULL,NULL,NULL,15.00,18.00,10.00,869.00,NULL,0,'2024-01-06 17:16:16','2024-01-06 17:16:16','in_stock',0,'Botble\\ACL\\Models\\User',NULL,'physical',NULL,NULL,0),(213,'Sesame Seed Bread',NULL,NULL,'published','[\"products\\/product-18.jpg\"]','NC-158-A0-A1',0,12,0,1,0,6,1,0,202,NULL,NULL,NULL,15.00,18.00,10.00,869.00,NULL,0,'2024-01-06 17:16:16','2024-01-06 17:16:16','in_stock',0,'Botble\\ACL\\Models\\User',NULL,'physical',NULL,NULL,0),(214,'Morrisons The Best Beef',NULL,NULL,'published','[\"products\\/product-5.jpg\"]','NC-142-A0',0,20,0,1,0,2,1,0,305,262.3,NULL,NULL,10.00,12.00,13.00,863.00,NULL,0,'2024-01-06 17:16:16','2024-01-06 17:16:16','in_stock',0,'Botble\\ACL\\Models\\User',NULL,'physical',NULL,NULL,0),(215,'Morrisons The Best Beef',NULL,NULL,'published','[\"products\\/product-17.jpg\"]','NC-142-A0-A1',0,20,0,1,0,2,1,0,305,274.5,NULL,NULL,10.00,12.00,13.00,863.00,NULL,0,'2024-01-06 17:16:16','2024-01-06 17:16:16','in_stock',0,'Botble\\ACL\\Models\\User',NULL,'physical',NULL,NULL,0),(216,'Morrisons The Best Beef',NULL,NULL,'published','[\"products\\/product-81.jpg\"]','NC-142-A0-A2',0,20,0,1,0,2,1,0,305,240.95,NULL,NULL,10.00,12.00,13.00,863.00,NULL,0,'2024-01-06 17:16:16','2024-01-06 17:16:16','in_stock',0,'Botble\\ACL\\Models\\User',NULL,'physical',NULL,NULL,0),(217,'Avocado, Hass Large',NULL,NULL,'published','[\"products\\/product-69.jpg\"]','NC-128-A0',0,15,0,1,0,1,1,0,305,NULL,NULL,NULL,11.00,10.00,16.00,844.00,NULL,0,'2024-01-06 17:16:16','2024-01-06 17:16:16','in_stock',0,'Botble\\ACL\\Models\\User',NULL,'digital',NULL,NULL,0),(218,'Avocado, Hass Large',NULL,NULL,'published','[\"products\\/product-21.jpg\"]','NC-128-A0-A1',0,15,0,1,0,1,1,0,305,NULL,NULL,NULL,11.00,10.00,16.00,844.00,NULL,0,'2024-01-06 17:16:16','2024-01-06 17:16:16','in_stock',0,'Botble\\ACL\\Models\\User',NULL,'digital',NULL,NULL,0),(219,'Avocado, Hass Large',NULL,NULL,'published','[\"products\\/product-25.jpg\"]','NC-128-A0-A2',0,15,0,1,0,1,1,0,305,NULL,NULL,NULL,11.00,10.00,16.00,844.00,NULL,0,'2024-01-06 17:16:16','2024-01-06 17:16:16','in_stock',0,'Botble\\ACL\\Models\\User',NULL,'digital',NULL,NULL,0),(220,'Avocado, Hass Large',NULL,NULL,'published','[\"products\\/product-16.jpg\"]','NC-128-A0-A3',0,15,0,1,0,1,1,0,305,NULL,NULL,NULL,11.00,10.00,16.00,844.00,NULL,0,'2024-01-06 17:16:16','2024-01-06 17:16:16','in_stock',0,'Botble\\ACL\\Models\\User',NULL,'digital',NULL,NULL,0),(221,'Italia Beef Lasagne',NULL,NULL,'published','[\"products\\/product-45.jpg\"]','NC-187-A0',0,17,0,1,0,5,1,0,202,NULL,NULL,NULL,19.00,13.00,19.00,691.00,NULL,0,'2024-01-06 17:16:16','2024-01-06 17:16:16','in_stock',0,'Botble\\ACL\\Models\\User',NULL,'physical',NULL,NULL,0),(222,'Italia Beef Lasagne',NULL,NULL,'published','[\"products\\/product-92.jpg\"]','NC-187-A0-A1',0,17,0,1,0,5,1,0,202,NULL,NULL,NULL,19.00,13.00,19.00,691.00,NULL,0,'2024-01-06 17:16:16','2024-01-06 17:16:16','in_stock',0,'Botble\\ACL\\Models\\User',NULL,'physical',NULL,NULL,0),(223,'Italia Beef Lasagne',NULL,NULL,'published','[\"products\\/product-69.jpg\"]','NC-187-A0-A2',0,17,0,1,0,5,1,0,202,NULL,NULL,NULL,19.00,13.00,19.00,691.00,NULL,0,'2024-01-06 17:16:16','2024-01-06 17:16:16','in_stock',0,'Botble\\ACL\\Models\\User',NULL,'physical',NULL,NULL,0),(224,'Maxwell House Classic Roast Mocha',NULL,NULL,'published','[\"products\\/product-29.jpg\"]','NC-193-A0',0,13,0,1,0,7,1,0,204,NULL,NULL,NULL,17.00,15.00,13.00,623.00,NULL,0,'2024-01-06 17:16:16','2024-01-06 17:16:16','in_stock',0,'Botble\\ACL\\Models\\User',NULL,'physical',NULL,NULL,0),(225,'Maxwell House Classic Roast Mocha',NULL,NULL,'published','[\"products\\/product-71.jpg\"]','NC-193-A0-A1',0,13,0,1,0,7,1,0,204,NULL,NULL,NULL,17.00,15.00,13.00,623.00,NULL,0,'2024-01-06 17:16:16','2024-01-06 17:16:16','in_stock',0,'Botble\\ACL\\Models\\User',NULL,'physical',NULL,NULL,0),(226,'Maxwell House Classic Roast Mocha',NULL,NULL,'published','[\"products\\/product-21.jpg\"]','NC-193-A0-A2',0,13,0,1,0,7,1,0,204,NULL,NULL,NULL,17.00,15.00,13.00,623.00,NULL,0,'2024-01-06 17:16:16','2024-01-06 17:16:16','in_stock',0,'Botble\\ACL\\Models\\User',NULL,'physical',NULL,NULL,0),(227,'Maxwell House Classic Roast Mocha',NULL,NULL,'published','[\"products\\/product-35.jpg\"]','NC-193-A0-A3',0,13,0,1,0,7,1,0,204,NULL,NULL,NULL,17.00,15.00,13.00,623.00,NULL,0,'2024-01-06 17:16:16','2024-01-06 17:16:16','in_stock',0,'Botble\\ACL\\Models\\User',NULL,'physical',NULL,NULL,0),(228,'Bottled Pure Water 500ml',NULL,NULL,'published','[\"products\\/product-75.jpg\"]','NC-149-A0',0,11,0,1,0,6,1,0,393,353.7,NULL,NULL,14.00,15.00,14.00,759.00,NULL,0,'2024-01-06 17:16:16','2024-01-06 17:16:16','in_stock',0,'Botble\\ACL\\Models\\User',NULL,'physical',NULL,NULL,0),(229,'Bottled Pure Water 500ml',NULL,NULL,'published','[\"products\\/product-73.jpg\"]','NC-149-A0-A1',0,11,0,1,0,6,1,0,393,306.54,NULL,NULL,14.00,15.00,14.00,759.00,NULL,0,'2024-01-06 17:16:16','2024-01-06 17:16:16','in_stock',0,'Botble\\ACL\\Models\\User',NULL,'physical',NULL,NULL,0),(230,'Famart Farmhouse Soft White',NULL,NULL,'published','[\"products\\/product-71.jpg\"]','NC-170-A0',0,17,0,1,0,5,1,0,360,NULL,NULL,NULL,15.00,19.00,15.00,693.00,NULL,0,'2024-01-06 17:16:16','2024-01-06 17:16:16','in_stock',0,'Botble\\ACL\\Models\\User',NULL,'digital',NULL,NULL,0),(231,'Famart Farmhouse Soft White',NULL,NULL,'published','[\"products\\/product-60.jpg\"]','NC-170-A0-A1',0,17,0,1,0,5,1,0,360,NULL,NULL,NULL,15.00,19.00,15.00,693.00,NULL,0,'2024-01-06 17:16:16','2024-01-06 17:16:16','in_stock',0,'Botble\\ACL\\Models\\User',NULL,'digital',NULL,NULL,0),(232,'Famart Farmhouse Soft White',NULL,NULL,'published','[\"products\\/product-59.jpg\"]','NC-170-A0-A2',0,17,0,1,0,5,1,0,360,NULL,NULL,NULL,15.00,19.00,15.00,693.00,NULL,0,'2024-01-06 17:16:16','2024-01-06 17:16:16','in_stock',0,'Botble\\ACL\\Models\\User',NULL,'digital',NULL,NULL,0),(233,'Famart Farmhouse Soft White',NULL,NULL,'published','[\"products\\/product-24.jpg\"]','NC-170-A0-A3',0,17,0,1,0,5,1,0,360,NULL,NULL,NULL,15.00,19.00,15.00,693.00,NULL,0,'2024-01-06 17:16:16','2024-01-06 17:16:16','in_stock',0,'Botble\\ACL\\Models\\User',NULL,'digital',NULL,NULL,0),(234,'Famart Farmhouse Soft White',NULL,NULL,'published','[\"products\\/product-95.jpg\"]','NC-170-A0-A4',0,17,0,1,0,5,1,0,360,NULL,NULL,NULL,15.00,19.00,15.00,693.00,NULL,0,'2024-01-06 17:16:16','2024-01-06 17:16:16','in_stock',0,'Botble\\ACL\\Models\\User',NULL,'digital',NULL,NULL,0),(235,'Coca-Cola Original Taste',NULL,NULL,'published','[\"products\\/product-41.jpg\"]','NC-189-A0',0,16,0,1,0,2,1,0,335,NULL,NULL,NULL,19.00,11.00,14.00,826.00,NULL,0,'2024-01-06 17:16:16','2024-01-06 17:16:16','in_stock',0,'Botble\\ACL\\Models\\User',NULL,'physical',NULL,NULL,0),(236,'Coca-Cola Original Taste',NULL,NULL,'published','[\"products\\/product-26.jpg\"]','NC-189-A0-A1',0,16,0,1,0,2,1,0,335,NULL,NULL,NULL,19.00,11.00,14.00,826.00,NULL,0,'2024-01-06 17:16:16','2024-01-06 17:16:16','in_stock',0,'Botble\\ACL\\Models\\User',NULL,'physical',NULL,NULL,0),(237,'Coca-Cola Original Taste',NULL,NULL,'published','[\"products\\/product-23.jpg\"]','NC-189-A0-A2',0,16,0,1,0,2,1,0,335,NULL,NULL,NULL,19.00,11.00,14.00,826.00,NULL,0,'2024-01-06 17:16:16','2024-01-06 17:16:16','in_stock',0,'Botble\\ACL\\Models\\User',NULL,'physical',NULL,NULL,0),(238,'Coca-Cola Original Taste',NULL,NULL,'published','[\"products\\/product-34.jpg\"]','NC-189-A0-A3',0,16,0,1,0,2,1,0,335,NULL,NULL,NULL,19.00,11.00,14.00,826.00,NULL,0,'2024-01-06 17:16:16','2024-01-06 17:16:16','in_stock',0,'Botble\\ACL\\Models\\User',NULL,'physical',NULL,NULL,0),(239,'Casillero Diablo Cabernet Sauvignon',NULL,NULL,'published','[\"products\\/product-75.jpg\"]','NC-147-A0',0,15,0,1,0,7,1,0,383,NULL,NULL,NULL,13.00,14.00,18.00,545.00,NULL,0,'2024-01-06 17:16:16','2024-01-06 17:16:16','in_stock',0,'Botble\\ACL\\Models\\User',NULL,'physical',NULL,NULL,0),(240,'Arla Organic Free Range Milk',NULL,NULL,'published','[\"products\\/product-85.jpg\"]','NC-146-A0',0,16,0,1,0,4,1,0,244,207.4,NULL,NULL,20.00,17.00,13.00,794.00,NULL,0,'2024-01-06 17:16:16','2024-01-06 17:16:16','in_stock',0,'Botble\\ACL\\Models\\User',NULL,'physical',NULL,NULL,0),(241,'Arla Organic Free Range Milk',NULL,NULL,'published','[\"products\\/product-18.jpg\"]','NC-146-A0-A1',0,16,0,1,0,4,1,0,244,197.64,NULL,NULL,20.00,17.00,13.00,794.00,NULL,0,'2024-01-06 17:16:16','2024-01-06 17:16:16','in_stock',0,'Botble\\ACL\\Models\\User',NULL,'physical',NULL,NULL,0),(242,'Arla Organic Free Range Milk',NULL,NULL,'published','[\"products\\/product-34.jpg\"]','NC-146-A0-A2',0,16,0,1,0,4,1,0,244,219.6,NULL,NULL,20.00,17.00,13.00,794.00,NULL,0,'2024-01-06 17:16:16','2024-01-06 17:16:16','in_stock',0,'Botble\\ACL\\Models\\User',NULL,'physical',NULL,NULL,0),(243,'Aptamil Follow On Baby Milk',NULL,NULL,'published','[\"products\\/product-29.jpg\"]','NC-136-A0',0,18,0,1,0,5,1,0,476,NULL,NULL,NULL,17.00,13.00,16.00,740.00,NULL,0,'2024-01-06 17:16:16','2024-01-06 17:16:16','in_stock',0,'Botble\\ACL\\Models\\User',NULL,'digital',NULL,NULL,0),(244,'Aptamil Follow On Baby Milk',NULL,NULL,'published','[\"products\\/product-19.jpg\"]','NC-136-A0-A1',0,18,0,1,0,5,1,0,476,NULL,NULL,NULL,17.00,13.00,16.00,740.00,NULL,0,'2024-01-06 17:16:16','2024-01-06 17:16:16','in_stock',0,'Botble\\ACL\\Models\\User',NULL,'digital',NULL,NULL,0),(245,'Cuisinart Chef’S Classic Hard-Anodized',NULL,NULL,'published','[\"products\\/product-63.jpg\"]','NC-122-A0',0,20,0,1,0,2,1,0,313,NULL,NULL,NULL,17.00,14.00,19.00,873.00,NULL,0,'2024-01-06 17:16:16','2024-01-06 17:16:16','in_stock',0,'Botble\\ACL\\Models\\User',NULL,'physical',NULL,NULL,0),(246,'Corn, Yellow Sweet',NULL,NULL,'published','[\"products\\/product-34.jpg\"]','NC-149-A0',0,13,0,1,0,4,1,0,460,NULL,NULL,NULL,17.00,11.00,12.00,566.00,NULL,0,'2024-01-06 17:16:16','2024-01-06 17:16:16','in_stock',0,'Botble\\ACL\\Models\\User',NULL,'physical',NULL,NULL,0),(247,'Corn, Yellow Sweet',NULL,NULL,'published','[\"products\\/product-29.jpg\"]','NC-149-A0-A1',0,13,0,1,0,4,1,0,460,NULL,NULL,NULL,17.00,11.00,12.00,566.00,NULL,0,'2024-01-06 17:16:16','2024-01-06 17:16:16','in_stock',0,'Botble\\ACL\\Models\\User',NULL,'physical',NULL,NULL,0),(248,'Corn, Yellow Sweet',NULL,NULL,'published','[\"products\\/product-79.jpg\"]','NC-149-A0-A2',0,13,0,1,0,4,1,0,460,NULL,NULL,NULL,17.00,11.00,12.00,566.00,NULL,0,'2024-01-06 17:16:16','2024-01-06 17:16:16','in_stock',0,'Botble\\ACL\\Models\\User',NULL,'physical',NULL,NULL,0),(249,'Corn, Yellow Sweet',NULL,NULL,'published','[\"products\\/product-30.jpg\"]','NC-149-A0-A3',0,13,0,1,0,4,1,0,460,NULL,NULL,NULL,17.00,11.00,12.00,566.00,NULL,0,'2024-01-06 17:16:16','2024-01-06 17:16:16','in_stock',0,'Botble\\ACL\\Models\\User',NULL,'physical',NULL,NULL,0),(250,'Corn, Yellow Sweet',NULL,NULL,'published','[\"products\\/product-16.jpg\"]','NC-149-A0-A4',0,13,0,1,0,4,1,0,460,NULL,NULL,NULL,17.00,11.00,12.00,566.00,NULL,0,'2024-01-06 17:16:16','2024-01-06 17:16:16','in_stock',0,'Botble\\ACL\\Models\\User',NULL,'physical',NULL,NULL,0),(251,'Hobnobs The Nobbly Biscuit',NULL,NULL,'published','[\"products\\/product-24.jpg\"]','NC-134-A0',0,18,0,1,0,6,1,0,320,288,NULL,NULL,13.00,17.00,15.00,625.00,NULL,0,'2024-01-06 17:16:16','2024-01-06 17:16:16','in_stock',0,'Botble\\ACL\\Models\\User',NULL,'physical',NULL,NULL,0),(252,'Hobnobs The Nobbly Biscuit',NULL,NULL,'published','[\"products\\/product-64.jpg\"]','NC-134-A0-A1',0,18,0,1,0,6,1,0,320,268.8,NULL,NULL,13.00,17.00,15.00,625.00,NULL,0,'2024-01-06 17:16:16','2024-01-06 17:16:16','in_stock',0,'Botble\\ACL\\Models\\User',NULL,'physical',NULL,NULL,0),(253,'Honest Organic Still Lemonade',NULL,NULL,'published','[\"products\\/product-54.jpg\"]','NC-183-A0',0,13,0,1,0,1,1,0,323,NULL,NULL,NULL,15.00,12.00,12.00,728.00,NULL,0,'2024-01-06 17:16:16','2024-01-06 17:16:16','in_stock',0,'Botble\\ACL\\Models\\User',NULL,'digital',NULL,NULL,0),(254,'Honest Organic Still Lemonade',NULL,NULL,'published','[\"products\\/product-82.jpg\"]','NC-183-A0-A1',0,13,0,1,0,1,1,0,323,NULL,NULL,NULL,15.00,12.00,12.00,728.00,NULL,0,'2024-01-06 17:16:16','2024-01-06 17:16:16','in_stock',0,'Botble\\ACL\\Models\\User',NULL,'digital',NULL,NULL,0),(255,'Honest Organic Still Lemonade',NULL,NULL,'published','[\"products\\/product-26.jpg\"]','NC-183-A0-A2',0,13,0,1,0,1,1,0,323,NULL,NULL,NULL,15.00,12.00,12.00,728.00,NULL,0,'2024-01-06 17:16:16','2024-01-06 17:16:16','in_stock',0,'Botble\\ACL\\Models\\User',NULL,'digital',NULL,NULL,0),(256,'Ice Beck’s Beer 350ml x 24 Pieces',NULL,NULL,'published','[\"products\\/product-52.jpg\"]','NC-117-A0',0,19,0,1,0,5,1,0,201,NULL,NULL,NULL,11.00,15.00,15.00,776.00,NULL,0,'2024-01-06 17:16:16','2024-01-06 17:16:16','in_stock',0,'Botble\\ACL\\Models\\User',NULL,'physical',NULL,NULL,0),(257,'Ice Beck’s Beer 350ml x 24 Pieces',NULL,NULL,'published','[\"products\\/product-43.jpg\"]','NC-117-A0-A1',0,19,0,1,0,5,1,0,201,NULL,NULL,NULL,11.00,15.00,15.00,776.00,NULL,0,'2024-01-06 17:16:16','2024-01-06 17:16:16','in_stock',0,'Botble\\ACL\\Models\\User',NULL,'physical',NULL,NULL,0),(258,'Ice Beck’s Beer 350ml x 24 Pieces',NULL,NULL,'published','[\"products\\/product-30.jpg\"]','NC-117-A0-A2',0,19,0,1,0,5,1,0,201,NULL,NULL,NULL,11.00,15.00,15.00,776.00,NULL,0,'2024-01-06 17:16:16','2024-01-06 17:16:16','in_stock',0,'Botble\\ACL\\Models\\User',NULL,'physical',NULL,NULL,0),(259,'Ice Beck’s Beer 350ml x 24 Pieces',NULL,NULL,'published','[\"products\\/product-18.jpg\"]','NC-117-A0-A3',0,19,0,1,0,5,1,0,201,NULL,NULL,NULL,11.00,15.00,15.00,776.00,NULL,0,'2024-01-06 17:16:16','2024-01-06 17:16:16','in_stock',0,'Botble\\ACL\\Models\\User',NULL,'physical',NULL,NULL,0),(260,'Iceland 6 Hot Cross Buns',NULL,NULL,'published','[\"products\\/product-46.jpg\"]','NC-139-A0',0,11,0,1,0,2,1,0,319,NULL,NULL,NULL,12.00,14.00,12.00,897.00,NULL,0,'2024-01-06 17:16:16','2024-01-06 17:16:16','in_stock',0,'Botble\\ACL\\Models\\User',NULL,'physical',NULL,NULL,0),(261,'Iceland Luxury 4 Panini Rolls',NULL,NULL,'published','[\"products\\/product-68.jpg\"]','NC-137-A0',0,14,0,1,0,3,1,0,443,385.41,NULL,NULL,10.00,20.00,19.00,529.00,NULL,0,'2024-01-06 17:16:16','2024-01-06 17:16:16','in_stock',0,'Botble\\ACL\\Models\\User',NULL,'physical',NULL,NULL,0),(262,'Iceland Luxury 4 Panini Rolls',NULL,NULL,'published','[\"products\\/product-63.jpg\"]','NC-137-A0-A1',0,14,0,1,0,3,1,0,443,389.84,NULL,NULL,10.00,20.00,19.00,529.00,NULL,0,'2024-01-06 17:16:16','2024-01-06 17:16:16','in_stock',0,'Botble\\ACL\\Models\\User',NULL,'physical',NULL,NULL,0),(263,'Iceland Luxury 4 Panini Rolls',NULL,NULL,'published','[\"products\\/product-12.jpg\"]','NC-137-A0-A2',0,14,0,1,0,3,1,0,443,354.4,NULL,NULL,10.00,20.00,19.00,529.00,NULL,0,'2024-01-06 17:16:16','2024-01-06 17:16:16','in_stock',0,'Botble\\ACL\\Models\\User',NULL,'physical',NULL,NULL,0),(264,'Iceland Soft Scoop Vanilla',NULL,NULL,'published','[\"products\\/product-73.jpg\"]','NC-133-A0',0,17,0,1,0,5,1,0,362,NULL,NULL,NULL,19.00,12.00,17.00,612.00,NULL,0,'2024-01-06 17:16:16','2024-01-06 17:16:16','in_stock',0,'Botble\\ACL\\Models\\User',NULL,'digital',NULL,NULL,0),(265,'Iceland Soft Scoop Vanilla',NULL,NULL,'published','[\"products\\/product-71.jpg\"]','NC-133-A0-A1',0,17,0,1,0,5,1,0,362,NULL,NULL,NULL,19.00,12.00,17.00,612.00,NULL,0,'2024-01-06 17:16:16','2024-01-06 17:16:16','in_stock',0,'Botble\\ACL\\Models\\User',NULL,'digital',NULL,NULL,0),(266,'Iceland Soft Scoop Vanilla',NULL,NULL,'published','[\"products\\/product-2.jpg\"]','NC-133-A0-A2',0,17,0,1,0,5,1,0,362,NULL,NULL,NULL,19.00,12.00,17.00,612.00,NULL,0,'2024-01-06 17:16:16','2024-01-06 17:16:16','in_stock',0,'Botble\\ACL\\Models\\User',NULL,'digital',NULL,NULL,0),(267,'Iceland Spaghetti Bolognese',NULL,NULL,'published','[\"products\\/product-33.jpg\"]','NC-166-A0',0,16,0,1,0,4,1,0,272,NULL,NULL,NULL,18.00,18.00,13.00,862.00,NULL,0,'2024-01-06 17:16:16','2024-01-06 17:16:16','in_stock',0,'Botble\\ACL\\Models\\User',NULL,'physical',NULL,NULL,0),(268,'Iceland Spaghetti Bolognese',NULL,NULL,'published','[\"products\\/product-23.jpg\"]','NC-166-A0-A1',0,16,0,1,0,4,1,0,272,NULL,NULL,NULL,18.00,18.00,13.00,862.00,NULL,0,'2024-01-06 17:16:16','2024-01-06 17:16:16','in_stock',0,'Botble\\ACL\\Models\\User',NULL,'physical',NULL,NULL,0),(269,'Kellogg’s Coco Pops Cereal',NULL,NULL,'published','[\"products\\/product-55.jpg\"]','NC-200-A0',0,10,0,1,0,3,1,0,253,NULL,NULL,NULL,10.00,17.00,11.00,597.00,NULL,0,'2024-01-06 17:16:16','2024-01-06 17:16:16','in_stock',0,'Botble\\ACL\\Models\\User',NULL,'physical',NULL,NULL,0),(270,'Kellogg’s Coco Pops Cereal',NULL,NULL,'published','[\"products\\/product-34.jpg\"]','NC-200-A0-A1',0,10,0,1,0,3,1,0,253,NULL,NULL,NULL,10.00,17.00,11.00,597.00,NULL,0,'2024-01-06 17:16:16','2024-01-06 17:16:16','in_stock',0,'Botble\\ACL\\Models\\User',NULL,'physical',NULL,NULL,0),(271,'Kellogg’s Coco Pops Cereal',NULL,NULL,'published','[\"products\\/product-13.jpg\"]','NC-200-A0-A2',0,10,0,1,0,3,1,0,253,NULL,NULL,NULL,10.00,17.00,11.00,597.00,NULL,0,'2024-01-06 17:16:16','2024-01-06 17:16:16','in_stock',0,'Botble\\ACL\\Models\\User',NULL,'physical',NULL,NULL,0),(272,'Kellogg’s Coco Pops Cereal',NULL,NULL,'published','[\"products\\/product-6.jpg\"]','NC-200-A0-A3',0,10,0,1,0,3,1,0,253,NULL,NULL,NULL,10.00,17.00,11.00,597.00,NULL,0,'2024-01-06 17:16:16','2024-01-06 17:16:16','in_stock',0,'Botble\\ACL\\Models\\User',NULL,'physical',NULL,NULL,0),(273,'Kit Kat Chunky Milk Chocolate',NULL,NULL,'published','[\"products\\/product-91.jpg\"]','NC-119-A0',0,16,0,1,0,6,1,0,265,219.95,NULL,NULL,20.00,20.00,15.00,537.00,NULL,0,'2024-01-06 17:16:17','2024-01-06 17:16:17','in_stock',0,'Botble\\ACL\\Models\\User',NULL,'physical',NULL,NULL,0),(274,'Kit Kat Chunky Milk Chocolate',NULL,NULL,'published','[\"products\\/product-34.jpg\"]','NC-119-A0-A1',0,16,0,1,0,6,1,0,265,217.3,NULL,NULL,20.00,20.00,15.00,537.00,NULL,0,'2024-01-06 17:16:17','2024-01-06 17:16:17','in_stock',0,'Botble\\ACL\\Models\\User',NULL,'physical',NULL,NULL,0),(275,'Large Green Bell Pepper',NULL,NULL,'published','[\"products\\/product-43.jpg\"]','NC-100-A0',0,15,0,1,0,3,1,0,284,NULL,NULL,NULL,13.00,13.00,13.00,671.00,NULL,0,'2024-01-06 17:16:17','2024-01-06 17:16:17','in_stock',0,'Botble\\ACL\\Models\\User',NULL,'digital',NULL,NULL,0),(276,'Large Green Bell Pepper',NULL,NULL,'published','[\"products\\/product-56.jpg\"]','NC-100-A0-A1',0,15,0,1,0,3,1,0,284,NULL,NULL,NULL,13.00,13.00,13.00,671.00,NULL,0,'2024-01-06 17:16:17','2024-01-06 17:16:17','in_stock',0,'Botble\\ACL\\Models\\User',NULL,'digital',NULL,NULL,0),(277,'Large Green Bell Pepper',NULL,NULL,'published','[\"products\\/product-95.jpg\"]','NC-100-A0-A2',0,15,0,1,0,3,1,0,284,NULL,NULL,NULL,13.00,13.00,13.00,671.00,NULL,0,'2024-01-06 17:16:17','2024-01-06 17:16:17','in_stock',0,'Botble\\ACL\\Models\\User',NULL,'digital',NULL,NULL,0),(278,'Large Green Bell Pepper',NULL,NULL,'published','[\"products\\/product-22.jpg\"]','NC-100-A0-A3',0,15,0,1,0,3,1,0,284,NULL,NULL,NULL,13.00,13.00,13.00,671.00,NULL,0,'2024-01-06 17:16:17','2024-01-06 17:16:17','in_stock',0,'Botble\\ACL\\Models\\User',NULL,'digital',NULL,NULL,0),(279,'Large Green Bell Pepper',NULL,NULL,'published','[\"products\\/product-80.jpg\"]','NC-100-A0-A4',0,15,0,1,0,3,1,0,284,NULL,NULL,NULL,13.00,13.00,13.00,671.00,NULL,0,'2024-01-06 17:16:17','2024-01-06 17:16:17','in_stock',0,'Botble\\ACL\\Models\\User',NULL,'digital',NULL,NULL,0),(280,'Pice 94w Beasley Journal',NULL,NULL,'published','[\"products\\/product-70.jpg\"]','NC-125-A0',0,18,0,1,0,5,1,0,277,NULL,NULL,NULL,13.00,18.00,18.00,554.00,NULL,0,'2024-01-06 17:16:17','2024-01-06 17:16:17','in_stock',0,'Botble\\ACL\\Models\\User',NULL,'physical',NULL,NULL,0),(281,'Pice 94w Beasley Journal',NULL,NULL,'published','[\"products\\/product-49.jpg\"]','NC-125-A0-A1',0,18,0,1,0,5,1,0,277,NULL,NULL,NULL,13.00,18.00,18.00,554.00,NULL,0,'2024-01-06 17:16:17','2024-01-06 17:16:17','in_stock',0,'Botble\\ACL\\Models\\User',NULL,'physical',NULL,NULL,0),(282,'Pice 94w Beasley Journal',NULL,NULL,'published','[\"products\\/product-36.jpg\"]','NC-125-A0-A2',0,18,0,1,0,5,1,0,277,NULL,NULL,NULL,13.00,18.00,18.00,554.00,NULL,0,'2024-01-06 17:16:17','2024-01-06 17:16:17','in_stock',0,'Botble\\ACL\\Models\\User',NULL,'physical',NULL,NULL,0),(283,'Province Piece Glass Drinking Glass',NULL,NULL,'published','[\"products\\/product-80.jpg\"]','NC-197-A0',0,11,0,1,0,5,1,0,254,NULL,NULL,NULL,18.00,14.00,16.00,662.00,NULL,0,'2024-01-06 17:16:17','2024-01-06 17:16:17','in_stock',0,'Botble\\ACL\\Models\\User',NULL,'physical',NULL,NULL,0),(284,'Province Piece Glass Drinking Glass',NULL,NULL,'published','[\"products\\/product-51.jpg\"]','NC-197-A0-A1',0,11,0,1,0,5,1,0,254,NULL,NULL,NULL,18.00,14.00,16.00,662.00,NULL,0,'2024-01-06 17:16:17','2024-01-06 17:16:17','in_stock',0,'Botble\\ACL\\Models\\User',NULL,'physical',NULL,NULL,0),(285,'Province Piece Glass Drinking Glass',NULL,NULL,'published','[\"products\\/product-72.jpg\"]','NC-197-A0-A2',0,11,0,1,0,5,1,0,254,NULL,NULL,NULL,18.00,14.00,16.00,662.00,NULL,0,'2024-01-06 17:16:17','2024-01-06 17:16:17','in_stock',0,'Botble\\ACL\\Models\\User',NULL,'physical',NULL,NULL,0);
/*!40000 ALTER TABLE `ec_products` ENABLE KEYS */;
UNLOCK TABLES;

--
-- Table structure for table `ec_products_translations`
--

DROP TABLE IF EXISTS `ec_products_translations`;
/*!40101 SET @saved_cs_client     = @@character_set_client */;
/*!50503 SET character_set_client = utf8mb4 */;
CREATE TABLE `ec_products_translations` (
  `lang_code` varchar(191) COLLATE utf8mb4_unicode_ci NOT NULL,
  `ec_products_id` bigint unsigned NOT NULL,
  `name` varchar(191) COLLATE utf8mb4_unicode_ci DEFAULT NULL,
  `description` text COLLATE utf8mb4_unicode_ci,
  `content` text COLLATE utf8mb4_unicode_ci,
  PRIMARY KEY (`lang_code`,`ec_products_id`)
) ENGINE=InnoDB DEFAULT CHARSET=utf8mb4 COLLATE=utf8mb4_unicode_ci;
/*!40101 SET character_set_client = @saved_cs_client */;

--
-- Dumping data for table `ec_products_translations`
--

LOCK TABLES `ec_products_translations` WRITE;
/*!40000 ALTER TABLE `ec_products_translations` DISABLE KEYS */;
/*!40000 ALTER TABLE `ec_products_translations` ENABLE KEYS */;
UNLOCK TABLES;

--
-- Table structure for table `ec_review_replies`
--

DROP TABLE IF EXISTS `ec_review_replies`;
/*!40101 SET @saved_cs_client     = @@character_set_client */;
/*!50503 SET character_set_client = utf8mb4 */;
CREATE TABLE `ec_review_replies` (
  `id` bigint unsigned NOT NULL AUTO_INCREMENT,
  `user_id` bigint unsigned NOT NULL,
  `review_id` bigint unsigned NOT NULL,
  `message` text COLLATE utf8mb4_unicode_ci NOT NULL,
  `created_at` timestamp NULL DEFAULT NULL,
  `updated_at` timestamp NULL DEFAULT NULL,
  PRIMARY KEY (`id`),
  UNIQUE KEY `ec_review_replies_review_id_user_id_unique` (`review_id`,`user_id`)
) ENGINE=InnoDB DEFAULT CHARSET=utf8mb4 COLLATE=utf8mb4_unicode_ci;
/*!40101 SET character_set_client = @saved_cs_client */;

--
-- Dumping data for table `ec_review_replies`
--

LOCK TABLES `ec_review_replies` WRITE;
/*!40000 ALTER TABLE `ec_review_replies` DISABLE KEYS */;
/*!40000 ALTER TABLE `ec_review_replies` ENABLE KEYS */;
UNLOCK TABLES;

--
-- Table structure for table `ec_reviews`
--

DROP TABLE IF EXISTS `ec_reviews`;
/*!40101 SET @saved_cs_client     = @@character_set_client */;
/*!50503 SET character_set_client = utf8mb4 */;
CREATE TABLE `ec_reviews` (
  `id` bigint unsigned NOT NULL AUTO_INCREMENT,
  `customer_id` bigint unsigned NOT NULL,
  `product_id` bigint unsigned NOT NULL,
  `star` double(8,2) NOT NULL,
  `comment` text COLLATE utf8mb4_unicode_ci NOT NULL,
  `status` varchar(60) COLLATE utf8mb4_unicode_ci NOT NULL DEFAULT 'published',
  `created_at` timestamp NULL DEFAULT NULL,
  `updated_at` timestamp NULL DEFAULT NULL,
  `images` text COLLATE utf8mb4_unicode_ci,
  PRIMARY KEY (`id`),
  UNIQUE KEY `ec_reviews_product_id_customer_id_unique` (`product_id`,`customer_id`),
  KEY `ec_reviews_product_id_customer_id_status_created_at_index` (`product_id`,`customer_id`,`status`,`created_at`),
  KEY `review_relation_index` (`product_id`,`customer_id`,`status`)
) ENGINE=InnoDB AUTO_INCREMENT=1001 DEFAULT CHARSET=utf8mb4 COLLATE=utf8mb4_unicode_ci;
/*!40101 SET character_set_client = @saved_cs_client */;

--
-- Dumping data for table `ec_reviews`
--

LOCK TABLES `ec_reviews` WRITE;
/*!40000 ALTER TABLE `ec_reviews` DISABLE KEYS */;
INSERT INTO `ec_reviews` VALUES (1,3,64,5.00,'For me the best eCommerce script on Envato at this moment: modern, clean code, a lot of great features. The customer support is great too: I always get an answer within hours!','published','2024-01-06 17:16:20','2024-01-06 17:16:20','[\"products\\/product-77.jpg\",\"products\\/product-95.jpg\"]'),(2,4,49,1.00,'Solution is too robust for our purpose so we didn\'t use it at the end. But I appreciate customer support during initial configuration.','published','2024-01-06 17:16:20','2024-01-06 17:16:20','[\"products\\/product-1.jpg\",\"products\\/product-49.jpg\"]'),(3,2,65,3.00,'Ok good product. I have some issues in customizations. But its not correct to blame the developer. The product is good. Good luck for your business.','published','2024-01-06 17:16:20','2024-01-06 17:16:20','[\"products\\/product-4.jpg\",\"products\\/product-25.jpg\",\"products\\/product-59.jpg\"]'),(4,2,35,3.00,'The best ecommerce CMS! Excellent coding! best support service! Thank you so much..... I really like your hard work.','published','2024-01-06 17:16:20','2024-01-06 17:16:20','[\"products\\/product-3.jpg\",\"products\\/product-9.jpg\",\"products\\/product-80.jpg\"]'),(5,6,2,1.00,'Best ecommerce CMS online store!','published','2024-01-06 17:16:20','2024-01-06 17:16:20','[\"products\\/product-1.jpg\",\"products\\/product-41.jpg\",\"products\\/product-65.jpg\",\"products\\/product-84.jpg\"]'),(6,10,5,1.00,'Ok good product. I have some issues in customizations. But its not correct to blame the developer. The product is good. Good luck for your business.','published','2024-01-06 17:16:20','2024-01-06 17:16:20','[\"products\\/product-20.jpg\",\"products\\/product-28.jpg\",\"products\\/product-70.jpg\",\"products\\/product-73.jpg\"]'),(7,7,63,4.00,'Those guys now what they are doing, the release such a good product that it\'s a pleasure to work with ! Even when I was stuck on the project, I created a ticket and the next day it was replied by the team. GOOD JOB guys. I love working with them :)','published','2024-01-06 17:16:20','2024-01-06 17:16:20','[\"products\\/product-43.jpg\",\"products\\/product-80.jpg\"]'),(8,6,53,4.00,'Amazing code, amazing support. Overall, im really confident in Botble and im happy I made the right choice! Thank you so much guys for coding this masterpiece','published','2024-01-06 17:16:20','2024-01-06 17:16:20','[\"products\\/product-65.jpg\"]'),(9,9,14,1.00,'Amazing code, amazing support. Overall, im really confident in Botble and im happy I made the right choice! Thank you so much guys for coding this masterpiece','published','2024-01-06 17:16:20','2024-01-06 17:16:20','[\"products\\/product-6.jpg\",\"products\\/product-69.jpg\"]'),(10,5,42,3.00,'The best store template! Excellent coding! Very good support! Thank you so much for all the help, I really appreciated.','published','2024-01-06 17:16:20','2024-01-06 17:16:20','[\"products\\/product-6.jpg\",\"products\\/product-41.jpg\",\"products\\/product-46.jpg\"]'),(11,9,34,4.00,'The code is good, in general, if you like it, can you give it 5 stars?','published','2024-01-06 17:16:20','2024-01-06 17:16:20','[\"products\\/product-45.jpg\"]'),(12,10,9,1.00,'This script is well coded and is super fast. The support is pretty quick. Very patient and helpful team. I strongly recommend it and they deserve more than 5 stars.','published','2024-01-06 17:16:20','2024-01-06 17:16:20','[\"products\\/product-5.jpg\",\"products\\/product-26.jpg\",\"products\\/product-52.jpg\",\"products\\/product-58.jpg\"]'),(13,2,5,1.00,'Those guys now what they are doing, the release such a good product that it\'s a pleasure to work with ! Even when I was stuck on the project, I created a ticket and the next day it was replied by the team. GOOD JOB guys. I love working with them :)','published','2024-01-06 17:16:20','2024-01-06 17:16:20','[\"products\\/product-81.jpg\",\"products\\/product-89.jpg\"]'),(14,3,7,3.00,'Great system, great support, good job Botble. I\'m looking forward to more great functional plugins.','published','2024-01-06 17:16:20','2024-01-06 17:16:20','[\"products\\/product-24.jpg\"]'),(15,1,22,4.00,'Amazing code, amazing support. Overall, im really confident in Botble and im happy I made the right choice! Thank you so much guys for coding this masterpiece','published','2024-01-06 17:16:20','2024-01-06 17:16:20','[\"products\\/product-8.jpg\",\"products\\/product-27.jpg\",\"products\\/product-61.jpg\",\"products\\/product-70.jpg\"]'),(16,10,32,1.00,'We have received brilliant service support and will be expanding the features with the developer. Nice product!','published','2024-01-06 17:16:20','2024-01-06 17:16:20','[\"products\\/product-37.jpg\",\"products\\/product-55.jpg\"]'),(17,4,40,5.00,'The best ecommerce CMS! Excellent coding! best support service! Thank you so much..... I really like your hard work.','published','2024-01-06 17:16:20','2024-01-06 17:16:20','[\"products\\/product-18.jpg\",\"products\\/product-90.jpg\"]'),(18,5,57,5.00,'Great system, great support, good job Botble. I\'m looking forward to more great functional plugins.','published','2024-01-06 17:16:20','2024-01-06 17:16:20','[\"products\\/product-77.jpg\"]'),(19,1,7,1.00,'As a developer I reviewed this script. This is really awesome ecommerce script. I have convinced when I noticed that it\'s built on fully WordPress concept.','published','2024-01-06 17:16:20','2024-01-06 17:16:20','[\"products\\/product-57.jpg\"]'),(20,5,62,4.00,'We have received brilliant service support and will be expanding the features with the developer. Nice product!','published','2024-01-06 17:16:20','2024-01-06 17:16:20','[\"products\\/product-59.jpg\"]'),(21,2,55,1.00,'Solution is too robust for our purpose so we didn\'t use it at the end. But I appreciate customer support during initial configuration.','published','2024-01-06 17:16:20','2024-01-06 17:16:20','[\"products\\/product-35.jpg\"]'),(23,2,29,1.00,'For me the best eCommerce script on Envato at this moment: modern, clean code, a lot of great features. The customer support is great too: I always get an answer within hours!','published','2024-01-06 17:16:20','2024-01-06 17:16:20','[\"products\\/product-73.jpg\"]'),(24,2,9,1.00,'The code is good, in general, if you like it, can you give it 5 stars?','published','2024-01-06 17:16:20','2024-01-06 17:16:20','[\"products\\/product-4.jpg\",\"products\\/product-69.jpg\",\"products\\/product-71.jpg\"]'),(25,3,35,5.00,'Cool template. Excellent code quality. The support responds very quickly, which is very rare on themeforest and codecanyon.net, I buy a lot of templates, and everyone will have a response from technical support for two or three days. Thanks to tech support. I recommend to buy.','published','2024-01-06 17:16:20','2024-01-06 17:16:20','[\"products\\/product-62.jpg\",\"products\\/product-88.jpg\"]'),(26,7,48,5.00,'The best ecommerce CMS! Excellent coding! best support service! Thank you so much..... I really like your hard work.','published','2024-01-06 17:16:20','2024-01-06 17:16:20','[\"products\\/product-32.jpg\",\"products\\/product-40.jpg\",\"products\\/product-92.jpg\"]'),(27,8,71,4.00,'Amazing code, amazing support. Overall, im really confident in Botble and im happy I made the right choice! Thank you so much guys for coding this masterpiece','published','2024-01-06 17:16:20','2024-01-06 17:16:20','[\"products\\/product-11.jpg\",\"products\\/product-37.jpg\",\"products\\/product-89.jpg\"]'),(28,6,22,5.00,'These guys are amazing! Responses immediately, amazing support and help... I immediately feel at ease after Purchasing..','published','2024-01-06 17:16:20','2024-01-06 17:16:20','[\"products\\/product-82.jpg\"]'),(29,8,67,3.00,'The script is the best of its class, fast, easy to implement and work with , and the most important thing is the great support team , Recommend with no doubt.','published','2024-01-06 17:16:20','2024-01-06 17:16:20','[\"products\\/product-25.jpg\",\"products\\/product-59.jpg\"]'),(30,4,4,5.00,'The script is the best of its class, fast, easy to implement and work with , and the most important thing is the great support team , Recommend with no doubt.','published','2024-01-06 17:16:20','2024-01-06 17:16:20','[\"products\\/product-10.jpg\",\"products\\/product-39.jpg\",\"products\\/product-71.jpg\",\"products\\/product-92.jpg\"]'),(31,4,20,2.00,'Very enthusiastic support! Excellent code is written. It\'s a true pleasure working with.','published','2024-01-06 17:16:20','2024-01-06 17:16:20','[\"products\\/product-74.jpg\"]'),(32,2,21,1.00,'These guys are amazing! Responses immediately, amazing support and help... I immediately feel at ease after Purchasing..','published','2024-01-06 17:16:20','2024-01-06 17:16:20','[\"products\\/product-5.jpg\",\"products\\/product-21.jpg\"]'),(33,1,41,1.00,'Customer Support are grade (A*), however the code is a way too over engineered for it\'s purpose.','published','2024-01-06 17:16:20','2024-01-06 17:16:20','[\"products\\/product-61.jpg\",\"products\\/product-74.jpg\",\"products\\/product-85.jpg\",\"products\\/product-88.jpg\"]'),(34,6,58,4.00,'This web app is really good in design, code quality & features. Besides, the customer support provided by the Botble team was really fast & helpful. You guys are awesome!','published','2024-01-06 17:16:20','2024-01-06 17:16:20','[\"products\\/product-38.jpg\",\"products\\/product-88.jpg\",\"products\\/product-90.jpg\"]'),(35,9,59,4.00,'Great system, great support, good job Botble. I\'m looking forward to more great functional plugins.','published','2024-01-06 17:16:20','2024-01-06 17:16:20','[\"products\\/product-21.jpg\"]'),(36,6,6,2.00,'For me the best eCommerce script on Envato at this moment: modern, clean code, a lot of great features. The customer support is great too: I always get an answer within hours!','published','2024-01-06 17:16:20','2024-01-06 17:16:20','[\"products\\/product-56.jpg\",\"products\\/product-57.jpg\"]'),(37,5,17,4.00,'Best ecommerce CMS online store!','published','2024-01-06 17:16:20','2024-01-06 17:16:20','[\"products\\/product-9.jpg\",\"products\\/product-15.jpg\",\"products\\/product-30.jpg\",\"products\\/product-67.jpg\"]'),(38,1,23,5.00,'The script is the best of its class, fast, easy to implement and work with , and the most important thing is the great support team , Recommend with no doubt.','published','2024-01-06 17:16:20','2024-01-06 17:16:20','[\"products\\/product-7.jpg\",\"products\\/product-17.jpg\"]'),(39,3,50,4.00,'This script is well coded and is super fast. The support is pretty quick. Very patient and helpful team. I strongly recommend it and they deserve more than 5 stars.','published','2024-01-06 17:16:20','2024-01-06 17:16:20','[\"products\\/product-10.jpg\",\"products\\/product-16.jpg\"]'),(40,7,41,3.00,'This script is well coded and is super fast. The support is pretty quick. Very patient and helpful team. I strongly recommend it and they deserve more than 5 stars.','published','2024-01-06 17:16:20','2024-01-06 17:16:20','[\"products\\/product-7.jpg\",\"products\\/product-46.jpg\",\"products\\/product-71.jpg\"]'),(41,1,42,3.00,'I Love this Script. I also found how to add other fees. Now I just wait the BIG update for the Marketplace with the Bulk Import. Just do not forget to make it to be Multi-language for us the Botble Fans.','published','2024-01-06 17:16:20','2024-01-06 17:16:20','[\"products\\/product-24.jpg\",\"products\\/product-32.jpg\",\"products\\/product-89.jpg\"]'),(42,5,6,4.00,'These guys are amazing! Responses immediately, amazing support and help... I immediately feel at ease after Purchasing..','published','2024-01-06 17:16:20','2024-01-06 17:16:20','[\"products\\/product-45.jpg\"]'),(43,2,1,1.00,'As a developer I reviewed this script. This is really awesome ecommerce script. I have convinced when I noticed that it\'s built on fully WordPress concept.','published','2024-01-06 17:16:20','2024-01-06 17:16:20','[\"products\\/product-46.jpg\",\"products\\/product-53.jpg\",\"products\\/product-72.jpg\",\"products\\/product-74.jpg\"]'),(44,3,66,3.00,'Those guys now what they are doing, the release such a good product that it\'s a pleasure to work with ! Even when I was stuck on the project, I created a ticket and the next day it was replied by the team. GOOD JOB guys. I love working with them :)','published','2024-01-06 17:16:20','2024-01-06 17:16:20','[\"products\\/product-33.jpg\"]'),(45,3,44,4.00,'The script is the best of its class, fast, easy to implement and work with , and the most important thing is the great support team , Recommend with no doubt.','published','2024-01-06 17:16:20','2024-01-06 17:16:20','[\"products\\/product-7.jpg\",\"products\\/product-13.jpg\",\"products\\/product-50.jpg\",\"products\\/product-62.jpg\"]'),(46,2,26,4.00,'Amazing code, amazing support. Overall, im really confident in Botble and im happy I made the right choice! Thank you so much guys for coding this masterpiece','published','2024-01-06 17:16:20','2024-01-06 17:16:20','[\"products\\/product-44.jpg\",\"products\\/product-75.jpg\"]'),(47,3,16,2.00,'Very enthusiastic support! Excellent code is written. It\'s a true pleasure working with.','published','2024-01-06 17:16:20','2024-01-06 17:16:20','[\"products\\/pla-product-03.jpg\",\"products\\/product-66.jpg\"]'),(48,7,18,4.00,'Very enthusiastic support! Excellent code is written. It\'s a true pleasure working with.','published','2024-01-06 17:16:20','2024-01-06 17:16:20','[\"products\\/product-17.jpg\",\"products\\/product-22.jpg\",\"products\\/product-25.jpg\",\"products\\/product-32.jpg\"]'),(49,7,33,5.00,'Ok good product. I have some issues in customizations. But its not correct to blame the developer. The product is good. Good luck for your business.','published','2024-01-06 17:16:20','2024-01-06 17:16:20','[\"products\\/product-20.jpg\",\"products\\/product-43.jpg\"]'),(50,4,63,4.00,'Second or third time that I buy a Botble product, happy with the products and support. You guys do a good job :)','published','2024-01-06 17:16:20','2024-01-06 17:16:20','[\"products\\/product-33.jpg\",\"products\\/product-41.jpg\",\"products\\/product-57.jpg\"]'),(51,8,75,1.00,'Second or third time that I buy a Botble product, happy with the products and support. You guys do a good job :)','published','2024-01-06 17:16:20','2024-01-06 17:16:20','[\"products\\/product-75.jpg\",\"products\\/product-91.jpg\"]'),(52,8,46,5.00,'Good app, good backup service and support. Good documentation.','published','2024-01-06 17:16:20','2024-01-06 17:16:20','[\"products\\/product-28.jpg\",\"products\\/product-70.jpg\"]'),(54,1,65,1.00,'These guys are amazing! Responses immediately, amazing support and help... I immediately feel at ease after Purchasing..','published','2024-01-06 17:16:20','2024-01-06 17:16:20','[\"products\\/product-38.jpg\",\"products\\/product-40.jpg\",\"products\\/product-54.jpg\"]'),(55,9,65,1.00,'As a developer I reviewed this script. This is really awesome ecommerce script. I have convinced when I noticed that it\'s built on fully WordPress concept.','published','2024-01-06 17:16:20','2024-01-06 17:16:20','[\"products\\/product-11.jpg\",\"products\\/product-64.jpg\",\"products\\/product-77.jpg\"]'),(56,9,71,1.00,'We have received brilliant service support and will be expanding the features with the developer. Nice product!','published','2024-01-06 17:16:20','2024-01-06 17:16:20','[\"products\\/product-29.jpg\",\"products\\/product-36.jpg\"]'),(57,3,21,2.00,'Great system, great support, good job Botble. I\'m looking forward to more great functional plugins.','published','2024-01-06 17:16:20','2024-01-06 17:16:20','[\"products\\/product-22.jpg\",\"products\\/product-57.jpg\",\"products\\/product-89.jpg\"]'),(58,5,63,5.00,'Clean & perfect source code','published','2024-01-06 17:16:20','2024-01-06 17:16:20','[\"products\\/product-13.jpg\",\"products\\/product-84.jpg\"]'),(59,9,60,4.00,'Ok good product. I have some issues in customizations. But its not correct to blame the developer. The product is good. Good luck for your business.','published','2024-01-06 17:16:20','2024-01-06 17:16:20','[\"products\\/product-8.jpg\",\"products\\/product-51.jpg\",\"products\\/product-75.jpg\"]'),(60,8,28,1.00,'The best ecommerce CMS! Excellent coding! best support service! Thank you so much..... I really like your hard work.','published','2024-01-06 17:16:20','2024-01-06 17:16:20','[\"products\\/product-8.jpg\"]'),(61,3,61,4.00,'For me the best eCommerce script on Envato at this moment: modern, clean code, a lot of great features. The customer support is great too: I always get an answer within hours!','published','2024-01-06 17:16:20','2024-01-06 17:16:20','[\"products\\/product-54.jpg\",\"products\\/product-59.jpg\",\"products\\/product-60.jpg\",\"products\\/product-87.jpg\"]'),(63,4,34,1.00,'This script is well coded and is super fast. The support is pretty quick. Very patient and helpful team. I strongly recommend it and they deserve more than 5 stars.','published','2024-01-06 17:16:20','2024-01-06 17:16:20','[\"products\\/product-95.jpg\"]'),(65,4,7,1.00,'Second or third time that I buy a Botble product, happy with the products and support. You guys do a good job :)','published','2024-01-06 17:16:20','2024-01-06 17:16:20','[\"products\\/product-51.jpg\",\"products\\/product-65.jpg\",\"products\\/product-79.jpg\"]'),(66,5,50,3.00,'As a developer I reviewed this script. This is really awesome ecommerce script. I have convinced when I noticed that it\'s built on fully WordPress concept.','published','2024-01-06 17:16:20','2024-01-06 17:16:20','[\"products\\/pla-product-03.jpg\",\"products\\/product-39.jpg\",\"products\\/product-82.jpg\",\"products\\/product-94.jpg\"]'),(67,10,43,4.00,'Cool template. Excellent code quality. The support responds very quickly, which is very rare on themeforest and codecanyon.net, I buy a lot of templates, and everyone will have a response from technical support for two or three days. Thanks to tech support. I recommend to buy.','published','2024-01-06 17:16:20','2024-01-06 17:16:20','[\"products\\/product-34.jpg\",\"products\\/product-85.jpg\"]'),(68,7,21,1.00,'Customer Support are grade (A*), however the code is a way too over engineered for it\'s purpose.','published','2024-01-06 17:16:20','2024-01-06 17:16:20','[\"products\\/product-28.jpg\"]'),(69,9,4,4.00,'Good app, good backup service and support. Good documentation.','published','2024-01-06 17:16:20','2024-01-06 17:16:20','[\"products\\/product-86.jpg\",\"products\\/product-87.jpg\"]'),(70,9,62,5.00,'The best ecommerce CMS! Excellent coding! best support service! Thank you so much..... I really like your hard work.','published','2024-01-06 17:16:20','2024-01-06 17:16:20','[\"products\\/product-14.jpg\",\"products\\/product-27.jpg\",\"products\\/product-73.jpg\",\"products\\/product-85.jpg\"]'),(71,6,69,2.00,'Those guys now what they are doing, the release such a good product that it\'s a pleasure to work with ! Even when I was stuck on the project, I created a ticket and the next day it was replied by the team. GOOD JOB guys. I love working with them :)','published','2024-01-06 17:16:20','2024-01-06 17:16:20','[\"products\\/product-4.jpg\",\"products\\/product-5.jpg\",\"products\\/product-10.jpg\",\"products\\/product-31.jpg\"]'),(72,2,43,3.00,'This script is well coded and is super fast. The support is pretty quick. Very patient and helpful team. I strongly recommend it and they deserve more than 5 stars.','published','2024-01-06 17:16:20','2024-01-06 17:16:20','[\"products\\/product-19.jpg\",\"products\\/product-58.jpg\",\"products\\/product-89.jpg\",\"products\\/product-91.jpg\"]'),(73,1,68,5.00,'Customer Support are grade (A*), however the code is a way too over engineered for it\'s purpose.','published','2024-01-06 17:16:20','2024-01-06 17:16:20','[\"products\\/product-2.jpg\",\"products\\/product-67.jpg\",\"products\\/product-74.jpg\"]'),(74,10,30,2.00,'The best ecommerce CMS! Excellent coding! best support service! Thank you so much..... I really like your hard work.','published','2024-01-06 17:16:20','2024-01-06 17:16:20','[\"products\\/product-30.jpg\"]'),(75,6,75,4.00,'Amazing code, amazing support. Overall, im really confident in Botble and im happy I made the right choice! Thank you so much guys for coding this masterpiece','published','2024-01-06 17:16:20','2024-01-06 17:16:20','[\"products\\/product-57.jpg\",\"products\\/product-70.jpg\",\"products\\/product-79.jpg\"]'),(76,7,34,1.00,'Second or third time that I buy a Botble product, happy with the products and support. You guys do a good job :)','published','2024-01-06 17:16:20','2024-01-06 17:16:20','[\"products\\/pla-product-01.jpg\",\"products\\/product-12.jpg\",\"products\\/product-70.jpg\"]'),(78,10,12,1.00,'The script is the best of its class, fast, easy to implement and work with , and the most important thing is the great support team , Recommend with no doubt.','published','2024-01-06 17:16:20','2024-01-06 17:16:20','[\"products\\/product-20.jpg\",\"products\\/product-89.jpg\"]'),(79,2,66,3.00,'Great system, great support, good job Botble. I\'m looking forward to more great functional plugins.','published','2024-01-06 17:16:20','2024-01-06 17:16:20','[\"products\\/product-60.jpg\"]'),(80,4,54,1.00,'Great E-commerce system. And much more : Wonderful Customer Support.','published','2024-01-06 17:16:20','2024-01-06 17:16:20','[\"products\\/product-56.jpg\",\"products\\/product-86.jpg\"]'),(81,4,58,1.00,'Great system, great support, good job Botble. I\'m looking forward to more great functional plugins.','published','2024-01-06 17:16:20','2024-01-06 17:16:20','[\"products\\/product-48.jpg\",\"products\\/product-66.jpg\",\"products\\/product-84.jpg\",\"products\\/product-92.jpg\"]'),(82,5,52,4.00,'Good app, good backup service and support. Good documentation.','published','2024-01-06 17:16:20','2024-01-06 17:16:20','[\"products\\/product-10.jpg\",\"products\\/product-36.jpg\"]'),(83,1,17,3.00,'Great E-commerce system. And much more : Wonderful Customer Support.','published','2024-01-06 17:16:20','2024-01-06 17:16:20','[\"products\\/product-17.jpg\",\"products\\/product-82.jpg\",\"products\\/product-92.jpg\"]'),(86,5,71,5.00,'Best ecommerce CMS online store!','published','2024-01-06 17:16:20','2024-01-06 17:16:20','[\"products\\/product-76.jpg\",\"products\\/product-85.jpg\"]'),(87,1,75,3.00,'The best ecommerce CMS! Excellent coding! best support service! Thank you so much..... I really like your hard work.','published','2024-01-06 17:16:20','2024-01-06 17:16:20','[\"products\\/product-15.jpg\"]'),(88,4,66,2.00,'Customer Support are grade (A*), however the code is a way too over engineered for it\'s purpose.','published','2024-01-06 17:16:20','2024-01-06 17:16:20','[\"products\\/product-95.jpg\"]'),(89,7,46,4.00,'Very enthusiastic support! Excellent code is written. It\'s a true pleasure working with.','published','2024-01-06 17:16:20','2024-01-06 17:16:20','[\"products\\/product-5.jpg\",\"products\\/product-12.jpg\",\"products\\/product-83.jpg\"]'),(90,3,26,1.00,'Amazing code, amazing support. Overall, im really confident in Botble and im happy I made the right choice! Thank you so much guys for coding this masterpiece','published','2024-01-06 17:16:20','2024-01-06 17:16:20','[\"products\\/product-11.jpg\",\"products\\/product-40.jpg\"]'),(91,6,51,5.00,'Solution is too robust for our purpose so we didn\'t use it at the end. But I appreciate customer support during initial configuration.','published','2024-01-06 17:16:20','2024-01-06 17:16:20','[\"products\\/product-9.jpg\",\"products\\/product-90.jpg\"]'),(92,8,62,4.00,'As a developer I reviewed this script. This is really awesome ecommerce script. I have convinced when I noticed that it\'s built on fully WordPress concept.','published','2024-01-06 17:16:20','2024-01-06 17:16:20','[\"products\\/product-72.jpg\",\"products\\/product-94.jpg\"]'),(93,3,73,4.00,'I Love this Script. I also found how to add other fees. Now I just wait the BIG update for the Marketplace with the Bulk Import. Just do not forget to make it to be Multi-language for us the Botble Fans.','published','2024-01-06 17:16:20','2024-01-06 17:16:20','[\"products\\/product-25.jpg\",\"products\\/product-36.jpg\",\"products\\/product-43.jpg\",\"products\\/product-92.jpg\"]'),(94,8,65,5.00,'The best store template! Excellent coding! Very good support! Thank you so much for all the help, I really appreciated.','published','2024-01-06 17:16:20','2024-01-06 17:16:20','[\"products\\/product-13.jpg\",\"products\\/product-23.jpg\",\"products\\/product-46.jpg\"]'),(95,1,74,4.00,'Amazing code, amazing support. Overall, im really confident in Botble and im happy I made the right choice! Thank you so much guys for coding this masterpiece','published','2024-01-06 17:16:20','2024-01-06 17:16:20','[\"products\\/product-16.jpg\",\"products\\/product-25.jpg\",\"products\\/product-44.jpg\",\"products\\/product-90.jpg\"]'),(96,1,36,2.00,'Perfect +++++++++ i love it really also i get to fast ticket answers... Thanks Lot BOTBLE Teams','published','2024-01-06 17:16:20','2024-01-06 17:16:20','[\"products\\/product-11.jpg\",\"products\\/product-52.jpg\"]'),(97,1,45,3.00,'Great E-commerce system. And much more : Wonderful Customer Support.','published','2024-01-06 17:16:20','2024-01-06 17:16:20','[\"products\\/product-48.jpg\"]'),(98,6,59,3.00,'Perfect +++++++++ i love it really also i get to fast ticket answers... Thanks Lot BOTBLE Teams','published','2024-01-06 17:16:20','2024-01-06 17:16:20','[\"products\\/product-6.jpg\"]'),(99,4,73,3.00,'This web app is really good in design, code quality & features. Besides, the customer support provided by the Botble team was really fast & helpful. You guys are awesome!','published','2024-01-06 17:16:20','2024-01-06 17:16:20','[\"products\\/product-1.jpg\",\"products\\/product-22.jpg\"]'),(100,6,65,4.00,'Amazing code, amazing support. Overall, im really confident in Botble and im happy I made the right choice! Thank you so much guys for coding this masterpiece','published','2024-01-06 17:16:20','2024-01-06 17:16:20','[\"products\\/product-7.jpg\",\"products\\/product-52.jpg\",\"products\\/product-71.jpg\"]'),(102,1,71,5.00,'This script is well coded and is super fast. The support is pretty quick. Very patient and helpful team. I strongly recommend it and they deserve more than 5 stars.','published','2024-01-06 17:16:20','2024-01-06 17:16:20','[\"products\\/product-35.jpg\",\"products\\/product-53.jpg\",\"products\\/product-93.jpg\"]'),(104,3,55,3.00,'Amazing code, amazing support. Overall, im really confident in Botble and im happy I made the right choice! Thank you so much guys for coding this masterpiece','published','2024-01-06 17:16:20','2024-01-06 17:16:20','[\"products\\/product-28.jpg\",\"products\\/product-51.jpg\",\"products\\/product-76.jpg\"]'),(105,5,51,1.00,'Great E-commerce system. And much more : Wonderful Customer Support.','published','2024-01-06 17:16:20','2024-01-06 17:16:20','[\"products\\/product-20.jpg\",\"products\\/product-60.jpg\"]'),(106,6,28,1.00,'These guys are amazing! Responses immediately, amazing support and help... I immediately feel at ease after Purchasing..','published','2024-01-06 17:16:20','2024-01-06 17:16:20','[\"products\\/product-27.jpg\",\"products\\/product-30.jpg\",\"products\\/product-48.jpg\",\"products\\/product-92.jpg\"]'),(107,8,38,5.00,'Amazing code, amazing support. Overall, im really confident in Botble and im happy I made the right choice! Thank you so much guys for coding this masterpiece','published','2024-01-06 17:16:20','2024-01-06 17:16:20','[\"products\\/product-8.jpg\",\"products\\/product-55.jpg\"]'),(108,7,35,1.00,'Very enthusiastic support! Excellent code is written. It\'s a true pleasure working with.','published','2024-01-06 17:16:20','2024-01-06 17:16:20','[\"products\\/product-53.jpg\",\"products\\/product-59.jpg\",\"products\\/product-67.jpg\"]'),(110,10,74,5.00,'Solution is too robust for our purpose so we didn\'t use it at the end. But I appreciate customer support during initial configuration.','published','2024-01-06 17:16:20','2024-01-06 17:16:20','[\"products\\/product-90.jpg\"]'),(111,7,75,5.00,'It\'s not my first experience here on Codecanyon and I can honestly tell you all that Botble puts a LOT of effort into the support. They answer so fast, they helped me tons of times. REALLY by far THE BEST EXPERIENCE on Codecanyon. Those guys at Botble are so good that they deserve 5 stars. I recommend them, I trust them and I can\'t wait to see what they will sell in a near future. Thank you Botble :)','published','2024-01-06 17:16:20','2024-01-06 17:16:20','[\"products\\/pla-product-04.jpg\",\"products\\/product-18.jpg\"]'),(112,9,40,4.00,'The code is good, in general, if you like it, can you give it 5 stars?','published','2024-01-06 17:16:20','2024-01-06 17:16:20','[\"products\\/product-30.jpg\",\"products\\/product-50.jpg\"]'),(113,5,28,4.00,'Clean & perfect source code','published','2024-01-06 17:16:20','2024-01-06 17:16:20','[\"products\\/product-4.jpg\",\"products\\/product-65.jpg\",\"products\\/product-87.jpg\",\"products\\/product-92.jpg\"]'),(114,2,11,2.00,'The best store template! Excellent coding! Very good support! Thank you so much for all the help, I really appreciated.','published','2024-01-06 17:16:20','2024-01-06 17:16:20','[\"products\\/product-13.jpg\"]'),(115,5,16,2.00,'Ok good product. I have some issues in customizations. But its not correct to blame the developer. The product is good. Good luck for your business.','published','2024-01-06 17:16:20','2024-01-06 17:16:20','[\"products\\/product-18.jpg\",\"products\\/product-44.jpg\",\"products\\/product-68.jpg\"]'),(116,4,29,2.00,'Customer Support are grade (A*), however the code is a way too over engineered for it\'s purpose.','published','2024-01-06 17:16:20','2024-01-06 17:16:20','[\"products\\/product-42.jpg\",\"products\\/product-59.jpg\",\"products\\/product-70.jpg\"]'),(117,2,2,1.00,'The best ecommerce CMS! Excellent coding! best support service! Thank you so much..... I really like your hard work.','published','2024-01-06 17:16:20','2024-01-06 17:16:20','[\"products\\/pla-product-02.jpg\",\"products\\/product-34.jpg\"]'),(118,1,28,3.00,'Good app, good backup service and support. Good documentation.','published','2024-01-06 17:16:20','2024-01-06 17:16:20','[\"products\\/product-16.jpg\",\"products\\/product-27.jpg\"]'),(119,10,65,2.00,'We have received brilliant service support and will be expanding the features with the developer. Nice product!','published','2024-01-06 17:16:20','2024-01-06 17:16:20','[\"products\\/product-30.jpg\",\"products\\/product-91.jpg\"]'),(120,7,3,4.00,'This web app is really good in design, code quality & features. Besides, the customer support provided by the Botble team was really fast & helpful. You guys are awesome!','published','2024-01-06 17:16:20','2024-01-06 17:16:20','[\"products\\/product-3.jpg\",\"products\\/product-41.jpg\"]'),(121,10,37,4.00,'As a developer I reviewed this script. This is really awesome ecommerce script. I have convinced when I noticed that it\'s built on fully WordPress concept.','published','2024-01-06 17:16:20','2024-01-06 17:16:20','[\"products\\/product-1.jpg\",\"products\\/product-35.jpg\",\"products\\/product-43.jpg\",\"products\\/product-67.jpg\"]'),(122,3,23,2.00,'Cool template. Excellent code quality. The support responds very quickly, which is very rare on themeforest and codecanyon.net, I buy a lot of templates, and everyone will have a response from technical support for two or three days. Thanks to tech support. I recommend to buy.','published','2024-01-06 17:16:20','2024-01-06 17:16:20','[\"products\\/product-18.jpg\",\"products\\/product-49.jpg\",\"products\\/product-58.jpg\",\"products\\/product-86.jpg\"]'),(123,1,43,3.00,'Amazing code, amazing support. Overall, im really confident in Botble and im happy I made the right choice! Thank you so much guys for coding this masterpiece','published','2024-01-06 17:16:20','2024-01-06 17:16:20','[\"products\\/product-3.jpg\",\"products\\/product-57.jpg\",\"products\\/product-74.jpg\"]'),(124,6,60,2.00,'Perfect +++++++++ i love it really also i get to fast ticket answers... Thanks Lot BOTBLE Teams','published','2024-01-06 17:16:20','2024-01-06 17:16:20','[\"products\\/product-41.jpg\",\"products\\/product-49.jpg\",\"products\\/product-53.jpg\"]'),(125,8,17,2.00,'The best store template! Excellent coding! Very good support! Thank you so much for all the help, I really appreciated.','published','2024-01-06 17:16:20','2024-01-06 17:16:20','[\"products\\/product-6.jpg\",\"products\\/product-7.jpg\",\"products\\/product-27.jpg\",\"products\\/product-33.jpg\"]'),(126,9,2,4.00,'Very enthusiastic support! Excellent code is written. It\'s a true pleasure working with.','published','2024-01-06 17:16:20','2024-01-06 17:16:20','[\"products\\/product-4.jpg\",\"products\\/product-42.jpg\"]'),(127,10,38,3.00,'It\'s not my first experience here on Codecanyon and I can honestly tell you all that Botble puts a LOT of effort into the support. They answer so fast, they helped me tons of times. REALLY by far THE BEST EXPERIENCE on Codecanyon. Those guys at Botble are so good that they deserve 5 stars. I recommend them, I trust them and I can\'t wait to see what they will sell in a near future. Thank you Botble :)','published','2024-01-06 17:16:20','2024-01-06 17:16:20','[\"products\\/product-12.jpg\",\"products\\/product-22.jpg\",\"products\\/product-55.jpg\",\"products\\/product-91.jpg\"]'),(128,3,17,3.00,'Those guys now what they are doing, the release such a good product that it\'s a pleasure to work with ! Even when I was stuck on the project, I created a ticket and the next day it was replied by the team. GOOD JOB guys. I love working with them :)','published','2024-01-06 17:16:20','2024-01-06 17:16:20','[\"products\\/product-27.jpg\",\"products\\/product-29.jpg\",\"products\\/product-46.jpg\",\"products\\/product-83.jpg\"]'),(129,4,9,4.00,'Amazing code, amazing support. Overall, im really confident in Botble and im happy I made the right choice! Thank you so much guys for coding this masterpiece','published','2024-01-06 17:16:20','2024-01-06 17:16:20','[\"products\\/product-45.jpg\",\"products\\/product-56.jpg\",\"products\\/product-68.jpg\",\"products\\/product-73.jpg\"]'),(131,9,48,3.00,'As a developer I reviewed this script. This is really awesome ecommerce script. I have convinced when I noticed that it\'s built on fully WordPress concept.','published','2024-01-06 17:16:20','2024-01-06 17:16:20','[\"products\\/product-2.jpg\",\"products\\/product-32.jpg\",\"products\\/product-70.jpg\"]'),(132,1,24,2.00,'Those guys now what they are doing, the release such a good product that it\'s a pleasure to work with ! Even when I was stuck on the project, I created a ticket and the next day it was replied by the team. GOOD JOB guys. I love working with them :)','published','2024-01-06 17:16:20','2024-01-06 17:16:20','[\"products\\/product-20.jpg\",\"products\\/product-65.jpg\",\"products\\/product-70.jpg\"]'),(133,7,5,2.00,'The best store template! Excellent coding! Very good support! Thank you so much for all the help, I really appreciated.','published','2024-01-06 17:16:20','2024-01-06 17:16:20','[\"products\\/product-47.jpg\"]'),(135,8,47,1.00,'As a developer I reviewed this script. This is really awesome ecommerce script. I have convinced when I noticed that it\'s built on fully WordPress concept.','published','2024-01-06 17:16:20','2024-01-06 17:16:20','[\"products\\/product-11.jpg\"]'),(136,9,67,1.00,'I Love this Script. I also found how to add other fees. Now I just wait the BIG update for the Marketplace with the Bulk Import. Just do not forget to make it to be Multi-language for us the Botble Fans.','published','2024-01-06 17:16:20','2024-01-06 17:16:20','[\"products\\/product-10.jpg\",\"products\\/product-93.jpg\"]'),(137,3,27,1.00,'The script is the best of its class, fast, easy to implement and work with , and the most important thing is the great support team , Recommend with no doubt.','published','2024-01-06 17:16:20','2024-01-06 17:16:20','[\"products\\/product-13.jpg\"]'),(138,1,66,5.00,'The best ecommerce CMS! Excellent coding! best support service! Thank you so much..... I really like your hard work.','published','2024-01-06 17:16:20','2024-01-06 17:16:20','[\"products\\/product-19.jpg\",\"products\\/product-23.jpg\",\"products\\/product-34.jpg\",\"products\\/product-62.jpg\"]'),(139,2,34,2.00,'The script is the best of its class, fast, easy to implement and work with , and the most important thing is the great support team , Recommend with no doubt.','published','2024-01-06 17:16:20','2024-01-06 17:16:20','[\"products\\/product-71.jpg\",\"products\\/product-82.jpg\",\"products\\/product-91.jpg\",\"products\\/product-95.jpg\"]'),(140,5,5,4.00,'Solution is too robust for our purpose so we didn\'t use it at the end. But I appreciate customer support during initial configuration.','published','2024-01-06 17:16:20','2024-01-06 17:16:20','[\"products\\/product-20.jpg\",\"products\\/product-49.jpg\",\"products\\/product-87.jpg\"]'),(141,2,56,1.00,'It\'s not my first experience here on Codecanyon and I can honestly tell you all that Botble puts a LOT of effort into the support. They answer so fast, they helped me tons of times. REALLY by far THE BEST EXPERIENCE on Codecanyon. Those guys at Botble are so good that they deserve 5 stars. I recommend them, I trust them and I can\'t wait to see what they will sell in a near future. Thank you Botble :)','published','2024-01-06 17:16:20','2024-01-06 17:16:20','[\"products\\/product-46.jpg\"]'),(142,8,14,5.00,'Good app, good backup service and support. Good documentation.','published','2024-01-06 17:16:20','2024-01-06 17:16:20','[\"products\\/product-68.jpg\"]'),(144,5,21,5.00,'Very enthusiastic support! Excellent code is written. It\'s a true pleasure working with.','published','2024-01-06 17:16:20','2024-01-06 17:16:20','[\"products\\/product-10.jpg\",\"products\\/product-19.jpg\",\"products\\/product-61.jpg\",\"products\\/product-72.jpg\"]'),(145,8,7,4.00,'Very enthusiastic support! Excellent code is written. It\'s a true pleasure working with.','published','2024-01-06 17:16:20','2024-01-06 17:16:20','[\"products\\/product-18.jpg\",\"products\\/product-76.jpg\"]'),(146,10,40,5.00,'This script is well coded and is super fast. The support is pretty quick. Very patient and helpful team. I strongly recommend it and they deserve more than 5 stars.','published','2024-01-06 17:16:20','2024-01-06 17:16:20','[\"products\\/product-26.jpg\",\"products\\/product-35.jpg\"]'),(147,4,10,5.00,'Solution is too robust for our purpose so we didn\'t use it at the end. But I appreciate customer support during initial configuration.','published','2024-01-06 17:16:20','2024-01-06 17:16:20','[\"products\\/product-59.jpg\",\"products\\/product-86.jpg\",\"products\\/product-93.jpg\"]'),(148,9,19,4.00,'Clean & perfect source code','published','2024-01-06 17:16:20','2024-01-06 17:16:20','[\"products\\/product-48.jpg\"]'),(149,7,71,5.00,'Good app, good backup service and support. Good documentation.','published','2024-01-06 17:16:20','2024-01-06 17:16:20','[\"products\\/product-2.jpg\",\"products\\/product-6.jpg\",\"products\\/product-93.jpg\"]'),(150,5,14,3.00,'Ok good product. I have some issues in customizations. But its not correct to blame the developer. The product is good. Good luck for your business.','published','2024-01-06 17:16:20','2024-01-06 17:16:20','[\"products\\/product-22.jpg\",\"products\\/product-40.jpg\",\"products\\/product-79.jpg\"]'),(151,9,7,4.00,'The best store template! Excellent coding! Very good support! Thank you so much for all the help, I really appreciated.','published','2024-01-06 17:16:20','2024-01-06 17:16:20','[\"products\\/product-17.jpg\",\"products\\/product-21.jpg\",\"products\\/product-33.jpg\",\"products\\/product-57.jpg\"]'),(152,5,32,1.00,'Customer Support are grade (A*), however the code is a way too over engineered for it\'s purpose.','published','2024-01-06 17:16:20','2024-01-06 17:16:20','[\"products\\/product-5.jpg\",\"products\\/product-15.jpg\",\"products\\/product-35.jpg\",\"products\\/product-75.jpg\"]'),(154,6,19,5.00,'Customer Support are grade (A*), however the code is a way too over engineered for it\'s purpose.','published','2024-01-06 17:16:20','2024-01-06 17:16:20','[\"products\\/product-52.jpg\"]'),(155,2,59,3.00,'Solution is too robust for our purpose so we didn\'t use it at the end. But I appreciate customer support during initial configuration.','published','2024-01-06 17:16:20','2024-01-06 17:16:20','[\"products\\/product-29.jpg\",\"products\\/product-56.jpg\",\"products\\/product-72.jpg\"]'),(157,8,74,3.00,'Perfect +++++++++ i love it really also i get to fast ticket answers... Thanks Lot BOTBLE Teams','published','2024-01-06 17:16:20','2024-01-06 17:16:20','[\"products\\/product-15.jpg\",\"products\\/product-23.jpg\",\"products\\/product-44.jpg\",\"products\\/product-45.jpg\"]'),(158,2,23,4.00,'Great E-commerce system. And much more : Wonderful Customer Support.','published','2024-01-06 17:16:20','2024-01-06 17:16:20','[\"products\\/pla-product-02.jpg\",\"products\\/pla-product-03.jpg\",\"products\\/product-28.jpg\",\"products\\/product-93.jpg\"]'),(160,1,53,1.00,'The code is good, in general, if you like it, can you give it 5 stars?','published','2024-01-06 17:16:20','2024-01-06 17:16:20','[\"products\\/product-83.jpg\"]'),(161,5,19,2.00,'Best ecommerce CMS online store!','published','2024-01-06 17:16:20','2024-01-06 17:16:20','[\"products\\/product-42.jpg\",\"products\\/product-44.jpg\",\"products\\/product-82.jpg\",\"products\\/product-86.jpg\"]'),(162,4,56,2.00,'For me the best eCommerce script on Envato at this moment: modern, clean code, a lot of great features. The customer support is great too: I always get an answer within hours!','published','2024-01-06 17:16:20','2024-01-06 17:16:20','[\"products\\/product-25.jpg\",\"products\\/product-60.jpg\"]'),(164,2,75,3.00,'Those guys now what they are doing, the release such a good product that it\'s a pleasure to work with ! Even when I was stuck on the project, I created a ticket and the next day it was replied by the team. GOOD JOB guys. I love working with them :)','published','2024-01-06 17:16:20','2024-01-06 17:16:20','[\"products\\/product-9.jpg\",\"products\\/product-19.jpg\",\"products\\/product-46.jpg\"]'),(166,3,65,2.00,'Amazing code, amazing support. Overall, im really confident in Botble and im happy I made the right choice! Thank you so much guys for coding this masterpiece','published','2024-01-06 17:16:20','2024-01-06 17:16:20','[\"products\\/product-18.jpg\",\"products\\/product-46.jpg\"]'),(167,7,59,1.00,'Perfect +++++++++ i love it really also i get to fast ticket answers... Thanks Lot BOTBLE Teams','published','2024-01-06 17:16:20','2024-01-06 17:16:20','[\"products\\/product-14.jpg\"]'),(168,9,69,4.00,'We have received brilliant service support and will be expanding the features with the developer. Nice product!','published','2024-01-06 17:16:20','2024-01-06 17:16:20','[\"products\\/product-10.jpg\",\"products\\/product-77.jpg\"]'),(169,2,70,5.00,'Perfect +++++++++ i love it really also i get to fast ticket answers... Thanks Lot BOTBLE Teams','published','2024-01-06 17:16:20','2024-01-06 17:16:20','[\"products\\/product-5.jpg\",\"products\\/product-34.jpg\"]'),(171,3,67,5.00,'As a developer I reviewed this script. This is really awesome ecommerce script. I have convinced when I noticed that it\'s built on fully WordPress concept.','published','2024-01-06 17:16:20','2024-01-06 17:16:20','[\"products\\/product-7.jpg\",\"products\\/product-81.jpg\",\"products\\/product-86.jpg\",\"products\\/product-89.jpg\"]'),(172,5,22,3.00,'Great system, great support, good job Botble. I\'m looking forward to more great functional plugins.','published','2024-01-06 17:16:20','2024-01-06 17:16:20','[\"products\\/product-6.jpg\",\"products\\/product-19.jpg\",\"products\\/product-65.jpg\",\"products\\/product-68.jpg\"]'),(173,7,44,2.00,'Clean & perfect source code','published','2024-01-06 17:16:20','2024-01-06 17:16:20','[\"products\\/pla-product-02.jpg\",\"products\\/product-80.jpg\"]'),(174,10,7,1.00,'Cool template. Excellent code quality. The support responds very quickly, which is very rare on themeforest and codecanyon.net, I buy a lot of templates, and everyone will have a response from technical support for two or three days. Thanks to tech support. I recommend to buy.','published','2024-01-06 17:16:20','2024-01-06 17:16:20','[\"products\\/product-46.jpg\"]'),(175,2,54,1.00,'Clean & perfect source code','published','2024-01-06 17:16:20','2024-01-06 17:16:20','[\"products\\/product-65.jpg\"]'),(176,6,17,2.00,'The best store template! Excellent coding! Very good support! Thank you so much for all the help, I really appreciated.','published','2024-01-06 17:16:20','2024-01-06 17:16:20','[\"products\\/pla-product-04.jpg\",\"products\\/product-13.jpg\",\"products\\/product-43.jpg\"]'),(177,3,11,4.00,'The script is the best of its class, fast, easy to implement and work with , and the most important thing is the great support team , Recommend with no doubt.','published','2024-01-06 17:16:20','2024-01-06 17:16:20','[\"products\\/product-71.jpg\",\"products\\/product-81.jpg\"]'),(178,7,64,4.00,'We have received brilliant service support and will be expanding the features with the developer. Nice product!','published','2024-01-06 17:16:20','2024-01-06 17:16:20','[\"products\\/product-24.jpg\",\"products\\/product-38.jpg\",\"products\\/product-39.jpg\",\"products\\/product-88.jpg\"]'),(179,9,74,4.00,'Good app, good backup service and support. Good documentation.','published','2024-01-06 17:16:20','2024-01-06 17:16:20','[\"products\\/product-49.jpg\"]'),(182,6,61,4.00,'It\'s not my first experience here on Codecanyon and I can honestly tell you all that Botble puts a LOT of effort into the support. They answer so fast, they helped me tons of times. REALLY by far THE BEST EXPERIENCE on Codecanyon. Those guys at Botble are so good that they deserve 5 stars. I recommend them, I trust them and I can\'t wait to see what they will sell in a near future. Thank you Botble :)','published','2024-01-06 17:16:20','2024-01-06 17:16:20','[\"products\\/product-15.jpg\",\"products\\/product-40.jpg\"]'),(183,1,34,3.00,'Solution is too robust for our purpose so we didn\'t use it at the end. But I appreciate customer support during initial configuration.','published','2024-01-06 17:16:20','2024-01-06 17:16:20','[\"products\\/product-29.jpg\",\"products\\/product-46.jpg\",\"products\\/product-84.jpg\"]'),(185,10,54,1.00,'Very enthusiastic support! Excellent code is written. It\'s a true pleasure working with.','published','2024-01-06 17:16:20','2024-01-06 17:16:20','[\"products\\/product-19.jpg\",\"products\\/product-52.jpg\",\"products\\/product-59.jpg\"]'),(186,5,67,5.00,'As a developer I reviewed this script. This is really awesome ecommerce script. I have convinced when I noticed that it\'s built on fully WordPress concept.','published','2024-01-06 17:16:20','2024-01-06 17:16:20','[\"products\\/pla-product-01.jpg\",\"products\\/product-6.jpg\",\"products\\/product-31.jpg\",\"products\\/product-67.jpg\"]'),(187,8,18,3.00,'Customer Support are grade (A*), however the code is a way too over engineered for it\'s purpose.','published','2024-01-06 17:16:20','2024-01-06 17:16:20','[\"products\\/product-79.jpg\",\"products\\/product-80.jpg\"]'),(188,8,31,3.00,'I Love this Script. I also found how to add other fees. Now I just wait the BIG update for the Marketplace with the Bulk Import. Just do not forget to make it to be Multi-language for us the Botble Fans.','published','2024-01-06 17:16:20','2024-01-06 17:16:20','[\"products\\/product-4.jpg\",\"products\\/product-33.jpg\",\"products\\/product-51.jpg\",\"products\\/product-61.jpg\"]'),(190,1,15,4.00,'Good app, good backup service and support. Good documentation.','published','2024-01-06 17:16:20','2024-01-06 17:16:20','[\"products\\/product-1.jpg\",\"products\\/product-5.jpg\",\"products\\/product-43.jpg\",\"products\\/product-71.jpg\"]'),(191,2,7,3.00,'Good app, good backup service and support. Good documentation.','published','2024-01-06 17:16:20','2024-01-06 17:16:20','[\"products\\/product-15.jpg\",\"products\\/product-22.jpg\",\"products\\/product-26.jpg\",\"products\\/product-58.jpg\"]'),(192,10,33,1.00,'The script is the best of its class, fast, easy to implement and work with , and the most important thing is the great support team , Recommend with no doubt.','published','2024-01-06 17:16:20','2024-01-06 17:16:20','[\"products\\/product-7.jpg\",\"products\\/product-22.jpg\",\"products\\/product-40.jpg\",\"products\\/product-80.jpg\"]'),(193,2,50,2.00,'As a developer I reviewed this script. This is really awesome ecommerce script. I have convinced when I noticed that it\'s built on fully WordPress concept.','published','2024-01-06 17:16:20','2024-01-06 17:16:20','[\"products\\/product-30.jpg\",\"products\\/product-32.jpg\",\"products\\/product-68.jpg\",\"products\\/product-92.jpg\"]'),(195,6,30,2.00,'The code is good, in general, if you like it, can you give it 5 stars?','published','2024-01-06 17:16:20','2024-01-06 17:16:20','[\"products\\/product-23.jpg\",\"products\\/product-68.jpg\"]'),(198,10,23,3.00,'The script is the best of its class, fast, easy to implement and work with , and the most important thing is the great support team , Recommend with no doubt.','published','2024-01-06 17:16:20','2024-01-06 17:16:20','[\"products\\/product-82.jpg\",\"products\\/product-85.jpg\",\"products\\/product-89.jpg\"]'),(199,6,10,3.00,'Great system, great support, good job Botble. I\'m looking forward to more great functional plugins.','published','2024-01-06 17:16:20','2024-01-06 17:16:20','[\"products\\/product-28.jpg\",\"products\\/product-29.jpg\"]'),(201,9,44,4.00,'This script is well coded and is super fast. The support is pretty quick. Very patient and helpful team. I strongly recommend it and they deserve more than 5 stars.','published','2024-01-06 17:16:20','2024-01-06 17:16:20','[\"products\\/product-62.jpg\",\"products\\/product-65.jpg\",\"products\\/product-68.jpg\",\"products\\/product-73.jpg\"]'),(202,2,48,2.00,'The best ecommerce CMS! Excellent coding! best support service! Thank you so much..... I really like your hard work.','published','2024-01-06 17:16:20','2024-01-06 17:16:20','[\"products\\/product-3.jpg\",\"products\\/product-42.jpg\",\"products\\/product-49.jpg\",\"products\\/product-91.jpg\"]'),(203,10,6,1.00,'Second or third time that I buy a Botble product, happy with the products and support. You guys do a good job :)','published','2024-01-06 17:16:20','2024-01-06 17:16:20','[\"products\\/pla-product-02.jpg\",\"products\\/product-9.jpg\",\"products\\/product-35.jpg\",\"products\\/product-82.jpg\"]'),(204,7,57,4.00,'Solution is too robust for our purpose so we didn\'t use it at the end. But I appreciate customer support during initial configuration.','published','2024-01-06 17:16:20','2024-01-06 17:16:20','[\"products\\/product-60.jpg\",\"products\\/product-61.jpg\",\"products\\/product-87.jpg\"]'),(205,4,14,5.00,'As a developer I reviewed this script. This is really awesome ecommerce script. I have convinced when I noticed that it\'s built on fully WordPress concept.','published','2024-01-06 17:16:20','2024-01-06 17:16:20','[\"products\\/product-6.jpg\",\"products\\/product-19.jpg\"]'),(206,2,52,1.00,'These guys are amazing! Responses immediately, amazing support and help... I immediately feel at ease after Purchasing..','published','2024-01-06 17:16:20','2024-01-06 17:16:20','[\"products\\/product-1.jpg\",\"products\\/product-23.jpg\",\"products\\/product-33.jpg\",\"products\\/product-34.jpg\"]'),(209,5,43,5.00,'The code is good, in general, if you like it, can you give it 5 stars?','published','2024-01-06 17:16:20','2024-01-06 17:16:20','[\"products\\/product-77.jpg\",\"products\\/product-79.jpg\",\"products\\/product-88.jpg\"]'),(210,3,60,3.00,'I Love this Script. I also found how to add other fees. Now I just wait the BIG update for the Marketplace with the Bulk Import. Just do not forget to make it to be Multi-language for us the Botble Fans.','published','2024-01-06 17:16:20','2024-01-06 17:16:20','[\"products\\/pla-product-03.jpg\",\"products\\/product-23.jpg\",\"products\\/product-39.jpg\",\"products\\/product-58.jpg\"]'),(211,7,53,1.00,'This script is well coded and is super fast. The support is pretty quick. Very patient and helpful team. I strongly recommend it and they deserve more than 5 stars.','published','2024-01-06 17:16:20','2024-01-06 17:16:20','[\"products\\/pla-product-02.jpg\",\"products\\/pla-product-03.jpg\",\"products\\/product-43.jpg\",\"products\\/product-78.jpg\"]'),(212,10,50,3.00,'The code is good, in general, if you like it, can you give it 5 stars?','published','2024-01-06 17:16:20','2024-01-06 17:16:20','[\"products\\/product-21.jpg\",\"products\\/product-27.jpg\",\"products\\/product-70.jpg\",\"products\\/product-77.jpg\"]'),(213,6,16,4.00,'Customer Support are grade (A*), however the code is a way too over engineered for it\'s purpose.','published','2024-01-06 17:16:20','2024-01-06 17:16:20','[\"products\\/product-36.jpg\",\"products\\/product-47.jpg\",\"products\\/product-67.jpg\"]'),(214,5,65,3.00,'For me the best eCommerce script on Envato at this moment: modern, clean code, a lot of great features. The customer support is great too: I always get an answer within hours!','published','2024-01-06 17:16:20','2024-01-06 17:16:20','[\"products\\/product-30.jpg\",\"products\\/product-71.jpg\"]'),(215,6,46,1.00,'Very enthusiastic support! Excellent code is written. It\'s a true pleasure working with.','published','2024-01-06 17:16:20','2024-01-06 17:16:20','[\"products\\/product-14.jpg\",\"products\\/product-15.jpg\",\"products\\/product-19.jpg\",\"products\\/product-83.jpg\"]'),(216,2,57,2.00,'As a developer I reviewed this script. This is really awesome ecommerce script. I have convinced when I noticed that it\'s built on fully WordPress concept.','published','2024-01-06 17:16:20','2024-01-06 17:16:20','[\"products\\/product-63.jpg\",\"products\\/product-65.jpg\"]'),(217,9,23,1.00,'We have received brilliant service support and will be expanding the features with the developer. Nice product!','published','2024-01-06 17:16:20','2024-01-06 17:16:20','[\"products\\/product-87.jpg\"]'),(218,10,1,2.00,'Those guys now what they are doing, the release such a good product that it\'s a pleasure to work with ! Even when I was stuck on the project, I created a ticket and the next day it was replied by the team. GOOD JOB guys. I love working with them :)','published','2024-01-06 17:16:20','2024-01-06 17:16:20','[\"products\\/product-10.jpg\",\"products\\/product-28.jpg\",\"products\\/product-37.jpg\",\"products\\/product-66.jpg\"]'),(220,6,26,3.00,'Great system, great support, good job Botble. I\'m looking forward to more great functional plugins.','published','2024-01-06 17:16:20','2024-01-06 17:16:20','[\"products\\/pla-product-03.jpg\",\"products\\/product-15.jpg\",\"products\\/product-51.jpg\",\"products\\/product-82.jpg\"]'),(221,2,37,1.00,'Great E-commerce system. And much more : Wonderful Customer Support.','published','2024-01-06 17:16:20','2024-01-06 17:16:20','[\"products\\/product-19.jpg\",\"products\\/product-48.jpg\"]'),(222,3,38,3.00,'Amazing code, amazing support. Overall, im really confident in Botble and im happy I made the right choice! Thank you so much guys for coding this masterpiece','published','2024-01-06 17:16:20','2024-01-06 17:16:20','[\"products\\/product-11.jpg\",\"products\\/product-72.jpg\"]'),(223,1,35,4.00,'Best ecommerce CMS online store!','published','2024-01-06 17:16:20','2024-01-06 17:16:20','[\"products\\/product-6.jpg\",\"products\\/product-34.jpg\",\"products\\/product-53.jpg\"]'),(224,1,14,4.00,'Very enthusiastic support! Excellent code is written. It\'s a true pleasure working with.','published','2024-01-06 17:16:20','2024-01-06 17:16:20','[\"products\\/product-5.jpg\"]'),(225,10,29,3.00,'I Love this Script. I also found how to add other fees. Now I just wait the BIG update for the Marketplace with the Bulk Import. Just do not forget to make it to be Multi-language for us the Botble Fans.','published','2024-01-06 17:16:20','2024-01-06 17:16:20','[\"products\\/product-33.jpg\",\"products\\/product-51.jpg\",\"products\\/product-55.jpg\",\"products\\/product-79.jpg\"]'),(226,7,60,5.00,'We have received brilliant service support and will be expanding the features with the developer. Nice product!','published','2024-01-06 17:16:20','2024-01-06 17:16:20','[\"products\\/product-14.jpg\",\"products\\/product-47.jpg\"]'),(227,2,30,5.00,'Ok good product. I have some issues in customizations. But its not correct to blame the developer. The product is good. Good luck for your business.','published','2024-01-06 17:16:20','2024-01-06 17:16:20','[\"products\\/product-3.jpg\",\"products\\/product-81.jpg\"]'),(229,2,17,4.00,'The code is good, in general, if you like it, can you give it 5 stars?','published','2024-01-06 17:16:20','2024-01-06 17:16:20','[\"products\\/product-29.jpg\",\"products\\/product-49.jpg\",\"products\\/product-66.jpg\",\"products\\/product-93.jpg\"]'),(230,6,24,5.00,'Amazing code, amazing support. Overall, im really confident in Botble and im happy I made the right choice! Thank you so much guys for coding this masterpiece','published','2024-01-06 17:16:20','2024-01-06 17:16:20','[\"products\\/product-9.jpg\",\"products\\/product-16.jpg\"]'),(231,4,16,2.00,'Very enthusiastic support! Excellent code is written. It\'s a true pleasure working with.','published','2024-01-06 17:16:20','2024-01-06 17:16:20','[\"products\\/product-4.jpg\",\"products\\/product-81.jpg\"]'),(232,3,56,3.00,'Second or third time that I buy a Botble product, happy with the products and support. You guys do a good job :)','published','2024-01-06 17:16:20','2024-01-06 17:16:20','[\"products\\/pla-product-02.jpg\",\"products\\/product-62.jpg\"]'),(233,5,60,1.00,'The best ecommerce CMS! Excellent coding! best support service! Thank you so much..... I really like your hard work.','published','2024-01-06 17:16:20','2024-01-06 17:16:20','[\"products\\/product-94.jpg\"]'),(234,8,52,5.00,'As a developer I reviewed this script. This is really awesome ecommerce script. I have convinced when I noticed that it\'s built on fully WordPress concept.','published','2024-01-06 17:16:20','2024-01-06 17:16:20','[\"products\\/product-40.jpg\",\"products\\/product-70.jpg\",\"products\\/product-90.jpg\"]'),(238,6,73,5.00,'The script is the best of its class, fast, easy to implement and work with , and the most important thing is the great support team , Recommend with no doubt.','published','2024-01-06 17:16:20','2024-01-06 17:16:20','[\"products\\/product-56.jpg\",\"products\\/product-57.jpg\",\"products\\/product-62.jpg\",\"products\\/product-94.jpg\"]'),(239,8,21,3.00,'The best ecommerce CMS! Excellent coding! best support service! Thank you so much..... I really like your hard work.','published','2024-01-06 17:16:20','2024-01-06 17:16:20','[\"products\\/product-2.jpg\",\"products\\/product-87.jpg\"]'),(240,9,45,3.00,'Clean & perfect source code','published','2024-01-06 17:16:20','2024-01-06 17:16:20','[\"products\\/product-45.jpg\",\"products\\/product-60.jpg\",\"products\\/product-61.jpg\"]'),(241,4,43,4.00,'The code is good, in general, if you like it, can you give it 5 stars?','published','2024-01-06 17:16:20','2024-01-06 17:16:20','[\"products\\/product-6.jpg\",\"products\\/product-26.jpg\",\"products\\/product-59.jpg\",\"products\\/product-61.jpg\"]'),(242,5,30,4.00,'Ok good product. I have some issues in customizations. But its not correct to blame the developer. The product is good. Good luck for your business.','published','2024-01-06 17:16:20','2024-01-06 17:16:20','[\"products\\/product-32.jpg\",\"products\\/product-41.jpg\"]'),(243,1,11,5.00,'As a developer I reviewed this script. This is really awesome ecommerce script. I have convinced when I noticed that it\'s built on fully WordPress concept.','published','2024-01-06 17:16:20','2024-01-06 17:16:20','[\"products\\/product-80.jpg\"]'),(244,4,51,2.00,'The script is the best of its class, fast, easy to implement and work with , and the most important thing is the great support team , Recommend with no doubt.','published','2024-01-06 17:16:20','2024-01-06 17:16:20','[\"products\\/pla-product-01.jpg\",\"products\\/product-23.jpg\",\"products\\/product-29.jpg\",\"products\\/product-46.jpg\"]'),(245,9,11,1.00,'Customer Support are grade (A*), however the code is a way too over engineered for it\'s purpose.','published','2024-01-06 17:16:20','2024-01-06 17:16:20','[\"products\\/product-85.jpg\"]'),(246,8,43,2.00,'For me the best eCommerce script on Envato at this moment: modern, clean code, a lot of great features. The customer support is great too: I always get an answer within hours!','published','2024-01-06 17:16:20','2024-01-06 17:16:20','[\"products\\/pla-product-02.jpg\",\"products\\/product-22.jpg\"]'),(248,10,35,1.00,'The code is good, in general, if you like it, can you give it 5 stars?','published','2024-01-06 17:16:20','2024-01-06 17:16:20','[\"products\\/product-8.jpg\",\"products\\/product-40.jpg\"]'),(249,6,11,1.00,'These guys are amazing! Responses immediately, amazing support and help... I immediately feel at ease after Purchasing..','published','2024-01-06 17:16:20','2024-01-06 17:16:20','[\"products\\/product-25.jpg\",\"products\\/product-69.jpg\"]'),(252,6,68,3.00,'The best ecommerce CMS! Excellent coding! best support service! Thank you so much..... I really like your hard work.','published','2024-01-06 17:16:20','2024-01-06 17:16:20','[\"products\\/product-48.jpg\"]'),(253,2,61,3.00,'Great E-commerce system. And much more : Wonderful Customer Support.','published','2024-01-06 17:16:20','2024-01-06 17:16:20','[\"products\\/product-65.jpg\"]'),(256,8,36,1.00,'These guys are amazing! Responses immediately, amazing support and help... I immediately feel at ease after Purchasing..','published','2024-01-06 17:16:20','2024-01-06 17:16:20','[\"products\\/product-3.jpg\",\"products\\/product-60.jpg\"]'),(258,10,47,4.00,'Customer Support are grade (A*), however the code is a way too over engineered for it\'s purpose.','published','2024-01-06 17:16:20','2024-01-06 17:16:20','[\"products\\/product-8.jpg\"]'),(259,5,53,3.00,'This web app is really good in design, code quality & features. Besides, the customer support provided by the Botble team was really fast & helpful. You guys are awesome!','published','2024-01-06 17:16:20','2024-01-06 17:16:20','[\"products\\/product-41.jpg\",\"products\\/product-74.jpg\",\"products\\/product-85.jpg\"]'),(260,9,9,3.00,'Solution is too robust for our purpose so we didn\'t use it at the end. But I appreciate customer support during initial configuration.','published','2024-01-06 17:16:20','2024-01-06 17:16:20','[\"products\\/product-41.jpg\",\"products\\/product-83.jpg\"]'),(261,6,49,2.00,'The code is good, in general, if you like it, can you give it 5 stars?','published','2024-01-06 17:16:20','2024-01-06 17:16:20','[\"products\\/product-26.jpg\",\"products\\/product-49.jpg\",\"products\\/product-70.jpg\",\"products\\/product-95.jpg\"]'),(262,5,46,4.00,'For me the best eCommerce script on Envato at this moment: modern, clean code, a lot of great features. The customer support is great too: I always get an answer within hours!','published','2024-01-06 17:16:20','2024-01-06 17:16:20','[\"products\\/product-38.jpg\"]'),(263,2,40,3.00,'I Love this Script. I also found how to add other fees. Now I just wait the BIG update for the Marketplace with the Bulk Import. Just do not forget to make it to be Multi-language for us the Botble Fans.','published','2024-01-06 17:16:20','2024-01-06 17:16:20','[\"products\\/product-7.jpg\",\"products\\/product-36.jpg\",\"products\\/product-54.jpg\",\"products\\/product-87.jpg\"]'),(266,1,40,5.00,'Very enthusiastic support! Excellent code is written. It\'s a true pleasure working with.','published','2024-01-06 17:16:20','2024-01-06 17:16:20','[\"products\\/pla-product-02.jpg\",\"products\\/product-30.jpg\",\"products\\/product-69.jpg\",\"products\\/product-79.jpg\"]'),(268,5,47,5.00,'Very enthusiastic support! Excellent code is written. It\'s a true pleasure working with.','published','2024-01-06 17:16:20','2024-01-06 17:16:20','[\"products\\/product-27.jpg\"]'),(269,8,30,1.00,'Very enthusiastic support! Excellent code is written. It\'s a true pleasure working with.','published','2024-01-06 17:16:20','2024-01-06 17:16:20','[\"products\\/pla-product-02.jpg\",\"products\\/product-4.jpg\",\"products\\/product-68.jpg\",\"products\\/product-84.jpg\"]'),(270,9,52,3.00,'It\'s not my first experience here on Codecanyon and I can honestly tell you all that Botble puts a LOT of effort into the support. They answer so fast, they helped me tons of times. REALLY by far THE BEST EXPERIENCE on Codecanyon. Those guys at Botble are so good that they deserve 5 stars. I recommend them, I trust them and I can\'t wait to see what they will sell in a near future. Thank you Botble :)','published','2024-01-06 17:16:20','2024-01-06 17:16:20','[\"products\\/product-50.jpg\",\"products\\/product-54.jpg\",\"products\\/product-59.jpg\",\"products\\/product-73.jpg\"]'),(272,2,16,2.00,'We have received brilliant service support and will be expanding the features with the developer. Nice product!','published','2024-01-06 17:16:20','2024-01-06 17:16:20','[\"products\\/product-17.jpg\",\"products\\/product-26.jpg\",\"products\\/product-49.jpg\",\"products\\/product-77.jpg\"]'),(273,6,62,1.00,'The code is good, in general, if you like it, can you give it 5 stars?','published','2024-01-06 17:16:20','2024-01-06 17:16:20','[\"products\\/product-49.jpg\"]'),(274,1,33,2.00,'We have received brilliant service support and will be expanding the features with the developer. Nice product!','published','2024-01-06 17:16:20','2024-01-06 17:16:20','[\"products\\/product-2.jpg\",\"products\\/product-20.jpg\",\"products\\/product-45.jpg\"]'),(275,6,35,2.00,'Clean & perfect source code','published','2024-01-06 17:16:20','2024-01-06 17:16:20','[\"products\\/product-4.jpg\",\"products\\/product-69.jpg\",\"products\\/product-88.jpg\"]'),(276,8,26,2.00,'The script is the best of its class, fast, easy to implement and work with , and the most important thing is the great support team , Recommend with no doubt.','published','2024-01-06 17:16:20','2024-01-06 17:16:20','[\"products\\/product-19.jpg\"]'),(277,9,54,2.00,'Very enthusiastic support! Excellent code is written. It\'s a true pleasure working with.','published','2024-01-06 17:16:20','2024-01-06 17:16:20','[\"products\\/product-8.jpg\",\"products\\/product-73.jpg\"]'),(279,4,57,5.00,'Very enthusiastic support! Excellent code is written. It\'s a true pleasure working with.','published','2024-01-06 17:16:20','2024-01-06 17:16:20','[\"products\\/product-6.jpg\",\"products\\/product-13.jpg\"]'),(281,5,69,3.00,'Amazing code, amazing support. Overall, im really confident in Botble and im happy I made the right choice! Thank you so much guys for coding this masterpiece','published','2024-01-06 17:16:20','2024-01-06 17:16:20','[\"products\\/product-5.jpg\",\"products\\/product-48.jpg\",\"products\\/product-72.jpg\",\"products\\/product-85.jpg\"]'),(282,5,39,4.00,'We have received brilliant service support and will be expanding the features with the developer. Nice product!','published','2024-01-06 17:16:20','2024-01-06 17:16:20','[\"products\\/product-24.jpg\",\"products\\/product-30.jpg\",\"products\\/product-58.jpg\"]'),(283,6,5,3.00,'We have received brilliant service support and will be expanding the features with the developer. Nice product!','published','2024-01-06 17:16:20','2024-01-06 17:16:20','[\"products\\/product-59.jpg\",\"products\\/product-68.jpg\",\"products\\/product-70.jpg\"]'),(284,3,34,5.00,'For me the best eCommerce script on Envato at this moment: modern, clean code, a lot of great features. The customer support is great too: I always get an answer within hours!','published','2024-01-06 17:16:20','2024-01-06 17:16:20','[\"products\\/product-63.jpg\",\"products\\/product-79.jpg\"]'),(285,3,74,5.00,'Those guys now what they are doing, the release such a good product that it\'s a pleasure to work with ! Even when I was stuck on the project, I created a ticket and the next day it was replied by the team. GOOD JOB guys. I love working with them :)','published','2024-01-06 17:16:20','2024-01-06 17:16:20','[\"products\\/product-34.jpg\",\"products\\/product-47.jpg\",\"products\\/product-65.jpg\",\"products\\/product-93.jpg\"]'),(288,7,58,2.00,'We have received brilliant service support and will be expanding the features with the developer. Nice product!','published','2024-01-06 17:16:20','2024-01-06 17:16:20','[\"products\\/pla-product-01.jpg\"]'),(290,7,72,4.00,'These guys are amazing! Responses immediately, amazing support and help... I immediately feel at ease after Purchasing..','published','2024-01-06 17:16:20','2024-01-06 17:16:20','[\"products\\/product-11.jpg\",\"products\\/product-21.jpg\",\"products\\/product-74.jpg\"]'),(291,7,25,1.00,'These guys are amazing! Responses immediately, amazing support and help... I immediately feel at ease after Purchasing..','published','2024-01-06 17:16:20','2024-01-06 17:16:20','[\"products\\/product-67.jpg\"]'),(292,4,65,5.00,'Great system, great support, good job Botble. I\'m looking forward to more great functional plugins.','published','2024-01-06 17:16:20','2024-01-06 17:16:20','[\"products\\/product-22.jpg\",\"products\\/product-25.jpg\",\"products\\/product-65.jpg\"]'),(293,8,44,3.00,'Second or third time that I buy a Botble product, happy with the products and support. You guys do a good job :)','published','2024-01-06 17:16:20','2024-01-06 17:16:20','[\"products\\/product-12.jpg\"]'),(294,8,42,4.00,'The best ecommerce CMS! Excellent coding! best support service! Thank you so much..... I really like your hard work.','published','2024-01-06 17:16:20','2024-01-06 17:16:20','[\"products\\/product-63.jpg\"]'),(295,2,42,1.00,'Great E-commerce system. And much more : Wonderful Customer Support.','published','2024-01-06 17:16:20','2024-01-06 17:16:20','[\"products\\/product-17.jpg\",\"products\\/product-90.jpg\"]'),(298,2,8,5.00,'Perfect +++++++++ i love it really also i get to fast ticket answers... Thanks Lot BOTBLE Teams','published','2024-01-06 17:16:20','2024-01-06 17:16:20','[\"products\\/product-5.jpg\",\"products\\/product-64.jpg\",\"products\\/product-93.jpg\"]'),(299,1,58,5.00,'As a developer I reviewed this script. This is really awesome ecommerce script. I have convinced when I noticed that it\'s built on fully WordPress concept.','published','2024-01-06 17:16:20','2024-01-06 17:16:20','[\"products\\/product-2.jpg\"]'),(301,10,34,4.00,'Perfect +++++++++ i love it really also i get to fast ticket answers... Thanks Lot BOTBLE Teams','published','2024-01-06 17:16:20','2024-01-06 17:16:20','[\"products\\/product-25.jpg\",\"products\\/product-37.jpg\",\"products\\/product-40.jpg\"]'),(302,7,62,5.00,'Customer Support are grade (A*), however the code is a way too over engineered for it\'s purpose.','published','2024-01-06 17:16:20','2024-01-06 17:16:20','[\"products\\/product-4.jpg\",\"products\\/product-31.jpg\",\"products\\/product-52.jpg\",\"products\\/product-55.jpg\"]'),(303,1,59,5.00,'This script is well coded and is super fast. The support is pretty quick. Very patient and helpful team. I strongly recommend it and they deserve more than 5 stars.','published','2024-01-06 17:16:20','2024-01-06 17:16:20','[\"products\\/product-43.jpg\"]'),(304,3,57,4.00,'Solution is too robust for our purpose so we didn\'t use it at the end. But I appreciate customer support during initial configuration.','published','2024-01-06 17:16:20','2024-01-06 17:16:20','[\"products\\/product-5.jpg\"]'),(306,6,1,4.00,'As a developer I reviewed this script. This is really awesome ecommerce script. I have convinced when I noticed that it\'s built on fully WordPress concept.','published','2024-01-06 17:16:20','2024-01-06 17:16:20','[\"products\\/product-57.jpg\",\"products\\/product-65.jpg\",\"products\\/product-71.jpg\",\"products\\/product-74.jpg\"]'),(307,6,9,4.00,'Ok good product. I have some issues in customizations. But its not correct to blame the developer. The product is good. Good luck for your business.','published','2024-01-06 17:16:20','2024-01-06 17:16:20','[\"products\\/product-42.jpg\",\"products\\/product-74.jpg\",\"products\\/product-83.jpg\",\"products\\/product-85.jpg\"]'),(308,8,50,4.00,'We have received brilliant service support and will be expanding the features with the developer. Nice product!','published','2024-01-06 17:16:20','2024-01-06 17:16:20','[\"products\\/product-31.jpg\"]'),(311,9,75,2.00,'It\'s not my first experience here on Codecanyon and I can honestly tell you all that Botble puts a LOT of effort into the support. They answer so fast, they helped me tons of times. REALLY by far THE BEST EXPERIENCE on Codecanyon. Those guys at Botble are so good that they deserve 5 stars. I recommend them, I trust them and I can\'t wait to see what they will sell in a near future. Thank you Botble :)','published','2024-01-06 17:16:20','2024-01-06 17:16:20','[\"products\\/product-90.jpg\"]'),(313,10,15,4.00,'Perfect +++++++++ i love it really also i get to fast ticket answers... Thanks Lot BOTBLE Teams','published','2024-01-06 17:16:20','2024-01-06 17:16:20','[\"products\\/product-25.jpg\",\"products\\/product-26.jpg\",\"products\\/product-37.jpg\",\"products\\/product-91.jpg\"]'),(314,8,8,5.00,'These guys are amazing! Responses immediately, amazing support and help... I immediately feel at ease after Purchasing..','published','2024-01-06 17:16:20','2024-01-06 17:16:20','[\"products\\/pla-product-03.jpg\",\"products\\/product-43.jpg\",\"products\\/product-84.jpg\",\"products\\/product-86.jpg\"]'),(316,6,70,4.00,'Very enthusiastic support! Excellent code is written. It\'s a true pleasure working with.','published','2024-01-06 17:16:20','2024-01-06 17:16:20','[\"products\\/product-7.jpg\",\"products\\/product-66.jpg\"]'),(317,1,9,3.00,'We have received brilliant service support and will be expanding the features with the developer. Nice product!','published','2024-01-06 17:16:20','2024-01-06 17:16:20','[\"products\\/product-19.jpg\",\"products\\/product-57.jpg\"]'),(318,7,2,4.00,'I Love this Script. I also found how to add other fees. Now I just wait the BIG update for the Marketplace with the Bulk Import. Just do not forget to make it to be Multi-language for us the Botble Fans.','published','2024-01-06 17:16:20','2024-01-06 17:16:20','[\"products\\/product-36.jpg\"]'),(319,7,52,5.00,'Ok good product. I have some issues in customizations. But its not correct to blame the developer. The product is good. Good luck for your business.','published','2024-01-06 17:16:20','2024-01-06 17:16:20','[\"products\\/product-14.jpg\",\"products\\/product-59.jpg\"]'),(320,1,63,1.00,'Those guys now what they are doing, the release such a good product that it\'s a pleasure to work with ! Even when I was stuck on the project, I created a ticket and the next day it was replied by the team. GOOD JOB guys. I love working with them :)','published','2024-01-06 17:16:20','2024-01-06 17:16:20','[\"products\\/product-13.jpg\",\"products\\/product-27.jpg\",\"products\\/product-53.jpg\",\"products\\/product-82.jpg\"]'),(323,7,69,3.00,'This script is well coded and is super fast. The support is pretty quick. Very patient and helpful team. I strongly recommend it and they deserve more than 5 stars.','published','2024-01-06 17:16:20','2024-01-06 17:16:20','[\"products\\/pla-product-04.jpg\",\"products\\/product-11.jpg\",\"products\\/product-35.jpg\"]'),(324,3,70,2.00,'Great system, great support, good job Botble. I\'m looking forward to more great functional plugins.','published','2024-01-06 17:16:20','2024-01-06 17:16:20','[\"products\\/product-20.jpg\",\"products\\/product-76.jpg\",\"products\\/product-95.jpg\"]'),(325,4,69,1.00,'I Love this Script. I also found how to add other fees. Now I just wait the BIG update for the Marketplace with the Bulk Import. Just do not forget to make it to be Multi-language for us the Botble Fans.','published','2024-01-06 17:16:20','2024-01-06 17:16:20','[\"products\\/product-41.jpg\",\"products\\/product-51.jpg\",\"products\\/product-75.jpg\",\"products\\/product-81.jpg\"]'),(328,5,41,4.00,'Second or third time that I buy a Botble product, happy with the products and support. You guys do a good job :)','published','2024-01-06 17:16:20','2024-01-06 17:16:20','[\"products\\/product-77.jpg\"]'),(329,3,36,2.00,'This script is well coded and is super fast. The support is pretty quick. Very patient and helpful team. I strongly recommend it and they deserve more than 5 stars.','published','2024-01-06 17:16:20','2024-01-06 17:16:20','[\"products\\/product-31.jpg\",\"products\\/product-83.jpg\"]'),(330,7,36,2.00,'Good app, good backup service and support. Good documentation.','published','2024-01-06 17:16:20','2024-01-06 17:16:20','[\"products\\/product-53.jpg\",\"products\\/product-58.jpg\",\"products\\/product-86.jpg\"]'),(331,9,31,3.00,'Great system, great support, good job Botble. I\'m looking forward to more great functional plugins.','published','2024-01-06 17:16:20','2024-01-06 17:16:20','[\"products\\/product-42.jpg\"]'),(333,7,1,5.00,'Good app, good backup service and support. Good documentation.','published','2024-01-06 17:16:20','2024-01-06 17:16:20','[\"products\\/product-15.jpg\",\"products\\/product-24.jpg\",\"products\\/product-37.jpg\",\"products\\/product-94.jpg\"]'),(334,10,28,3.00,'Ok good product. I have some issues in customizations. But its not correct to blame the developer. The product is good. Good luck for your business.','published','2024-01-06 17:16:20','2024-01-06 17:16:20','[\"products\\/product-3.jpg\",\"products\\/product-9.jpg\",\"products\\/product-12.jpg\",\"products\\/product-88.jpg\"]'),(335,2,13,1.00,'These guys are amazing! Responses immediately, amazing support and help... I immediately feel at ease after Purchasing..','published','2024-01-06 17:16:20','2024-01-06 17:16:20','[\"products\\/product-2.jpg\",\"products\\/product-69.jpg\",\"products\\/product-95.jpg\"]'),(338,8,56,2.00,'Those guys now what they are doing, the release such a good product that it\'s a pleasure to work with ! Even when I was stuck on the project, I created a ticket and the next day it was replied by the team. GOOD JOB guys. I love working with them :)','published','2024-01-06 17:16:20','2024-01-06 17:16:20','[\"products\\/product-49.jpg\"]'),(339,3,25,2.00,'Amazing code, amazing support. Overall, im really confident in Botble and im happy I made the right choice! Thank you so much guys for coding this masterpiece','published','2024-01-06 17:16:20','2024-01-06 17:16:20','[\"products\\/product-13.jpg\",\"products\\/product-64.jpg\",\"products\\/product-76.jpg\"]'),(340,9,47,2.00,'Good app, good backup service and support. Good documentation.','published','2024-01-06 17:16:20','2024-01-06 17:16:20','[\"products\\/product-39.jpg\"]'),(341,1,52,3.00,'This web app is really good in design, code quality & features. Besides, the customer support provided by the Botble team was really fast & helpful. You guys are awesome!','published','2024-01-06 17:16:20','2024-01-06 17:16:20','[\"products\\/product-37.jpg\",\"products\\/product-75.jpg\"]'),(342,3,48,1.00,'The script is the best of its class, fast, easy to implement and work with , and the most important thing is the great support team , Recommend with no doubt.','published','2024-01-06 17:16:20','2024-01-06 17:16:20','[\"products\\/product-77.jpg\"]'),(343,8,25,3.00,'The code is good, in general, if you like it, can you give it 5 stars?','published','2024-01-06 17:16:20','2024-01-06 17:16:20','[\"products\\/product-24.jpg\"]'),(345,9,1,2.00,'The code is good, in general, if you like it, can you give it 5 stars?','published','2024-01-06 17:16:20','2024-01-06 17:16:20','[\"products\\/product-3.jpg\",\"products\\/product-6.jpg\",\"products\\/product-32.jpg\"]'),(346,10,19,5.00,'These guys are amazing! Responses immediately, amazing support and help... I immediately feel at ease after Purchasing..','published','2024-01-06 17:16:20','2024-01-06 17:16:20','[\"products\\/product-45.jpg\",\"products\\/product-55.jpg\"]'),(348,10,44,2.00,'I Love this Script. I also found how to add other fees. Now I just wait the BIG update for the Marketplace with the Bulk Import. Just do not forget to make it to be Multi-language for us the Botble Fans.','published','2024-01-06 17:16:20','2024-01-06 17:16:20','[\"products\\/product-47.jpg\",\"products\\/product-50.jpg\",\"products\\/product-95.jpg\"]'),(349,6,32,1.00,'Great system, great support, good job Botble. I\'m looking forward to more great functional plugins.','published','2024-01-06 17:16:20','2024-01-06 17:16:20','[\"products\\/product-48.jpg\"]'),(350,7,15,5.00,'These guys are amazing! Responses immediately, amazing support and help... I immediately feel at ease after Purchasing..','published','2024-01-06 17:16:20','2024-01-06 17:16:20','[\"products\\/product-26.jpg\",\"products\\/product-68.jpg\",\"products\\/product-69.jpg\"]'),(351,10,14,3.00,'Ok good product. I have some issues in customizations. But its not correct to blame the developer. The product is good. Good luck for your business.','published','2024-01-06 17:16:20','2024-01-06 17:16:20','[\"products\\/product-46.jpg\",\"products\\/product-68.jpg\",\"products\\/product-88.jpg\"]'),(352,7,4,1.00,'Perfect +++++++++ i love it really also i get to fast ticket answers... Thanks Lot BOTBLE Teams','published','2024-01-06 17:16:20','2024-01-06 17:16:20','[\"products\\/product-8.jpg\",\"products\\/product-36.jpg\",\"products\\/product-59.jpg\",\"products\\/product-73.jpg\"]'),(353,9,10,2.00,'This web app is really good in design, code quality & features. Besides, the customer support provided by the Botble team was really fast & helpful. You guys are awesome!','published','2024-01-06 17:16:20','2024-01-06 17:16:20','[\"products\\/product-6.jpg\",\"products\\/product-50.jpg\",\"products\\/product-66.jpg\",\"products\\/product-85.jpg\"]'),(354,2,18,5.00,'Great system, great support, good job Botble. I\'m looking forward to more great functional plugins.','published','2024-01-06 17:16:20','2024-01-06 17:16:20','[\"products\\/product-86.jpg\"]'),(356,10,48,2.00,'Great system, great support, good job Botble. I\'m looking forward to more great functional plugins.','published','2024-01-06 17:16:20','2024-01-06 17:16:20','[\"products\\/product-34.jpg\",\"products\\/product-41.jpg\",\"products\\/product-87.jpg\"]'),(362,4,64,5.00,'The best ecommerce CMS! Excellent coding! best support service! Thank you so much..... I really like your hard work.','published','2024-01-06 17:16:20','2024-01-06 17:16:20','[\"products\\/product-5.jpg\",\"products\\/product-8.jpg\",\"products\\/product-23.jpg\",\"products\\/product-66.jpg\"]'),(363,9,73,3.00,'Ok good product. I have some issues in customizations. But its not correct to blame the developer. The product is good. Good luck for your business.','published','2024-01-06 17:16:20','2024-01-06 17:16:20','[\"products\\/product-50.jpg\",\"products\\/product-58.jpg\",\"products\\/product-70.jpg\"]'),(364,9,37,1.00,'For me the best eCommerce script on Envato at this moment: modern, clean code, a lot of great features. The customer support is great too: I always get an answer within hours!','published','2024-01-06 17:16:20','2024-01-06 17:16:20','[\"products\\/product-20.jpg\",\"products\\/product-61.jpg\"]'),(365,3,43,1.00,'Good app, good backup service and support. Good documentation.','published','2024-01-06 17:16:20','2024-01-06 17:16:20','[\"products\\/pla-product-01.jpg\",\"products\\/product-93.jpg\"]'),(368,7,50,4.00,'For me the best eCommerce script on Envato at this moment: modern, clean code, a lot of great features. The customer support is great too: I always get an answer within hours!','published','2024-01-06 17:16:20','2024-01-06 17:16:20','[\"products\\/product-61.jpg\",\"products\\/product-67.jpg\",\"products\\/product-85.jpg\",\"products\\/product-86.jpg\"]'),(370,1,2,2.00,'Great E-commerce system. And much more : Wonderful Customer Support.','published','2024-01-06 17:16:20','2024-01-06 17:16:20','[\"products\\/pla-product-02.jpg\",\"products\\/product-81.jpg\",\"products\\/product-83.jpg\"]'),(372,3,29,4.00,'Customer Support are grade (A*), however the code is a way too over engineered for it\'s purpose.','published','2024-01-06 17:16:20','2024-01-06 17:16:20','[\"products\\/product-67.jpg\"]'),(374,2,24,1.00,'Very enthusiastic support! Excellent code is written. It\'s a true pleasure working with.','published','2024-01-06 17:16:20','2024-01-06 17:16:20','[\"products\\/product-94.jpg\"]'),(376,1,51,1.00,'It\'s not my first experience here on Codecanyon and I can honestly tell you all that Botble puts a LOT of effort into the support. They answer so fast, they helped me tons of times. REALLY by far THE BEST EXPERIENCE on Codecanyon. Those guys at Botble are so good that they deserve 5 stars. I recommend them, I trust them and I can\'t wait to see what they will sell in a near future. Thank you Botble :)','published','2024-01-06 17:16:20','2024-01-06 17:16:20','[\"products\\/product-81.jpg\",\"products\\/product-91.jpg\"]'),(377,9,28,5.00,'Second or third time that I buy a Botble product, happy with the products and support. You guys do a good job :)','published','2024-01-06 17:16:20','2024-01-06 17:16:20','[\"products\\/product-32.jpg\",\"products\\/product-85.jpg\"]'),(378,10,21,5.00,'Great E-commerce system. And much more : Wonderful Customer Support.','published','2024-01-06 17:16:20','2024-01-06 17:16:20','[\"products\\/product-31.jpg\",\"products\\/product-88.jpg\",\"products\\/product-92.jpg\"]'),(381,2,15,4.00,'Very enthusiastic support! Excellent code is written. It\'s a true pleasure working with.','published','2024-01-06 17:16:20','2024-01-06 17:16:20','[\"products\\/product-4.jpg\",\"products\\/product-68.jpg\",\"products\\/product-91.jpg\",\"products\\/product-95.jpg\"]'),(382,2,3,2.00,'Cool template. Excellent code quality. The support responds very quickly, which is very rare on themeforest and codecanyon.net, I buy a lot of templates, and everyone will have a response from technical support for two or three days. Thanks to tech support. I recommend to buy.','published','2024-01-06 17:16:20','2024-01-06 17:16:20','[\"products\\/product-12.jpg\"]'),(388,4,74,4.00,'This script is well coded and is super fast. The support is pretty quick. Very patient and helpful team. I strongly recommend it and they deserve more than 5 stars.','published','2024-01-06 17:16:20','2024-01-06 17:16:20','[\"products\\/product-1.jpg\"]'),(389,8,66,5.00,'Great E-commerce system. And much more : Wonderful Customer Support.','published','2024-01-06 17:16:20','2024-01-06 17:16:20','[\"products\\/product-39.jpg\",\"products\\/product-56.jpg\"]'),(391,10,4,1.00,'For me the best eCommerce script on Envato at this moment: modern, clean code, a lot of great features. The customer support is great too: I always get an answer within hours!','published','2024-01-06 17:16:20','2024-01-06 17:16:20','[\"products\\/product-56.jpg\",\"products\\/product-87.jpg\"]'),(392,7,27,4.00,'The code is good, in general, if you like it, can you give it 5 stars?','published','2024-01-06 17:16:20','2024-01-06 17:16:20','[\"products\\/product-5.jpg\"]'),(393,10,45,2.00,'Great system, great support, good job Botble. I\'m looking forward to more great functional plugins.','published','2024-01-06 17:16:20','2024-01-06 17:16:20','[\"products\\/product-17.jpg\",\"products\\/product-69.jpg\",\"products\\/product-95.jpg\"]'),(396,5,44,2.00,'We have received brilliant service support and will be expanding the features with the developer. Nice product!','published','2024-01-06 17:16:20','2024-01-06 17:16:20','[\"products\\/product-17.jpg\",\"products\\/product-56.jpg\",\"products\\/product-61.jpg\"]'),(398,6,66,1.00,'These guys are amazing! Responses immediately, amazing support and help... I immediately feel at ease after Purchasing..','published','2024-01-06 17:16:20','2024-01-06 17:16:20','[\"products\\/product-31.jpg\",\"products\\/product-55.jpg\"]'),(400,8,13,3.00,'These guys are amazing! Responses immediately, amazing support and help... I immediately feel at ease after Purchasing..','published','2024-01-06 17:16:20','2024-01-06 17:16:20','[\"products\\/product-29.jpg\",\"products\\/product-38.jpg\",\"products\\/product-88.jpg\"]'),(403,7,19,2.00,'Those guys now what they are doing, the release such a good product that it\'s a pleasure to work with ! Even when I was stuck on the project, I created a ticket and the next day it was replied by the team. GOOD JOB guys. I love working with them :)','published','2024-01-06 17:16:20','2024-01-06 17:16:20','[\"products\\/product-5.jpg\",\"products\\/product-23.jpg\",\"products\\/product-72.jpg\"]'),(404,10,56,5.00,'Great system, great support, good job Botble. I\'m looking forward to more great functional plugins.','published','2024-01-06 17:16:20','2024-01-06 17:16:20','[\"products\\/product-40.jpg\"]'),(406,3,59,4.00,'Amazing code, amazing support. Overall, im really confident in Botble and im happy I made the right choice! Thank you so much guys for coding this masterpiece','published','2024-01-06 17:16:20','2024-01-06 17:16:20','[\"products\\/product-57.jpg\"]'),(407,1,31,1.00,'Second or third time that I buy a Botble product, happy with the products and support. You guys do a good job :)','published','2024-01-06 17:16:20','2024-01-06 17:16:20','[\"products\\/product-19.jpg\",\"products\\/product-24.jpg\",\"products\\/product-79.jpg\"]'),(408,7,32,4.00,'For me the best eCommerce script on Envato at this moment: modern, clean code, a lot of great features. The customer support is great too: I always get an answer within hours!','published','2024-01-06 17:16:20','2024-01-06 17:16:20','[\"products\\/product-11.jpg\",\"products\\/product-28.jpg\",\"products\\/product-70.jpg\"]'),(409,9,17,4.00,'Second or third time that I buy a Botble product, happy with the products and support. You guys do a good job :)','published','2024-01-06 17:16:20','2024-01-06 17:16:20','[\"products\\/product-17.jpg\",\"products\\/product-18.jpg\",\"products\\/product-38.jpg\",\"products\\/product-87.jpg\"]'),(410,1,61,4.00,'As a developer I reviewed this script. This is really awesome ecommerce script. I have convinced when I noticed that it\'s built on fully WordPress concept.','published','2024-01-06 17:16:20','2024-01-06 17:16:20','[\"products\\/product-11.jpg\",\"products\\/product-12.jpg\",\"products\\/product-76.jpg\"]'),(413,5,7,5.00,'It\'s not my first experience here on Codecanyon and I can honestly tell you all that Botble puts a LOT of effort into the support. They answer so fast, they helped me tons of times. REALLY by far THE BEST EXPERIENCE on Codecanyon. Those guys at Botble are so good that they deserve 5 stars. I recommend them, I trust them and I can\'t wait to see what they will sell in a near future. Thank you Botble :)','published','2024-01-06 17:16:20','2024-01-06 17:16:20','[\"products\\/product-15.jpg\"]'),(415,8,5,5.00,'Cool template. Excellent code quality. The support responds very quickly, which is very rare on themeforest and codecanyon.net, I buy a lot of templates, and everyone will have a response from technical support for two or three days. Thanks to tech support. I recommend to buy.','published','2024-01-06 17:16:20','2024-01-06 17:16:20','[\"products\\/product-6.jpg\"]'),(416,3,1,4.00,'Ok good product. I have some issues in customizations. But its not correct to blame the developer. The product is good. Good luck for your business.','published','2024-01-06 17:16:20','2024-01-06 17:16:20','[\"products\\/product-74.jpg\"]'),(417,2,33,2.00,'It\'s not my first experience here on Codecanyon and I can honestly tell you all that Botble puts a LOT of effort into the support. They answer so fast, they helped me tons of times. REALLY by far THE BEST EXPERIENCE on Codecanyon. Those guys at Botble are so good that they deserve 5 stars. I recommend them, I trust them and I can\'t wait to see what they will sell in a near future. Thank you Botble :)','published','2024-01-06 17:16:20','2024-01-06 17:16:20','[\"products\\/product-62.jpg\",\"products\\/product-90.jpg\"]'),(418,10,49,5.00,'Good app, good backup service and support. Good documentation.','published','2024-01-06 17:16:20','2024-01-06 17:16:20','[\"products\\/product-35.jpg\",\"products\\/product-43.jpg\"]'),(419,5,54,2.00,'Best ecommerce CMS online store!','published','2024-01-06 17:16:20','2024-01-06 17:16:20','[\"products\\/product-86.jpg\"]'),(422,1,30,4.00,'Great E-commerce system. And much more : Wonderful Customer Support.','published','2024-01-06 17:16:20','2024-01-06 17:16:20','[\"products\\/product-51.jpg\",\"products\\/product-66.jpg\",\"products\\/product-67.jpg\"]'),(423,4,28,3.00,'Perfect +++++++++ i love it really also i get to fast ticket answers... Thanks Lot BOTBLE Teams','published','2024-01-06 17:16:20','2024-01-06 17:16:20','[\"products\\/product-10.jpg\"]'),(424,8,39,4.00,'Clean & perfect source code','published','2024-01-06 17:16:20','2024-01-06 17:16:20','[\"products\\/product-38.jpg\"]'),(425,9,46,2.00,'Clean & perfect source code','published','2024-01-06 17:16:20','2024-01-06 17:16:20','[\"products\\/product-44.jpg\"]'),(427,4,33,3.00,'This script is well coded and is super fast. The support is pretty quick. Very patient and helpful team. I strongly recommend it and they deserve more than 5 stars.','published','2024-01-06 17:16:20','2024-01-06 17:16:20','[\"products\\/product-19.jpg\",\"products\\/product-21.jpg\",\"products\\/product-29.jpg\",\"products\\/product-57.jpg\"]'),(432,2,19,4.00,'Very enthusiastic support! Excellent code is written. It\'s a true pleasure working with.','published','2024-01-06 17:16:20','2024-01-06 17:16:20','[\"products\\/product-33.jpg\"]'),(433,1,32,5.00,'Second or third time that I buy a Botble product, happy with the products and support. You guys do a good job :)','published','2024-01-06 17:16:20','2024-01-06 17:16:20','[\"products\\/product-15.jpg\"]'),(434,9,32,4.00,'As a developer I reviewed this script. This is really awesome ecommerce script. I have convinced when I noticed that it\'s built on fully WordPress concept.','published','2024-01-06 17:16:20','2024-01-06 17:16:20','[\"products\\/pla-product-04.jpg\",\"products\\/product-9.jpg\",\"products\\/product-35.jpg\"]'),(437,7,68,2.00,'It\'s not my first experience here on Codecanyon and I can honestly tell you all that Botble puts a LOT of effort into the support. They answer so fast, they helped me tons of times. REALLY by far THE BEST EXPERIENCE on Codecanyon. Those guys at Botble are so good that they deserve 5 stars. I recommend them, I trust them and I can\'t wait to see what they will sell in a near future. Thank you Botble :)','published','2024-01-06 17:16:20','2024-01-06 17:16:20','[\"products\\/product-93.jpg\"]'),(438,6,7,1.00,'Great E-commerce system. And much more : Wonderful Customer Support.','published','2024-01-06 17:16:20','2024-01-06 17:16:20','[\"products\\/product-9.jpg\",\"products\\/product-86.jpg\",\"products\\/product-93.jpg\"]'),(439,4,13,2.00,'This script is well coded and is super fast. The support is pretty quick. Very patient and helpful team. I strongly recommend it and they deserve more than 5 stars.','published','2024-01-06 17:16:20','2024-01-06 17:16:20','[\"products\\/product-13.jpg\",\"products\\/product-43.jpg\",\"products\\/product-44.jpg\"]'),(440,4,52,3.00,'Solution is too robust for our purpose so we didn\'t use it at the end. But I appreciate customer support during initial configuration.','published','2024-01-06 17:16:20','2024-01-06 17:16:20','[\"products\\/product-47.jpg\",\"products\\/product-76.jpg\",\"products\\/product-77.jpg\"]'),(441,7,29,1.00,'Best ecommerce CMS online store!','published','2024-01-06 17:16:20','2024-01-06 17:16:20','[\"products\\/product-6.jpg\",\"products\\/product-40.jpg\",\"products\\/product-47.jpg\",\"products\\/product-78.jpg\"]'),(442,8,23,5.00,'Great system, great support, good job Botble. I\'m looking forward to more great functional plugins.','published','2024-01-06 17:16:20','2024-01-06 17:16:20','[\"products\\/pla-product-03.jpg\",\"products\\/product-81.jpg\"]'),(443,6,72,5.00,'The script is the best of its class, fast, easy to implement and work with , and the most important thing is the great support team , Recommend with no doubt.','published','2024-01-06 17:16:20','2024-01-06 17:16:20','[\"products\\/product-26.jpg\",\"products\\/product-43.jpg\",\"products\\/product-74.jpg\",\"products\\/product-86.jpg\"]'),(444,6,23,5.00,'It\'s not my first experience here on Codecanyon and I can honestly tell you all that Botble puts a LOT of effort into the support. They answer so fast, they helped me tons of times. REALLY by far THE BEST EXPERIENCE on Codecanyon. Those guys at Botble are so good that they deserve 5 stars. I recommend them, I trust them and I can\'t wait to see what they will sell in a near future. Thank you Botble :)','published','2024-01-06 17:16:20','2024-01-06 17:16:20','[\"products\\/product-28.jpg\",\"products\\/product-40.jpg\",\"products\\/product-82.jpg\",\"products\\/product-89.jpg\"]'),(445,8,55,4.00,'Best ecommerce CMS online store!','published','2024-01-06 17:16:20','2024-01-06 17:16:20','[\"products\\/product-14.jpg\"]'),(449,2,46,2.00,'The script is the best of its class, fast, easy to implement and work with , and the most important thing is the great support team , Recommend with no doubt.','published','2024-01-06 17:16:20','2024-01-06 17:16:20','[\"products\\/product-36.jpg\",\"products\\/product-60.jpg\",\"products\\/product-84.jpg\"]'),(450,8,6,1.00,'This script is well coded and is super fast. The support is pretty quick. Very patient and helpful team. I strongly recommend it and they deserve more than 5 stars.','published','2024-01-06 17:16:20','2024-01-06 17:16:20','[\"products\\/product-64.jpg\"]'),(452,6,71,4.00,'Good app, good backup service and support. Good documentation.','published','2024-01-06 17:16:20','2024-01-06 17:16:20','[\"products\\/product-12.jpg\",\"products\\/product-15.jpg\",\"products\\/product-45.jpg\",\"products\\/product-94.jpg\"]'),(453,1,64,4.00,'This web app is really good in design, code quality & features. Besides, the customer support provided by the Botble team was really fast & helpful. You guys are awesome!','published','2024-01-06 17:16:20','2024-01-06 17:16:20','[\"products\\/pla-product-03.jpg\",\"products\\/product-8.jpg\"]'),(457,3,71,1.00,'Great system, great support, good job Botble. I\'m looking forward to more great functional plugins.','published','2024-01-06 17:16:20','2024-01-06 17:16:20','[\"products\\/product-12.jpg\",\"products\\/product-13.jpg\",\"products\\/product-66.jpg\"]'),(459,4,22,3.00,'The script is the best of its class, fast, easy to implement and work with , and the most important thing is the great support team , Recommend with no doubt.','published','2024-01-06 17:16:20','2024-01-06 17:16:20','[\"products\\/product-67.jpg\"]'),(463,10,36,4.00,'Cool template. Excellent code quality. The support responds very quickly, which is very rare on themeforest and codecanyon.net, I buy a lot of templates, and everyone will have a response from technical support for two or three days. Thanks to tech support. I recommend to buy.','published','2024-01-06 17:16:20','2024-01-06 17:16:20','[\"products\\/product-65.jpg\"]'),(467,2,58,2.00,'For me the best eCommerce script on Envato at this moment: modern, clean code, a lot of great features. The customer support is great too: I always get an answer within hours!','published','2024-01-06 17:16:20','2024-01-06 17:16:20','[\"products\\/product-39.jpg\",\"products\\/product-65.jpg\",\"products\\/product-84.jpg\",\"products\\/product-91.jpg\"]'),(468,4,53,5.00,'Those guys now what they are doing, the release such a good product that it\'s a pleasure to work with ! Even when I was stuck on the project, I created a ticket and the next day it was replied by the team. GOOD JOB guys. I love working with them :)','published','2024-01-06 17:16:20','2024-01-06 17:16:20','[\"products\\/product-36.jpg\",\"products\\/product-73.jpg\"]'),(469,10,66,1.00,'These guys are amazing! Responses immediately, amazing support and help... I immediately feel at ease after Purchasing..','published','2024-01-06 17:16:20','2024-01-06 17:16:20','[\"products\\/product-18.jpg\"]'),(470,1,50,4.00,'Ok good product. I have some issues in customizations. But its not correct to blame the developer. The product is good. Good luck for your business.','published','2024-01-06 17:16:20','2024-01-06 17:16:20','[\"products\\/product-34.jpg\",\"products\\/product-45.jpg\",\"products\\/product-50.jpg\",\"products\\/product-85.jpg\"]'),(481,2,44,4.00,'Good app, good backup service and support. Good documentation.','published','2024-01-06 17:16:20','2024-01-06 17:16:20','[\"products\\/product-44.jpg\",\"products\\/product-70.jpg\"]'),(482,1,67,3.00,'Great E-commerce system. And much more : Wonderful Customer Support.','published','2024-01-06 17:16:20','2024-01-06 17:16:20','[\"products\\/product-54.jpg\",\"products\\/product-58.jpg\",\"products\\/product-88.jpg\"]'),(486,4,23,3.00,'The script is the best of its class, fast, easy to implement and work with , and the most important thing is the great support team , Recommend with no doubt.','published','2024-01-06 17:16:20','2024-01-06 17:16:20','[\"products\\/product-21.jpg\",\"products\\/product-38.jpg\",\"products\\/product-83.jpg\"]'),(488,9,18,1.00,'Customer Support are grade (A*), however the code is a way too over engineered for it\'s purpose.','published','2024-01-06 17:16:20','2024-01-06 17:16:20','[\"products\\/product-32.jpg\",\"products\\/product-92.jpg\"]'),(490,2,14,2.00,'Clean & perfect source code','published','2024-01-06 17:16:20','2024-01-06 17:16:20','[\"products\\/product-37.jpg\",\"products\\/product-47.jpg\",\"products\\/product-85.jpg\",\"products\\/product-88.jpg\"]'),(492,10,67,2.00,'Customer Support are grade (A*), however the code is a way too over engineered for it\'s purpose.','published','2024-01-06 17:16:20','2024-01-06 17:16:20','[\"products\\/product-9.jpg\",\"products\\/product-72.jpg\",\"products\\/product-95.jpg\"]'),(493,10,20,4.00,'Customer Support are grade (A*), however the code is a way too over engineered for it\'s purpose.','published','2024-01-06 17:16:20','2024-01-06 17:16:20','[\"products\\/product-25.jpg\",\"products\\/product-72.jpg\"]'),(494,5,49,3.00,'For me the best eCommerce script on Envato at this moment: modern, clean code, a lot of great features. The customer support is great too: I always get an answer within hours!','published','2024-01-06 17:16:20','2024-01-06 17:16:20','[\"products\\/product-60.jpg\"]'),(495,9,41,1.00,'As a developer I reviewed this script. This is really awesome ecommerce script. I have convinced when I noticed that it\'s built on fully WordPress concept.','published','2024-01-06 17:16:20','2024-01-06 17:16:20','[\"products\\/product-22.jpg\",\"products\\/product-34.jpg\"]'),(498,7,12,1.00,'Perfect +++++++++ i love it really also i get to fast ticket answers... Thanks Lot BOTBLE Teams','published','2024-01-06 17:16:20','2024-01-06 17:16:20','[\"products\\/product-16.jpg\",\"products\\/product-86.jpg\"]'),(499,7,47,5.00,'This script is well coded and is super fast. The support is pretty quick. Very patient and helpful team. I strongly recommend it and they deserve more than 5 stars.','published','2024-01-06 17:16:20','2024-01-06 17:16:20','[\"products\\/product-31.jpg\"]'),(501,9,43,2.00,'Clean & perfect source code','published','2024-01-06 17:16:20','2024-01-06 17:16:20','[\"products\\/product-58.jpg\",\"products\\/product-68.jpg\"]'),(503,7,43,3.00,'The best store template! Excellent coding! Very good support! Thank you so much for all the help, I really appreciated.','published','2024-01-06 17:16:20','2024-01-06 17:16:20','[\"products\\/product-83.jpg\"]'),(506,6,4,1.00,'Great system, great support, good job Botble. I\'m looking forward to more great functional plugins.','published','2024-01-06 17:16:20','2024-01-06 17:16:20','[\"products\\/product-6.jpg\",\"products\\/product-56.jpg\",\"products\\/product-92.jpg\"]'),(507,4,71,5.00,'We have received brilliant service support and will be expanding the features with the developer. Nice product!','published','2024-01-06 17:16:20','2024-01-06 17:16:20','[\"products\\/pla-product-03.jpg\",\"products\\/product-57.jpg\",\"products\\/product-68.jpg\"]'),(509,4,1,1.00,'These guys are amazing! Responses immediately, amazing support and help... I immediately feel at ease after Purchasing..','published','2024-01-06 17:16:20','2024-01-06 17:16:20','[\"products\\/product-56.jpg\"]'),(512,3,18,2.00,'Perfect +++++++++ i love it really also i get to fast ticket answers... Thanks Lot BOTBLE Teams','published','2024-01-06 17:16:20','2024-01-06 17:16:20','[\"products\\/product-74.jpg\",\"products\\/product-80.jpg\"]'),(515,8,69,2.00,'Cool template. Excellent code quality. The support responds very quickly, which is very rare on themeforest and codecanyon.net, I buy a lot of templates, and everyone will have a response from technical support for two or three days. Thanks to tech support. I recommend to buy.','published','2024-01-06 17:16:20','2024-01-06 17:16:20','[\"products\\/product-5.jpg\",\"products\\/product-25.jpg\",\"products\\/product-78.jpg\",\"products\\/product-79.jpg\"]'),(517,9,12,2.00,'Ok good product. I have some issues in customizations. But its not correct to blame the developer. The product is good. Good luck for your business.','published','2024-01-06 17:16:20','2024-01-06 17:16:20','[\"products\\/product-57.jpg\",\"products\\/product-77.jpg\"]'),(518,10,75,2.00,'The code is good, in general, if you like it, can you give it 5 stars?','published','2024-01-06 17:16:20','2024-01-06 17:16:20','[\"products\\/product-13.jpg\",\"products\\/product-14.jpg\",\"products\\/product-28.jpg\"]'),(519,10,59,5.00,'Good app, good backup service and support. Good documentation.','published','2024-01-06 17:16:20','2024-01-06 17:16:20','[\"products\\/product-29.jpg\",\"products\\/product-69.jpg\",\"products\\/product-82.jpg\",\"products\\/product-91.jpg\"]'),(520,8,70,1.00,'For me the best eCommerce script on Envato at this moment: modern, clean code, a lot of great features. The customer support is great too: I always get an answer within hours!','published','2024-01-06 17:16:20','2024-01-06 17:16:20','[\"products\\/product-25.jpg\"]'),(522,1,3,2.00,'The code is good, in general, if you like it, can you give it 5 stars?','published','2024-01-06 17:16:20','2024-01-06 17:16:20','[\"products\\/pla-product-02.jpg\",\"products\\/product-23.jpg\",\"products\\/product-31.jpg\",\"products\\/product-70.jpg\"]'),(526,9,20,1.00,'Those guys now what they are doing, the release such a good product that it\'s a pleasure to work with ! Even when I was stuck on the project, I created a ticket and the next day it was replied by the team. GOOD JOB guys. I love working with them :)','published','2024-01-06 17:16:20','2024-01-06 17:16:20','[\"products\\/product-15.jpg\",\"products\\/product-72.jpg\"]'),(527,7,24,1.00,'Second or third time that I buy a Botble product, happy with the products and support. You guys do a good job :)','published','2024-01-06 17:16:20','2024-01-06 17:16:20','[\"products\\/product-7.jpg\",\"products\\/product-28.jpg\"]'),(529,2,67,1.00,'As a developer I reviewed this script. This is really awesome ecommerce script. I have convinced when I noticed that it\'s built on fully WordPress concept.','published','2024-01-06 17:16:20','2024-01-06 17:16:20','[\"products\\/product-59.jpg\",\"products\\/product-89.jpg\"]'),(531,3,20,5.00,'Great system, great support, good job Botble. I\'m looking forward to more great functional plugins.','published','2024-01-06 17:16:20','2024-01-06 17:16:20','[\"products\\/product-34.jpg\",\"products\\/product-37.jpg\",\"products\\/product-55.jpg\"]'),(532,7,54,4.00,'It\'s not my first experience here on Codecanyon and I can honestly tell you all that Botble puts a LOT of effort into the support. They answer so fast, they helped me tons of times. REALLY by far THE BEST EXPERIENCE on Codecanyon. Those guys at Botble are so good that they deserve 5 stars. I recommend them, I trust them and I can\'t wait to see what they will sell in a near future. Thank you Botble :)','published','2024-01-06 17:16:20','2024-01-06 17:16:20','[\"products\\/product-8.jpg\",\"products\\/product-32.jpg\",\"products\\/product-57.jpg\",\"products\\/product-70.jpg\"]'),(533,1,19,1.00,'I Love this Script. I also found how to add other fees. Now I just wait the BIG update for the Marketplace with the Bulk Import. Just do not forget to make it to be Multi-language for us the Botble Fans.','published','2024-01-06 17:16:20','2024-01-06 17:16:20','[\"products\\/product-26.jpg\",\"products\\/product-29.jpg\",\"products\\/product-42.jpg\",\"products\\/product-59.jpg\"]'),(534,9,70,3.00,'The best store template! Excellent coding! Very good support! Thank you so much for all the help, I really appreciated.','published','2024-01-06 17:16:20','2024-01-06 17:16:20','[\"products\\/product-16.jpg\",\"products\\/product-19.jpg\",\"products\\/product-84.jpg\"]'),(535,6,67,3.00,'The code is good, in general, if you like it, can you give it 5 stars?','published','2024-01-06 17:16:20','2024-01-06 17:16:20','[\"products\\/product-13.jpg\",\"products\\/product-21.jpg\",\"products\\/product-28.jpg\",\"products\\/product-60.jpg\"]'),(538,2,47,2.00,'Ok good product. I have some issues in customizations. But its not correct to blame the developer. The product is good. Good luck for your business.','published','2024-01-06 17:16:20','2024-01-06 17:16:20','[\"products\\/product-2.jpg\",\"products\\/product-49.jpg\"]'),(539,8,27,4.00,'Amazing code, amazing support. Overall, im really confident in Botble and im happy I made the right choice! Thank you so much guys for coding this masterpiece','published','2024-01-06 17:16:20','2024-01-06 17:16:20','[\"products\\/product-31.jpg\",\"products\\/product-52.jpg\",\"products\\/product-55.jpg\",\"products\\/product-85.jpg\"]'),(541,3,69,5.00,'Second or third time that I buy a Botble product, happy with the products and support. You guys do a good job :)','published','2024-01-06 17:16:20','2024-01-06 17:16:20','[\"products\\/product-6.jpg\",\"products\\/product-8.jpg\",\"products\\/product-29.jpg\",\"products\\/product-54.jpg\"]'),(542,7,38,5.00,'Good app, good backup service and support. Good documentation.','published','2024-01-06 17:16:20','2024-01-06 17:16:20','[\"products\\/product-52.jpg\",\"products\\/product-54.jpg\",\"products\\/product-67.jpg\",\"products\\/product-76.jpg\"]'),(544,10,46,4.00,'For me the best eCommerce script on Envato at this moment: modern, clean code, a lot of great features. The customer support is great too: I always get an answer within hours!','published','2024-01-06 17:16:20','2024-01-06 17:16:20','[\"products\\/product-31.jpg\",\"products\\/product-71.jpg\"]'),(546,1,37,4.00,'Second or third time that I buy a Botble product, happy with the products and support. You guys do a good job :)','published','2024-01-06 17:16:20','2024-01-06 17:16:20','[\"products\\/product-79.jpg\"]'),(549,8,53,3.00,'The code is good, in general, if you like it, can you give it 5 stars?','published','2024-01-06 17:16:20','2024-01-06 17:16:20','[\"products\\/product-36.jpg\",\"products\\/product-66.jpg\"]'),(551,4,15,1.00,'We have received brilliant service support and will be expanding the features with the developer. Nice product!','published','2024-01-06 17:16:20','2024-01-06 17:16:20','[\"products\\/product-34.jpg\",\"products\\/product-52.jpg\",\"products\\/product-72.jpg\",\"products\\/product-82.jpg\"]'),(554,5,64,4.00,'Customer Support are grade (A*), however the code is a way too over engineered for it\'s purpose.','published','2024-01-06 17:16:20','2024-01-06 17:16:20','[\"products\\/pla-product-01.jpg\",\"products\\/product-44.jpg\",\"products\\/product-85.jpg\"]'),(555,8,11,4.00,'We have received brilliant service support and will be expanding the features with the developer. Nice product!','published','2024-01-06 17:16:20','2024-01-06 17:16:20','[\"products\\/product-24.jpg\"]'),(556,3,37,1.00,'Second or third time that I buy a Botble product, happy with the products and support. You guys do a good job :)','published','2024-01-06 17:16:20','2024-01-06 17:16:20','[\"products\\/product-1.jpg\"]'),(560,10,11,4.00,'As a developer I reviewed this script. This is really awesome ecommerce script. I have convinced when I noticed that it\'s built on fully WordPress concept.','published','2024-01-06 17:16:20','2024-01-06 17:16:20','[\"products\\/product-14.jpg\",\"products\\/product-60.jpg\",\"products\\/product-75.jpg\",\"products\\/product-84.jpg\"]'),(564,5,35,4.00,'We have received brilliant service support and will be expanding the features with the developer. Nice product!','published','2024-01-06 17:16:20','2024-01-06 17:16:20','[\"products\\/product-84.jpg\"]'),(565,5,11,5.00,'It\'s not my first experience here on Codecanyon and I can honestly tell you all that Botble puts a LOT of effort into the support. They answer so fast, they helped me tons of times. REALLY by far THE BEST EXPERIENCE on Codecanyon. Those guys at Botble are so good that they deserve 5 stars. I recommend them, I trust them and I can\'t wait to see what they will sell in a near future. Thank you Botble :)','published','2024-01-06 17:16:20','2024-01-06 17:16:20','[\"products\\/product-30.jpg\",\"products\\/product-36.jpg\"]'),(570,7,6,1.00,'As a developer I reviewed this script. This is really awesome ecommerce script. I have convinced when I noticed that it\'s built on fully WordPress concept.','published','2024-01-06 17:16:20','2024-01-06 17:16:20','[\"products\\/product-9.jpg\",\"products\\/product-86.jpg\",\"products\\/product-94.jpg\"]'),(572,6,41,1.00,'Solution is too robust for our purpose so we didn\'t use it at the end. But I appreciate customer support during initial configuration.','published','2024-01-06 17:16:20','2024-01-06 17:16:20','[\"products\\/product-14.jpg\",\"products\\/product-15.jpg\",\"products\\/product-84.jpg\"]'),(574,1,48,4.00,'Best ecommerce CMS online store!','published','2024-01-06 17:16:20','2024-01-06 17:16:20','[\"products\\/product-53.jpg\",\"products\\/product-57.jpg\",\"products\\/product-62.jpg\",\"products\\/product-83.jpg\"]'),(577,4,3,1.00,'Best ecommerce CMS online store!','published','2024-01-06 17:16:20','2024-01-06 17:16:20','[\"products\\/product-12.jpg\",\"products\\/product-73.jpg\",\"products\\/product-91.jpg\"]'),(578,10,16,2.00,'I Love this Script. I also found how to add other fees. Now I just wait the BIG update for the Marketplace with the Bulk Import. Just do not forget to make it to be Multi-language for us the Botble Fans.','published','2024-01-06 17:16:20','2024-01-06 17:16:20','[\"products\\/product-29.jpg\",\"products\\/product-73.jpg\"]'),(579,7,66,1.00,'For me the best eCommerce script on Envato at this moment: modern, clean code, a lot of great features. The customer support is great too: I always get an answer within hours!','published','2024-01-06 17:16:20','2024-01-06 17:16:20','[\"products\\/product-1.jpg\",\"products\\/product-30.jpg\",\"products\\/product-65.jpg\",\"products\\/product-90.jpg\"]'),(580,3,3,2.00,'This script is well coded and is super fast. The support is pretty quick. Very patient and helpful team. I strongly recommend it and they deserve more than 5 stars.','published','2024-01-06 17:16:20','2024-01-06 17:16:20','[\"products\\/product-24.jpg\"]'),(581,3,49,3.00,'As a developer I reviewed this script. This is really awesome ecommerce script. I have convinced when I noticed that it\'s built on fully WordPress concept.','published','2024-01-06 17:16:20','2024-01-06 17:16:20','[\"products\\/product-33.jpg\",\"products\\/product-70.jpg\"]'),(582,8,32,4.00,'We have received brilliant service support and will be expanding the features with the developer. Nice product!','published','2024-01-06 17:16:20','2024-01-06 17:16:20','[\"products\\/product-20.jpg\",\"products\\/product-50.jpg\",\"products\\/product-66.jpg\"]'),(583,5,13,4.00,'The script is the best of its class, fast, easy to implement and work with , and the most important thing is the great support team , Recommend with no doubt.','published','2024-01-06 17:16:20','2024-01-06 17:16:20','[\"products\\/product-76.jpg\",\"products\\/product-77.jpg\",\"products\\/product-85.jpg\"]'),(584,7,61,3.00,'Solution is too robust for our purpose so we didn\'t use it at the end. But I appreciate customer support during initial configuration.','published','2024-01-06 17:16:20','2024-01-06 17:16:20','[\"products\\/product-31.jpg\",\"products\\/product-56.jpg\",\"products\\/product-89.jpg\",\"products\\/product-94.jpg\"]'),(585,5,15,1.00,'Very enthusiastic support! Excellent code is written. It\'s a true pleasure working with.','published','2024-01-06 17:16:20','2024-01-06 17:16:20','[\"products\\/product-5.jpg\",\"products\\/product-16.jpg\",\"products\\/product-60.jpg\"]'),(587,4,72,1.00,'This web app is really good in design, code quality & features. Besides, the customer support provided by the Botble team was really fast & helpful. You guys are awesome!','published','2024-01-06 17:16:20','2024-01-06 17:16:20','[\"products\\/product-38.jpg\",\"products\\/product-54.jpg\"]'),(588,7,42,5.00,'For me the best eCommerce script on Envato at this moment: modern, clean code, a lot of great features. The customer support is great too: I always get an answer within hours!','published','2024-01-06 17:16:20','2024-01-06 17:16:20','[\"products\\/product-33.jpg\",\"products\\/product-45.jpg\",\"products\\/product-81.jpg\"]'),(590,5,33,2.00,'As a developer I reviewed this script. This is really awesome ecommerce script. I have convinced when I noticed that it\'s built on fully WordPress concept.','published','2024-01-06 17:16:20','2024-01-06 17:16:20','[\"products\\/product-74.jpg\"]'),(592,8,60,2.00,'This script is well coded and is super fast. The support is pretty quick. Very patient and helpful team. I strongly recommend it and they deserve more than 5 stars.','published','2024-01-06 17:16:20','2024-01-06 17:16:20','[\"products\\/product-22.jpg\",\"products\\/product-72.jpg\"]'),(598,10,60,4.00,'Good app, good backup service and support. Good documentation.','published','2024-01-06 17:16:20','2024-01-06 17:16:20','[\"products\\/pla-product-03.jpg\",\"products\\/product-84.jpg\",\"products\\/product-89.jpg\"]'),(601,5,56,2.00,'Customer Support are grade (A*), however the code is a way too over engineered for it\'s purpose.','published','2024-01-06 17:16:20','2024-01-06 17:16:20','[\"products\\/product-22.jpg\",\"products\\/product-90.jpg\"]'),(603,5,61,2.00,'Second or third time that I buy a Botble product, happy with the products and support. You guys do a good job :)','published','2024-01-06 17:16:20','2024-01-06 17:16:20','[\"products\\/product-40.jpg\"]'),(604,6,37,4.00,'The best store template! Excellent coding! Very good support! Thank you so much for all the help, I really appreciated.','published','2024-01-06 17:16:20','2024-01-06 17:16:20','[\"products\\/product-64.jpg\"]'),(606,8,64,2.00,'The best ecommerce CMS! Excellent coding! best support service! Thank you so much..... I really like your hard work.','published','2024-01-06 17:16:20','2024-01-06 17:16:20','[\"products\\/product-16.jpg\",\"products\\/product-21.jpg\",\"products\\/product-30.jpg\"]'),(607,9,25,1.00,'Best ecommerce CMS online store!','published','2024-01-06 17:16:20','2024-01-06 17:16:20','[\"products\\/product-2.jpg\",\"products\\/product-46.jpg\",\"products\\/product-68.jpg\",\"products\\/product-83.jpg\"]'),(608,1,62,1.00,'The script is the best of its class, fast, easy to implement and work with , and the most important thing is the great support team , Recommend with no doubt.','published','2024-01-06 17:16:20','2024-01-06 17:16:20','[\"products\\/product-32.jpg\",\"products\\/product-43.jpg\",\"products\\/product-61.jpg\",\"products\\/product-78.jpg\"]'),(611,8,41,2.00,'These guys are amazing! Responses immediately, amazing support and help... I immediately feel at ease after Purchasing..','published','2024-01-06 17:16:20','2024-01-06 17:16:20','[\"products\\/product-1.jpg\",\"products\\/product-27.jpg\",\"products\\/product-66.jpg\",\"products\\/product-81.jpg\"]'),(613,5,27,2.00,'Customer Support are grade (A*), however the code is a way too over engineered for it\'s purpose.','published','2024-01-06 17:16:20','2024-01-06 17:16:20','[\"products\\/product-56.jpg\",\"products\\/product-94.jpg\"]'),(614,2,27,3.00,'It\'s not my first experience here on Codecanyon and I can honestly tell you all that Botble puts a LOT of effort into the support. They answer so fast, they helped me tons of times. REALLY by far THE BEST EXPERIENCE on Codecanyon. Those guys at Botble are so good that they deserve 5 stars. I recommend them, I trust them and I can\'t wait to see what they will sell in a near future. Thank you Botble :)','published','2024-01-06 17:16:20','2024-01-06 17:16:20','[\"products\\/product-44.jpg\",\"products\\/product-68.jpg\",\"products\\/product-82.jpg\",\"products\\/product-94.jpg\"]'),(617,6,36,5.00,'Perfect +++++++++ i love it really also i get to fast ticket answers... Thanks Lot BOTBLE Teams','published','2024-01-06 17:16:20','2024-01-06 17:16:20','[\"products\\/product-52.jpg\"]'),(619,4,68,5.00,'This script is well coded and is super fast. The support is pretty quick. Very patient and helpful team. I strongly recommend it and they deserve more than 5 stars.','published','2024-01-06 17:16:20','2024-01-06 17:16:20','[\"products\\/product-41.jpg\"]'),(621,9,35,3.00,'Perfect +++++++++ i love it really also i get to fast ticket answers... Thanks Lot BOTBLE Teams','published','2024-01-06 17:16:20','2024-01-06 17:16:20','[\"products\\/product-44.jpg\",\"products\\/product-83.jpg\"]'),(622,2,51,1.00,'Great E-commerce system. And much more : Wonderful Customer Support.','published','2024-01-06 17:16:20','2024-01-06 17:16:20','[\"products\\/product-63.jpg\"]'),(623,5,74,1.00,'The best ecommerce CMS! Excellent coding! best support service! Thank you so much..... I really like your hard work.','published','2024-01-06 17:16:20','2024-01-06 17:16:20','[\"products\\/pla-product-04.jpg\",\"products\\/product-10.jpg\",\"products\\/product-51.jpg\"]'),(626,6,48,4.00,'This script is well coded and is super fast. The support is pretty quick. Very patient and helpful team. I strongly recommend it and they deserve more than 5 stars.','published','2024-01-06 17:16:20','2024-01-06 17:16:20','[\"products\\/product-45.jpg\",\"products\\/product-54.jpg\",\"products\\/product-70.jpg\"]'),(628,1,55,3.00,'Amazing code, amazing support. Overall, im really confident in Botble and im happy I made the right choice! Thank you so much guys for coding this masterpiece','published','2024-01-06 17:16:20','2024-01-06 17:16:20','[\"products\\/product-79.jpg\"]'),(629,8,22,4.00,'Amazing code, amazing support. Overall, im really confident in Botble and im happy I made the right choice! Thank you so much guys for coding this masterpiece','published','2024-01-06 17:16:20','2024-01-06 17:16:20','[\"products\\/product-78.jpg\",\"products\\/product-86.jpg\"]'),(631,1,10,4.00,'I Love this Script. I also found how to add other fees. Now I just wait the BIG update for the Marketplace with the Bulk Import. Just do not forget to make it to be Multi-language for us the Botble Fans.','published','2024-01-06 17:16:20','2024-01-06 17:16:20','[\"products\\/pla-product-04.jpg\",\"products\\/product-22.jpg\",\"products\\/product-46.jpg\",\"products\\/product-87.jpg\"]'),(633,8,15,5.00,'The code is good, in general, if you like it, can you give it 5 stars?','published','2024-01-06 17:16:20','2024-01-06 17:16:20','[\"products\\/product-22.jpg\",\"products\\/product-31.jpg\",\"products\\/product-40.jpg\",\"products\\/product-92.jpg\"]'),(638,3,15,4.00,'Cool template. Excellent code quality. The support responds very quickly, which is very rare on themeforest and codecanyon.net, I buy a lot of templates, and everyone will have a response from technical support for two or three days. Thanks to tech support. I recommend to buy.','published','2024-01-06 17:16:20','2024-01-06 17:16:20','[\"products\\/product-69.jpg\",\"products\\/product-74.jpg\",\"products\\/product-91.jpg\"]'),(640,4,48,4.00,'These guys are amazing! Responses immediately, amazing support and help... I immediately feel at ease after Purchasing..','published','2024-01-06 17:16:20','2024-01-06 17:16:20','[\"products\\/product-23.jpg\",\"products\\/product-60.jpg\"]'),(641,7,14,4.00,'Great E-commerce system. And much more : Wonderful Customer Support.','published','2024-01-06 17:16:20','2024-01-06 17:16:20','[\"products\\/product-36.jpg\",\"products\\/product-56.jpg\"]'),(650,9,15,1.00,'Good app, good backup service and support. Good documentation.','published','2024-01-06 17:16:20','2024-01-06 17:16:20','[\"products\\/product-45.jpg\",\"products\\/product-67.jpg\"]'),(651,4,21,3.00,'Best ecommerce CMS online store!','published','2024-01-06 17:16:20','2024-01-06 17:16:20','[\"products\\/product-18.jpg\",\"products\\/product-60.jpg\",\"products\\/product-65.jpg\"]'),(652,9,29,3.00,'The code is good, in general, if you like it, can you give it 5 stars?','published','2024-01-06 17:16:20','2024-01-06 17:16:20','[\"products\\/product-2.jpg\",\"products\\/product-77.jpg\"]'),(655,9,58,2.00,'Great system, great support, good job Botble. I\'m looking forward to more great functional plugins.','published','2024-01-06 17:16:20','2024-01-06 17:16:20','[\"products\\/product-23.jpg\",\"products\\/product-26.jpg\",\"products\\/product-67.jpg\"]'),(658,5,8,1.00,'This script is well coded and is super fast. The support is pretty quick. Very patient and helpful team. I strongly recommend it and they deserve more than 5 stars.','published','2024-01-06 17:16:20','2024-01-06 17:16:20','[\"products\\/product-43.jpg\",\"products\\/product-83.jpg\",\"products\\/product-85.jpg\"]'),(660,3,12,4.00,'The script is the best of its class, fast, easy to implement and work with , and the most important thing is the great support team , Recommend with no doubt.','published','2024-01-06 17:16:20','2024-01-06 17:16:20','[\"products\\/product-66.jpg\",\"products\\/product-72.jpg\",\"products\\/product-91.jpg\"]'),(661,4,39,1.00,'I Love this Script. I also found how to add other fees. Now I just wait the BIG update for the Marketplace with the Bulk Import. Just do not forget to make it to be Multi-language for us the Botble Fans.','published','2024-01-06 17:16:20','2024-01-06 17:16:20','[\"products\\/product-22.jpg\",\"products\\/product-44.jpg\",\"products\\/product-84.jpg\"]'),(664,3,62,2.00,'Best ecommerce CMS online store!','published','2024-01-06 17:16:20','2024-01-06 17:16:20','[\"products\\/product-6.jpg\",\"products\\/product-34.jpg\",\"products\\/product-81.jpg\"]'),(666,3,2,4.00,'These guys are amazing! Responses immediately, amazing support and help... I immediately feel at ease after Purchasing..','published','2024-01-06 17:16:20','2024-01-06 17:16:20','[\"products\\/product-28.jpg\"]'),(668,9,64,3.00,'Best ecommerce CMS online store!','published','2024-01-06 17:16:20','2024-01-06 17:16:20','[\"products\\/product-29.jpg\",\"products\\/product-34.jpg\",\"products\\/product-75.jpg\"]'),(669,8,12,4.00,'Customer Support are grade (A*), however the code is a way too over engineered for it\'s purpose.','published','2024-01-06 17:16:20','2024-01-06 17:16:20','[\"products\\/product-44.jpg\",\"products\\/product-70.jpg\",\"products\\/product-84.jpg\"]'),(670,5,2,4.00,'Very enthusiastic support! Excellent code is written. It\'s a true pleasure working with.','published','2024-01-06 17:16:20','2024-01-06 17:16:20','[\"products\\/product-23.jpg\",\"products\\/product-28.jpg\",\"products\\/product-73.jpg\",\"products\\/product-92.jpg\"]'),(677,6,54,2.00,'Ok good product. I have some issues in customizations. But its not correct to blame the developer. The product is good. Good luck for your business.','published','2024-01-06 17:16:20','2024-01-06 17:16:20','[\"products\\/product-9.jpg\",\"products\\/product-30.jpg\",\"products\\/product-32.jpg\",\"products\\/product-47.jpg\"]'),(680,4,11,4.00,'As a developer I reviewed this script. This is really awesome ecommerce script. I have convinced when I noticed that it\'s built on fully WordPress concept.','published','2024-01-06 17:16:20','2024-01-06 17:16:20','[\"products\\/product-36.jpg\"]'),(683,2,69,5.00,'We have received brilliant service support and will be expanding the features with the developer. Nice product!','published','2024-01-06 17:16:20','2024-01-06 17:16:20','[\"products\\/product-15.jpg\",\"products\\/product-87.jpg\"]'),(686,4,6,2.00,'The code is good, in general, if you like it, can you give it 5 stars?','published','2024-01-06 17:16:20','2024-01-06 17:16:20','[\"products\\/product-6.jpg\",\"products\\/product-7.jpg\",\"products\\/product-13.jpg\",\"products\\/product-21.jpg\"]'),(687,3,22,2.00,'The best store template! Excellent coding! Very good support! Thank you so much for all the help, I really appreciated.','published','2024-01-06 17:16:20','2024-01-06 17:16:20','[\"products\\/product-36.jpg\",\"products\\/product-45.jpg\"]'),(688,9,30,2.00,'It\'s not my first experience here on Codecanyon and I can honestly tell you all that Botble puts a LOT of effort into the support. They answer so fast, they helped me tons of times. REALLY by far THE BEST EXPERIENCE on Codecanyon. Those guys at Botble are so good that they deserve 5 stars. I recommend them, I trust them and I can\'t wait to see what they will sell in a near future. Thank you Botble :)','published','2024-01-06 17:16:20','2024-01-06 17:16:20','[\"products\\/product-24.jpg\",\"products\\/product-48.jpg\",\"products\\/product-89.jpg\"]'),(689,9,42,1.00,'Good app, good backup service and support. Good documentation.','published','2024-01-06 17:16:20','2024-01-06 17:16:20','[\"products\\/product-6.jpg\",\"products\\/product-7.jpg\",\"products\\/product-54.jpg\",\"products\\/product-63.jpg\"]'),(690,6,57,1.00,'Great E-commerce system. And much more : Wonderful Customer Support.','published','2024-01-06 17:16:20','2024-01-06 17:16:20','[\"products\\/product-52.jpg\",\"products\\/product-79.jpg\"]'),(695,8,35,4.00,'The best store template! Excellent coding! Very good support! Thank you so much for all the help, I really appreciated.','published','2024-01-06 17:16:20','2024-01-06 17:16:20','[\"products\\/product-8.jpg\",\"products\\/product-60.jpg\"]'),(697,2,64,1.00,'As a developer I reviewed this script. This is really awesome ecommerce script. I have convinced when I noticed that it\'s built on fully WordPress concept.','published','2024-01-06 17:16:20','2024-01-06 17:16:20','[\"products\\/product-29.jpg\",\"products\\/product-91.jpg\"]'),(699,1,39,5.00,'Second or third time that I buy a Botble product, happy with the products and support. You guys do a good job :)','published','2024-01-06 17:16:20','2024-01-06 17:16:20','[\"products\\/product-2.jpg\",\"products\\/product-14.jpg\",\"products\\/product-94.jpg\"]'),(700,6,42,1.00,'Great E-commerce system. And much more : Wonderful Customer Support.','published','2024-01-06 17:16:20','2024-01-06 17:16:20','[\"products\\/pla-product-02.jpg\",\"products\\/product-50.jpg\",\"products\\/product-63.jpg\",\"products\\/product-77.jpg\"]'),(702,1,70,1.00,'Those guys now what they are doing, the release such a good product that it\'s a pleasure to work with ! Even when I was stuck on the project, I created a ticket and the next day it was replied by the team. GOOD JOB guys. I love working with them :)','published','2024-01-06 17:16:20','2024-01-06 17:16:20','[\"products\\/product-37.jpg\",\"products\\/product-63.jpg\"]'),(703,3,51,4.00,'Good app, good backup service and support. Good documentation.','published','2024-01-06 17:16:20','2024-01-06 17:16:20','[\"products\\/product-12.jpg\",\"products\\/product-31.jpg\",\"products\\/product-78.jpg\",\"products\\/product-84.jpg\"]'),(704,9,39,2.00,'Solution is too robust for our purpose so we didn\'t use it at the end. But I appreciate customer support during initial configuration.','published','2024-01-06 17:16:20','2024-01-06 17:16:20','[\"products\\/product-92.jpg\"]'),(706,8,48,3.00,'We have received brilliant service support and will be expanding the features with the developer. Nice product!','published','2024-01-06 17:16:20','2024-01-06 17:16:20','[\"products\\/product-15.jpg\",\"products\\/product-18.jpg\"]'),(708,3,40,1.00,'For me the best eCommerce script on Envato at this moment: modern, clean code, a lot of great features. The customer support is great too: I always get an answer within hours!','published','2024-01-06 17:16:20','2024-01-06 17:16:20','[\"products\\/product-43.jpg\"]'),(710,9,66,1.00,'This script is well coded and is super fast. The support is pretty quick. Very patient and helpful team. I strongly recommend it and they deserve more than 5 stars.','published','2024-01-06 17:16:20','2024-01-06 17:16:20','[\"products\\/product-8.jpg\",\"products\\/product-39.jpg\",\"products\\/product-68.jpg\"]'),(711,7,23,4.00,'The code is good, in general, if you like it, can you give it 5 stars?','published','2024-01-06 17:16:20','2024-01-06 17:16:20','[\"products\\/product-15.jpg\",\"products\\/product-38.jpg\",\"products\\/product-49.jpg\",\"products\\/product-58.jpg\"]'),(713,10,39,2.00,'Clean & perfect source code','published','2024-01-06 17:16:20','2024-01-06 17:16:20','[\"products\\/product-17.jpg\",\"products\\/product-23.jpg\",\"products\\/product-43.jpg\"]'),(720,1,8,3.00,'These guys are amazing! Responses immediately, amazing support and help... I immediately feel at ease after Purchasing..','published','2024-01-06 17:16:20','2024-01-06 17:16:20','[\"products\\/product-1.jpg\",\"products\\/product-93.jpg\"]'),(722,10,55,1.00,'Great system, great support, good job Botble. I\'m looking forward to more great functional plugins.','published','2024-01-06 17:16:20','2024-01-06 17:16:20','[\"products\\/product-32.jpg\",\"products\\/product-44.jpg\"]'),(728,10,58,5.00,'Clean & perfect source code','published','2024-01-06 17:16:20','2024-01-06 17:16:20','[\"products\\/product-7.jpg\",\"products\\/product-94.jpg\"]'),(731,9,50,5.00,'Best ecommerce CMS online store!','published','2024-01-06 17:16:20','2024-01-06 17:16:20','[\"products\\/product-87.jpg\"]'),(732,3,58,1.00,'Customer Support are grade (A*), however the code is a way too over engineered for it\'s purpose.','published','2024-01-06 17:16:20','2024-01-06 17:16:20','[\"products\\/product-56.jpg\",\"products\\/product-95.jpg\"]'),(733,4,31,3.00,'This script is well coded and is super fast. The support is pretty quick. Very patient and helpful team. I strongly recommend it and they deserve more than 5 stars.','published','2024-01-06 17:16:20','2024-01-06 17:16:20','[\"products\\/product-53.jpg\"]'),(735,2,74,2.00,'Those guys now what they are doing, the release such a good product that it\'s a pleasure to work with ! Even when I was stuck on the project, I created a ticket and the next day it was replied by the team. GOOD JOB guys. I love working with them :)','published','2024-01-06 17:16:20','2024-01-06 17:16:20','[\"products\\/product-91.jpg\"]'),(737,4,25,2.00,'The best ecommerce CMS! Excellent coding! best support service! Thank you so much..... I really like your hard work.','published','2024-01-06 17:16:20','2024-01-06 17:16:20','[\"products\\/product-30.jpg\",\"products\\/product-81.jpg\",\"products\\/product-88.jpg\"]'),(739,5,4,4.00,'Those guys now what they are doing, the release such a good product that it\'s a pleasure to work with ! Even when I was stuck on the project, I created a ticket and the next day it was replied by the team. GOOD JOB guys. I love working with them :)','published','2024-01-06 17:16:20','2024-01-06 17:16:20','[\"products\\/product-17.jpg\",\"products\\/product-52.jpg\",\"products\\/product-79.jpg\",\"products\\/product-86.jpg\"]'),(744,6,25,3.00,'Solution is too robust for our purpose so we didn\'t use it at the end. But I appreciate customer support during initial configuration.','published','2024-01-06 17:16:20','2024-01-06 17:16:20','[\"products\\/product-9.jpg\",\"products\\/product-18.jpg\",\"products\\/product-20.jpg\",\"products\\/product-59.jpg\"]'),(749,2,32,4.00,'Customer Support are grade (A*), however the code is a way too over engineered for it\'s purpose.','published','2024-01-06 17:16:20','2024-01-06 17:16:20','[\"products\\/product-25.jpg\",\"products\\/product-48.jpg\",\"products\\/product-69.jpg\",\"products\\/product-77.jpg\"]'),(750,10,53,4.00,'Great E-commerce system. And much more : Wonderful Customer Support.','published','2024-01-06 17:16:20','2024-01-06 17:16:20','[\"products\\/product-15.jpg\",\"products\\/product-31.jpg\",\"products\\/product-93.jpg\"]'),(757,4,36,1.00,'Very enthusiastic support! Excellent code is written. It\'s a true pleasure working with.','published','2024-01-06 17:16:20','2024-01-06 17:16:20','[\"products\\/product-65.jpg\"]'),(762,6,40,3.00,'Great system, great support, good job Botble. I\'m looking forward to more great functional plugins.','published','2024-01-06 17:16:20','2024-01-06 17:16:20','[\"products\\/product-5.jpg\",\"products\\/product-6.jpg\",\"products\\/product-8.jpg\",\"products\\/product-84.jpg\"]'),(763,5,55,5.00,'This script is well coded and is super fast. The support is pretty quick. Very patient and helpful team. I strongly recommend it and they deserve more than 5 stars.','published','2024-01-06 17:16:20','2024-01-06 17:16:20','[\"products\\/product-20.jpg\",\"products\\/product-23.jpg\",\"products\\/product-47.jpg\"]'),(764,4,46,3.00,'The script is the best of its class, fast, easy to implement and work with , and the most important thing is the great support team , Recommend with no doubt.','published','2024-01-06 17:16:20','2024-01-06 17:16:20','[\"products\\/product-27.jpg\",\"products\\/product-47.jpg\",\"products\\/product-86.jpg\"]'),(767,3,8,4.00,'Solution is too robust for our purpose so we didn\'t use it at the end. But I appreciate customer support during initial configuration.','published','2024-01-06 17:16:20','2024-01-06 17:16:20','[\"products\\/product-18.jpg\",\"products\\/product-59.jpg\"]'),(771,3,33,5.00,'Great system, great support, good job Botble. I\'m looking forward to more great functional plugins.','published','2024-01-06 17:16:20','2024-01-06 17:16:20','[\"products\\/product-15.jpg\",\"products\\/product-22.jpg\",\"products\\/product-23.jpg\",\"products\\/product-29.jpg\"]'),(774,2,63,2.00,'The best ecommerce CMS! Excellent coding! best support service! Thank you so much..... I really like your hard work.','published','2024-01-06 17:16:20','2024-01-06 17:16:20','[\"products\\/product-7.jpg\",\"products\\/product-26.jpg\",\"products\\/product-73.jpg\"]'),(778,9,21,4.00,'Second or third time that I buy a Botble product, happy with the products and support. You guys do a good job :)','published','2024-01-06 17:16:20','2024-01-06 17:16:20','[\"products\\/product-14.jpg\",\"products\\/product-69.jpg\"]'),(780,7,20,3.00,'As a developer I reviewed this script. This is really awesome ecommerce script. I have convinced when I noticed that it\'s built on fully WordPress concept.','published','2024-01-06 17:16:20','2024-01-06 17:16:20','[\"products\\/product-40.jpg\"]'),(789,2,62,2.00,'The best ecommerce CMS! Excellent coding! best support service! Thank you so much..... I really like your hard work.','published','2024-01-06 17:16:20','2024-01-06 17:16:20','[\"products\\/product-36.jpg\",\"products\\/product-49.jpg\",\"products\\/product-65.jpg\",\"products\\/product-80.jpg\"]'),(790,9,22,1.00,'Customer Support are grade (A*), however the code is a way too over engineered for it\'s purpose.','published','2024-01-06 17:16:20','2024-01-06 17:16:20','[\"products\\/product-29.jpg\",\"products\\/product-52.jpg\",\"products\\/product-53.jpg\"]'),(795,10,63,4.00,'Great system, great support, good job Botble. I\'m looking forward to more great functional plugins.','published','2024-01-06 17:16:20','2024-01-06 17:16:20','[\"products\\/product-27.jpg\",\"products\\/product-74.jpg\"]'),(798,2,10,3.00,'Those guys now what they are doing, the release such a good product that it\'s a pleasure to work with ! Even when I was stuck on the project, I created a ticket and the next day it was replied by the team. GOOD JOB guys. I love working with them :)','published','2024-01-06 17:16:20','2024-01-06 17:16:20','[\"products\\/product-26.jpg\"]'),(799,1,29,4.00,'Those guys now what they are doing, the release such a good product that it\'s a pleasure to work with ! Even when I was stuck on the project, I created a ticket and the next day it was replied by the team. GOOD JOB guys. I love working with them :)','published','2024-01-06 17:16:20','2024-01-06 17:16:20','[\"products\\/product-11.jpg\",\"products\\/product-19.jpg\",\"products\\/product-35.jpg\",\"products\\/product-78.jpg\"]'),(800,7,55,4.00,'Clean & perfect source code','published','2024-01-06 17:16:20','2024-01-06 17:16:20','[\"products\\/product-51.jpg\",\"products\\/product-90.jpg\"]'),(802,7,73,2.00,'I Love this Script. I also found how to add other fees. Now I just wait the BIG update for the Marketplace with the Bulk Import. Just do not forget to make it to be Multi-language for us the Botble Fans.','published','2024-01-06 17:16:20','2024-01-06 17:16:20','[\"products\\/product-94.jpg\"]'),(804,8,10,3.00,'Cool template. Excellent code quality. The support responds very quickly, which is very rare on themeforest and codecanyon.net, I buy a lot of templates, and everyone will have a response from technical support for two or three days. Thanks to tech support. I recommend to buy.','published','2024-01-06 17:16:20','2024-01-06 17:16:20','[\"products\\/product-76.jpg\"]'),(806,1,69,3.00,'As a developer I reviewed this script. This is really awesome ecommerce script. I have convinced when I noticed that it\'s built on fully WordPress concept.','published','2024-01-06 17:16:20','2024-01-06 17:16:20','[\"products\\/product-13.jpg\"]'),(807,3,4,4.00,'Great E-commerce system. And much more : Wonderful Customer Support.','published','2024-01-06 17:16:20','2024-01-06 17:16:20','[\"products\\/product-57.jpg\"]'),(812,1,60,4.00,'For me the best eCommerce script on Envato at this moment: modern, clean code, a lot of great features. The customer support is great too: I always get an answer within hours!','published','2024-01-06 17:16:20','2024-01-06 17:16:20','[\"products\\/product-26.jpg\",\"products\\/product-41.jpg\",\"products\\/product-71.jpg\",\"products\\/product-90.jpg\"]'),(813,4,62,3.00,'Second or third time that I buy a Botble product, happy with the products and support. You guys do a good job :)','published','2024-01-06 17:16:20','2024-01-06 17:16:20','[\"products\\/product-44.jpg\",\"products\\/product-79.jpg\"]'),(819,9,56,5.00,'Clean & perfect source code','published','2024-01-06 17:16:20','2024-01-06 17:16:20','[\"products\\/product-17.jpg\",\"products\\/product-19.jpg\",\"products\\/product-34.jpg\",\"products\\/product-75.jpg\"]'),(823,4,44,5.00,'Those guys now what they are doing, the release such a good product that it\'s a pleasure to work with ! Even when I was stuck on the project, I created a ticket and the next day it was replied by the team. GOOD JOB guys. I love working with them :)','published','2024-01-06 17:16:20','2024-01-06 17:16:20','[\"products\\/pla-product-01.jpg\"]'),(825,3,30,1.00,'The best ecommerce CMS! Excellent coding! best support service! Thank you so much..... I really like your hard work.','published','2024-01-06 17:16:20','2024-01-06 17:16:20','[\"products\\/pla-product-03.jpg\",\"products\\/product-20.jpg\",\"products\\/product-51.jpg\",\"products\\/product-57.jpg\"]'),(828,5,75,2.00,'The best store template! Excellent coding! Very good support! Thank you so much for all the help, I really appreciated.','published','2024-01-06 17:16:20','2024-01-06 17:16:20','[\"products\\/product-46.jpg\",\"products\\/product-52.jpg\",\"products\\/product-62.jpg\",\"products\\/product-84.jpg\"]'),(829,5,37,1.00,'The best ecommerce CMS! Excellent coding! best support service! Thank you so much..... I really like your hard work.','published','2024-01-06 17:16:20','2024-01-06 17:16:20','[\"products\\/product-24.jpg\",\"products\\/product-93.jpg\",\"products\\/product-95.jpg\"]'),(836,4,30,3.00,'Second or third time that I buy a Botble product, happy with the products and support. You guys do a good job :)','published','2024-01-06 17:16:20','2024-01-06 17:16:20','[\"products\\/product-91.jpg\"]'),(837,8,24,4.00,'This script is well coded and is super fast. The support is pretty quick. Very patient and helpful team. I strongly recommend it and they deserve more than 5 stars.','published','2024-01-06 17:16:20','2024-01-06 17:16:20','[\"products\\/product-69.jpg\"]'),(846,3,28,4.00,'As a developer I reviewed this script. This is really awesome ecommerce script. I have convinced when I noticed that it\'s built on fully WordPress concept.','published','2024-01-06 17:16:20','2024-01-06 17:16:20','[\"products\\/product-53.jpg\",\"products\\/product-88.jpg\"]'),(852,7,30,1.00,'We have received brilliant service support and will be expanding the features with the developer. Nice product!','published','2024-01-06 17:16:20','2024-01-06 17:16:20','[\"products\\/product-3.jpg\",\"products\\/product-14.jpg\",\"products\\/product-23.jpg\"]'),(855,2,6,1.00,'These guys are amazing! Responses immediately, amazing support and help... I immediately feel at ease after Purchasing..','published','2024-01-06 17:16:20','2024-01-06 17:16:20','[\"products\\/product-3.jpg\",\"products\\/product-34.jpg\",\"products\\/product-77.jpg\",\"products\\/product-91.jpg\"]'),(856,2,60,3.00,'This script is well coded and is super fast. The support is pretty quick. Very patient and helpful team. I strongly recommend it and they deserve more than 5 stars.','published','2024-01-06 17:16:20','2024-01-06 17:16:20','[\"products\\/product-85.jpg\"]'),(859,4,38,2.00,'Those guys now what they are doing, the release such a good product that it\'s a pleasure to work with ! Even when I was stuck on the project, I created a ticket and the next day it was replied by the team. GOOD JOB guys. I love working with them :)','published','2024-01-06 17:16:20','2024-01-06 17:16:20','[\"products\\/product-88.jpg\"]'),(862,2,31,4.00,'The best ecommerce CMS! Excellent coding! best support service! Thank you so much..... I really like your hard work.','published','2024-01-06 17:16:20','2024-01-06 17:16:20','[\"products\\/product-37.jpg\",\"products\\/product-44.jpg\",\"products\\/product-92.jpg\"]'),(864,3,31,2.00,'For me the best eCommerce script on Envato at this moment: modern, clean code, a lot of great features. The customer support is great too: I always get an answer within hours!','published','2024-01-06 17:16:20','2024-01-06 17:16:20','[\"products\\/product-2.jpg\",\"products\\/product-30.jpg\"]'),(868,1,56,3.00,'We have received brilliant service support and will be expanding the features with the developer. Nice product!','published','2024-01-06 17:16:20','2024-01-06 17:16:20','[\"products\\/product-18.jpg\",\"products\\/product-20.jpg\"]'),(871,3,46,2.00,'I Love this Script. I also found how to add other fees. Now I just wait the BIG update for the Marketplace with the Bulk Import. Just do not forget to make it to be Multi-language for us the Botble Fans.','published','2024-01-06 17:16:20','2024-01-06 17:16:20','[\"products\\/pla-product-03.jpg\",\"products\\/product-10.jpg\",\"products\\/product-88.jpg\",\"products\\/product-91.jpg\"]'),(873,7,45,2.00,'Ok good product. I have some issues in customizations. But its not correct to blame the developer. The product is good. Good luck for your business.','published','2024-01-06 17:16:20','2024-01-06 17:16:20','[\"products\\/product-40.jpg\",\"products\\/product-86.jpg\"]'),(877,4,19,5.00,'Amazing code, amazing support. Overall, im really confident in Botble and im happy I made the right choice! Thank you so much guys for coding this masterpiece','published','2024-01-06 17:16:20','2024-01-06 17:16:20','[\"products\\/product-33.jpg\",\"products\\/product-71.jpg\",\"products\\/product-80.jpg\"]'),(879,4,32,4.00,'Great E-commerce system. And much more : Wonderful Customer Support.','published','2024-01-06 17:16:20','2024-01-06 17:16:20','[\"products\\/product-25.jpg\"]'),(880,9,5,3.00,'These guys are amazing! Responses immediately, amazing support and help... I immediately feel at ease after Purchasing..','published','2024-01-06 17:16:20','2024-01-06 17:16:20','[\"products\\/product-78.jpg\",\"products\\/product-84.jpg\"]'),(887,7,9,2.00,'Amazing code, amazing support. Overall, im really confident in Botble and im happy I made the right choice! Thank you so much guys for coding this masterpiece','published','2024-01-06 17:16:20','2024-01-06 17:16:20','[\"products\\/product-73.jpg\"]'),(890,6,52,5.00,'For me the best eCommerce script on Envato at this moment: modern, clean code, a lot of great features. The customer support is great too: I always get an answer within hours!','published','2024-01-06 17:16:20','2024-01-06 17:16:20','[\"products\\/product-3.jpg\",\"products\\/product-17.jpg\",\"products\\/product-38.jpg\"]'),(892,3,53,3.00,'The script is the best of its class, fast, easy to implement and work with , and the most important thing is the great support team , Recommend with no doubt.','published','2024-01-06 17:16:20','2024-01-06 17:16:20','[\"products\\/product-1.jpg\",\"products\\/product-21.jpg\",\"products\\/product-51.jpg\",\"products\\/product-71.jpg\"]'),(896,3,47,3.00,'The best ecommerce CMS! Excellent coding! best support service! Thank you so much..... I really like your hard work.','published','2024-01-06 17:16:20','2024-01-06 17:16:20','[\"products\\/product-4.jpg\",\"products\\/product-25.jpg\"]'),(898,1,1,5.00,'The code is good, in general, if you like it, can you give it 5 stars?','published','2024-01-06 17:16:20','2024-01-06 17:16:20','[\"products\\/pla-product-04.jpg\",\"products\\/product-3.jpg\",\"products\\/product-45.jpg\",\"products\\/product-59.jpg\"]'),(902,8,37,1.00,'We have received brilliant service support and will be expanding the features with the developer. Nice product!','published','2024-01-06 17:16:20','2024-01-06 17:16:20','[\"products\\/product-65.jpg\"]'),(903,10,51,5.00,'It\'s not my first experience here on Codecanyon and I can honestly tell you all that Botble puts a LOT of effort into the support. They answer so fast, they helped me tons of times. REALLY by far THE BEST EXPERIENCE on Codecanyon. Those guys at Botble are so good that they deserve 5 stars. I recommend them, I trust them and I can\'t wait to see what they will sell in a near future. Thank you Botble :)','published','2024-01-06 17:16:20','2024-01-06 17:16:20','[\"products\\/product-57.jpg\",\"products\\/product-81.jpg\"]'),(911,2,4,3.00,'The best store template! Excellent coding! Very good support! Thank you so much for all the help, I really appreciated.','published','2024-01-06 17:16:20','2024-01-06 17:16:20','[\"products\\/product-24.jpg\",\"products\\/product-59.jpg\",\"products\\/product-67.jpg\",\"products\\/product-83.jpg\"]'),(912,4,67,1.00,'For me the best eCommerce script on Envato at this moment: modern, clean code, a lot of great features. The customer support is great too: I always get an answer within hours!','published','2024-01-06 17:16:20','2024-01-06 17:16:20','[\"products\\/product-53.jpg\"]'),(914,10,25,2.00,'As a developer I reviewed this script. This is really awesome ecommerce script. I have convinced when I noticed that it\'s built on fully WordPress concept.','published','2024-01-06 17:16:20','2024-01-06 17:16:20','[\"products\\/product-43.jpg\",\"products\\/product-45.jpg\",\"products\\/product-58.jpg\",\"products\\/product-67.jpg\"]'),(918,8,63,4.00,'Customer Support are grade (A*), however the code is a way too over engineered for it\'s purpose.','published','2024-01-06 17:16:20','2024-01-06 17:16:20','[\"products\\/product-18.jpg\",\"products\\/product-30.jpg\",\"products\\/product-48.jpg\",\"products\\/product-89.jpg\"]'),(920,9,16,5.00,'This web app is really good in design, code quality & features. Besides, the customer support provided by the Botble team was really fast & helpful. You guys are awesome!','published','2024-01-06 17:16:20','2024-01-06 17:16:20','[\"products\\/product-12.jpg\"]'),(923,1,27,2.00,'Very enthusiastic support! Excellent code is written. It\'s a true pleasure working with.','published','2024-01-06 17:16:20','2024-01-06 17:16:20','[\"products\\/product-8.jpg\",\"products\\/product-28.jpg\",\"products\\/product-79.jpg\"]'),(940,6,15,4.00,'It\'s not my first experience here on Codecanyon and I can honestly tell you all that Botble puts a LOT of effort into the support. They answer so fast, they helped me tons of times. REALLY by far THE BEST EXPERIENCE on Codecanyon. Those guys at Botble are so good that they deserve 5 stars. I recommend them, I trust them and I can\'t wait to see what they will sell in a near future. Thank you Botble :)','published','2024-01-06 17:16:20','2024-01-06 17:16:20','[\"products\\/product-12.jpg\"]'),(942,1,20,2.00,'The code is good, in general, if you like it, can you give it 5 stars?','published','2024-01-06 17:16:20','2024-01-06 17:16:20','[\"products\\/product-94.jpg\"]'),(952,8,16,3.00,'Perfect +++++++++ i love it really also i get to fast ticket answers... Thanks Lot BOTBLE Teams','published','2024-01-06 17:16:20','2024-01-06 17:16:20','[\"products\\/product-5.jpg\",\"products\\/product-14.jpg\",\"products\\/product-88.jpg\",\"products\\/product-93.jpg\"]'),(953,4,2,1.00,'Great E-commerce system. And much more : Wonderful Customer Support.','published','2024-01-06 17:16:20','2024-01-06 17:16:20','[\"products\\/product-73.jpg\"]'),(955,5,72,3.00,'The script is the best of its class, fast, easy to implement and work with , and the most important thing is the great support team , Recommend with no doubt.','published','2024-01-06 17:16:20','2024-01-06 17:16:20','[\"products\\/product-5.jpg\",\"products\\/product-41.jpg\"]'),(961,7,10,5.00,'Solution is too robust for our purpose so we didn\'t use it at the end. But I appreciate customer support during initial configuration.','published','2024-01-06 17:16:20','2024-01-06 17:16:20','[\"products\\/product-42.jpg\",\"products\\/product-51.jpg\",\"products\\/product-69.jpg\",\"products\\/product-86.jpg\"]'),(963,6,55,5.00,'Amazing code, amazing support. Overall, im really confident in Botble and im happy I made the right choice! Thank you so much guys for coding this masterpiece','published','2024-01-06 17:16:20','2024-01-06 17:16:20','[\"products\\/product-7.jpg\",\"products\\/product-32.jpg\",\"products\\/product-57.jpg\",\"products\\/product-87.jpg\"]'),(964,10,3,3.00,'Cool template. Excellent code quality. The support responds very quickly, which is very rare on themeforest and codecanyon.net, I buy a lot of templates, and everyone will have a response from technical support for two or three days. Thanks to tech support. I recommend to buy.','published','2024-01-06 17:16:20','2024-01-06 17:16:20','[\"products\\/product-5.jpg\",\"products\\/product-49.jpg\"]'),(967,2,12,4.00,'As a developer I reviewed this script. This is really awesome ecommerce script. I have convinced when I noticed that it\'s built on fully WordPress concept.','published','2024-01-06 17:16:20','2024-01-06 17:16:20','[\"products\\/product-75.jpg\"]'),(968,7,39,3.00,'Great system, great support, good job Botble. I\'m looking forward to more great functional plugins.','published','2024-01-06 17:16:20','2024-01-06 17:16:20','[\"products\\/product-19.jpg\",\"products\\/product-44.jpg\"]'),(977,9,51,2.00,'Ok good product. I have some issues in customizations. But its not correct to blame the developer. The product is good. Good luck for your business.','published','2024-01-06 17:16:20','2024-01-06 17:16:20','[\"products\\/product-30.jpg\",\"products\\/product-43.jpg\",\"products\\/product-86.jpg\",\"products\\/product-91.jpg\"]'),(980,3,72,1.00,'Best ecommerce CMS online store!','published','2024-01-06 17:16:20','2024-01-06 17:16:20','[\"products\\/product-43.jpg\",\"products\\/product-45.jpg\",\"products\\/product-83.jpg\",\"products\\/product-88.jpg\"]'),(985,3,54,1.00,'Customer Support are grade (A*), however the code is a way too over engineered for it\'s purpose.','published','2024-01-06 17:16:20','2024-01-06 17:16:20','[\"products\\/pla-product-04.jpg\",\"products\\/product-35.jpg\",\"products\\/product-78.jpg\",\"products\\/product-90.jpg\"]'),(987,9,33,4.00,'This web app is really good in design, code quality & features. Besides, the customer support provided by the Botble team was really fast & helpful. You guys are awesome!','published','2024-01-06 17:16:20','2024-01-06 17:16:20','[\"products\\/pla-product-02.jpg\",\"products\\/product-4.jpg\",\"products\\/product-44.jpg\",\"products\\/product-95.jpg\"]'),(995,5,1,2.00,'For me the best eCommerce script on Envato at this moment: modern, clean code, a lot of great features. The customer support is great too: I always get an answer within hours!','published','2024-01-06 17:16:20','2024-01-06 17:16:20','[\"products\\/product-18.jpg\",\"products\\/product-37.jpg\"]'),(996,8,2,2.00,'Customer Support are grade (A*), however the code is a way too over engineered for it\'s purpose.','published','2024-01-06 17:16:20','2024-01-06 17:16:20','[\"products\\/product-38.jpg\",\"products\\/product-48.jpg\",\"products\\/product-74.jpg\",\"products\\/product-94.jpg\"]'),(997,8,73,4.00,'Ok good product. I have some issues in customizations. But its not correct to blame the developer. The product is good. Good luck for your business.','published','2024-01-06 17:16:20','2024-01-06 17:16:20','[\"products\\/product-3.jpg\"]');
/*!40000 ALTER TABLE `ec_reviews` ENABLE KEYS */;
UNLOCK TABLES;

--
-- Table structure for table `ec_shipment_histories`
--

DROP TABLE IF EXISTS `ec_shipment_histories`;
/*!40101 SET @saved_cs_client     = @@character_set_client */;
/*!50503 SET character_set_client = utf8mb4 */;
CREATE TABLE `ec_shipment_histories` (
  `id` bigint unsigned NOT NULL AUTO_INCREMENT,
  `action` varchar(120) COLLATE utf8mb4_unicode_ci NOT NULL,
  `description` varchar(255) COLLATE utf8mb4_unicode_ci NOT NULL,
  `user_id` bigint unsigned DEFAULT NULL,
  `shipment_id` bigint unsigned NOT NULL,
  `order_id` bigint unsigned NOT NULL,
  `created_at` timestamp NULL DEFAULT NULL,
  `updated_at` timestamp NULL DEFAULT NULL,
  `user_type` varchar(255) COLLATE utf8mb4_unicode_ci NOT NULL DEFAULT 'Botble\\ACL\\Models\\User',
  PRIMARY KEY (`id`)
) ENGINE=InnoDB AUTO_INCREMENT=49 DEFAULT CHARSET=utf8mb4 COLLATE=utf8mb4_unicode_ci;
/*!40101 SET character_set_client = @saved_cs_client */;

--
-- Dumping data for table `ec_shipment_histories`
--

LOCK TABLES `ec_shipment_histories` WRITE;
/*!40000 ALTER TABLE `ec_shipment_histories` DISABLE KEYS */;
INSERT INTO `ec_shipment_histories` VALUES (1,'create_from_order','Shipping was created from order %order_id%',0,1,1,'2023-12-26 01:16:20','2023-12-26 01:16:20','Botble\\ACL\\Models\\User'),(2,'update_status','Changed status of shipping to: Approved. Updated by: %user_name%',0,1,1,'2024-01-05 01:16:20','2024-01-06 17:16:20','Botble\\ACL\\Models\\User'),(3,'update_status','Changed status of shipping to: Delivered. Updated by: %user_name%',0,1,1,'2024-01-06 17:16:20','2024-01-06 17:16:20','Botble\\ACL\\Models\\User'),(4,'create_from_order','Shipping was created from order %order_id%',0,2,2,'2024-01-01 23:16:20','2024-01-01 23:16:20','Botble\\ACL\\Models\\User'),(5,'update_status','Changed status of shipping to: Approved. Updated by: %user_name%',0,2,2,'2024-01-05 03:16:21','2024-01-06 17:16:21','Botble\\ACL\\Models\\User'),(6,'update_status','Changed status of shipping to: Delivered. Updated by: %user_name%',0,2,2,'2024-01-06 17:16:21','2024-01-06 17:16:21','Botble\\ACL\\Models\\User'),(7,'create_from_order','Shipping was created from order %order_id%',0,3,3,'2024-01-05 05:16:21','2024-01-05 05:16:21','Botble\\ACL\\Models\\User'),(8,'update_status','Changed status of shipping to: Approved. Updated by: %user_name%',0,3,3,'2024-01-05 05:16:21','2024-01-06 17:16:21','Botble\\ACL\\Models\\User'),(9,'create_from_order','Shipping was created from order %order_id%',0,4,4,'2023-12-27 19:16:21','2023-12-27 19:16:21','Botble\\ACL\\Models\\User'),(10,'update_status','Changed status of shipping to: Approved. Updated by: %user_name%',0,4,4,'2024-01-05 07:16:21','2024-01-06 17:16:21','Botble\\ACL\\Models\\User'),(11,'create_from_order','Shipping was created from order %order_id%',0,5,5,'2023-12-29 17:16:21','2023-12-29 17:16:21','Botble\\ACL\\Models\\User'),(12,'update_status','Changed status of shipping to: Approved. Updated by: %user_name%',0,5,5,'2024-01-05 09:16:21','2024-01-06 17:16:21','Botble\\ACL\\Models\\User'),(13,'update_status','Changed status of shipping to: Delivered. Updated by: %user_name%',0,5,5,'2024-01-06 17:16:21','2024-01-06 17:16:21','Botble\\ACL\\Models\\User'),(14,'create_from_order','Shipping was created from order %order_id%',0,6,6,'2023-12-28 23:16:21','2023-12-28 23:16:21','Botble\\ACL\\Models\\User'),(15,'update_status','Changed status of shipping to: Approved. Updated by: %user_name%',0,6,6,'2024-01-05 11:16:21','2024-01-06 17:16:21','Botble\\ACL\\Models\\User'),(16,'create_from_order','Shipping was created from order %order_id%',0,7,7,'2023-12-27 05:16:21','2023-12-27 05:16:21','Botble\\ACL\\Models\\User'),(17,'update_status','Changed status of shipping to: Approved. Updated by: %user_name%',0,7,7,'2024-01-05 13:16:22','2024-01-06 17:16:22','Botble\\ACL\\Models\\User'),(18,'update_status','Changed status of shipping to: Delivered. Updated by: %user_name%',0,7,7,'2024-01-06 17:16:22','2024-01-06 17:16:22','Botble\\ACL\\Models\\User'),(19,'create_from_order','Shipping was created from order %order_id%',0,8,8,'2023-12-30 03:16:22','2023-12-30 03:16:22','Botble\\ACL\\Models\\User'),(20,'update_status','Changed status of shipping to: Approved. Updated by: %user_name%',0,8,8,'2024-01-05 15:16:22','2024-01-06 17:16:22','Botble\\ACL\\Models\\User'),(21,'update_status','Changed status of shipping to: Delivered. Updated by: %user_name%',0,8,8,'2024-01-06 17:16:22','2024-01-06 17:16:22','Botble\\ACL\\Models\\User'),(22,'create_from_order','Shipping was created from order %order_id%',0,9,9,'2023-12-29 17:16:22','2023-12-29 17:16:22','Botble\\ACL\\Models\\User'),(23,'update_status','Changed status of shipping to: Approved. Updated by: %user_name%',0,9,9,'2024-01-05 17:16:22','2024-01-06 17:16:22','Botble\\ACL\\Models\\User'),(24,'update_status','Changed status of shipping to: Delivered. Updated by: %user_name%',0,9,9,'2024-01-06 17:16:22','2024-01-06 17:16:22','Botble\\ACL\\Models\\User'),(25,'create_from_order','Shipping was created from order %order_id%',0,10,10,'2024-01-05 19:16:22','2024-01-05 19:16:22','Botble\\ACL\\Models\\User'),(26,'update_status','Changed status of shipping to: Approved. Updated by: %user_name%',0,10,10,'2024-01-05 19:16:22','2024-01-06 17:16:22','Botble\\ACL\\Models\\User'),(27,'create_from_order','Shipping was created from order %order_id%',0,11,11,'2023-12-29 09:16:22','2023-12-29 09:16:22','Botble\\ACL\\Models\\User'),(28,'update_status','Changed status of shipping to: Approved. Updated by: %user_name%',0,11,11,'2024-01-05 21:16:22','2024-01-06 17:16:22','Botble\\ACL\\Models\\User'),(29,'create_from_order','Shipping was created from order %order_id%',0,12,12,'2024-01-03 17:16:22','2024-01-03 17:16:22','Botble\\ACL\\Models\\User'),(30,'update_status','Changed status of shipping to: Approved. Updated by: %user_name%',0,12,12,'2024-01-05 23:16:22','2024-01-06 17:16:22','Botble\\ACL\\Models\\User'),(31,'create_from_order','Shipping was created from order %order_id%',0,13,13,'2024-01-03 09:16:22','2024-01-03 09:16:22','Botble\\ACL\\Models\\User'),(32,'update_status','Changed status of shipping to: Approved. Updated by: %user_name%',0,13,13,'2024-01-06 01:16:23','2024-01-06 17:16:23','Botble\\ACL\\Models\\User'),(33,'create_from_order','Shipping was created from order %order_id%',0,14,14,'2024-01-01 11:16:23','2024-01-01 11:16:23','Botble\\ACL\\Models\\User'),(34,'update_status','Changed status of shipping to: Approved. Updated by: %user_name%',0,14,14,'2024-01-06 03:16:23','2024-01-06 17:16:23','Botble\\ACL\\Models\\User'),(35,'create_from_order','Shipping was created from order %order_id%',0,15,15,'2024-01-05 05:16:23','2024-01-05 05:16:23','Botble\\ACL\\Models\\User'),(36,'update_status','Changed status of shipping to: Approved. Updated by: %user_name%',0,15,15,'2024-01-06 05:16:23','2024-01-06 17:16:23','Botble\\ACL\\Models\\User'),(37,'update_cod_status','Updated COD status to Completed . Updated by: %user_name%',0,15,15,'2024-01-06 17:16:23','2024-01-06 17:16:23','Botble\\ACL\\Models\\User'),(38,'update_status','Changed status of shipping to: Delivered. Updated by: %user_name%',0,15,15,'2024-01-06 17:16:23','2024-01-06 17:16:23','Botble\\ACL\\Models\\User'),(39,'create_from_order','Shipping was created from order %order_id%',0,16,16,'2024-01-05 21:16:23','2024-01-05 21:16:23','Botble\\ACL\\Models\\User'),(40,'update_status','Changed status of shipping to: Approved. Updated by: %user_name%',0,16,16,'2024-01-06 07:16:23','2024-01-06 17:16:23','Botble\\ACL\\Models\\User'),(41,'update_status','Changed status of shipping to: Delivered. Updated by: %user_name%',0,16,16,'2024-01-06 17:16:23','2024-01-06 17:16:23','Botble\\ACL\\Models\\User'),(42,'create_from_order','Shipping was created from order %order_id%',0,17,17,'2024-01-05 17:16:23','2024-01-05 17:16:23','Botble\\ACL\\Models\\User'),(43,'update_status','Changed status of shipping to: Approved. Updated by: %user_name%',0,17,17,'2024-01-06 09:16:23','2024-01-06 17:16:23','Botble\\ACL\\Models\\User'),(44,'create_from_order','Shipping was created from order %order_id%',0,18,18,'2024-01-04 23:16:23','2024-01-04 23:16:23','Botble\\ACL\\Models\\User'),(45,'update_status','Changed status of shipping to: Approved. Updated by: %user_name%',0,18,18,'2024-01-06 11:16:23','2024-01-06 17:16:23','Botble\\ACL\\Models\\User'),(46,'create_from_order','Shipping was created from order %order_id%',0,19,20,'2024-01-06 09:16:24','2024-01-06 09:16:24','Botble\\ACL\\Models\\User'),(47,'update_status','Changed status of shipping to: Approved. Updated by: %user_name%',0,19,20,'2024-01-06 15:16:24','2024-01-06 17:16:24','Botble\\ACL\\Models\\User'),(48,'update_status','Changed status of shipping to: Delivered. Updated by: %user_name%',0,19,20,'2024-01-06 17:16:24','2024-01-06 17:16:24','Botble\\ACL\\Models\\User');
/*!40000 ALTER TABLE `ec_shipment_histories` ENABLE KEYS */;
UNLOCK TABLES;

--
-- Table structure for table `ec_shipments`
--

DROP TABLE IF EXISTS `ec_shipments`;
/*!40101 SET @saved_cs_client     = @@character_set_client */;
/*!50503 SET character_set_client = utf8mb4 */;
CREATE TABLE `ec_shipments` (
  `id` bigint unsigned NOT NULL AUTO_INCREMENT,
  `order_id` bigint unsigned NOT NULL,
  `user_id` bigint unsigned DEFAULT NULL,
  `weight` double(8,2) DEFAULT '0.00',
  `shipment_id` varchar(120) COLLATE utf8mb4_unicode_ci DEFAULT NULL,
  `rate_id` varchar(120) COLLATE utf8mb4_unicode_ci DEFAULT NULL,
  `note` varchar(120) COLLATE utf8mb4_unicode_ci DEFAULT NULL,
  `status` varchar(120) COLLATE utf8mb4_unicode_ci NOT NULL DEFAULT 'pending',
  `cod_amount` decimal(15,2) DEFAULT '0.00',
  `cod_status` varchar(60) COLLATE utf8mb4_unicode_ci NOT NULL DEFAULT 'pending',
  `cross_checking_status` varchar(60) COLLATE utf8mb4_unicode_ci NOT NULL DEFAULT 'pending',
  `price` decimal(15,2) DEFAULT '0.00',
  `store_id` bigint unsigned DEFAULT NULL,
  `created_at` timestamp NULL DEFAULT NULL,
  `updated_at` timestamp NULL DEFAULT NULL,
  `tracking_id` varchar(191) COLLATE utf8mb4_unicode_ci DEFAULT NULL,
  `shipping_company_name` varchar(191) COLLATE utf8mb4_unicode_ci DEFAULT NULL,
  `tracking_link` varchar(191) COLLATE utf8mb4_unicode_ci DEFAULT NULL,
  `estimate_date_shipped` datetime DEFAULT NULL,
  `date_shipped` datetime DEFAULT NULL,
  `label_url` text COLLATE utf8mb4_unicode_ci,
  `metadata` mediumtext COLLATE utf8mb4_unicode_ci,
  PRIMARY KEY (`id`)
) ENGINE=InnoDB AUTO_INCREMENT=20 DEFAULT CHARSET=utf8mb4 COLLATE=utf8mb4_unicode_ci;
/*!40101 SET character_set_client = @saved_cs_client */;

--
-- Dumping data for table `ec_shipments`
--

LOCK TABLES `ec_shipments` WRITE;
/*!40000 ALTER TABLE `ec_shipments` DISABLE KEYS */;
INSERT INTO `ec_shipments` VALUES (1,1,NULL,6170.00,NULL,NULL,'','delivered',0.00,'completed','pending',0.00,0,'2024-01-06 17:16:20','2024-01-06 17:16:20','JJD0038068027','GHN','https://mydhl.express.dhl/us/en/tracking.html#/track-by-reference','2024-01-12 00:16:20','2024-01-07 00:16:20',NULL,NULL),(2,2,NULL,5469.00,NULL,NULL,'','delivered',0.00,'completed','pending',0.00,0,'2024-01-06 17:16:21','2024-01-06 17:16:21','JJD0030991639','DHL','https://mydhl.express.dhl/us/en/tracking.html#/track-by-reference','2024-01-13 00:16:21','2024-01-07 00:16:21',NULL,NULL),(3,3,NULL,5669.00,NULL,NULL,'','approved',0.00,'completed','pending',0.00,0,'2024-01-06 17:16:21','2024-01-06 17:16:21','JJD0074920700','AliExpress','https://mydhl.express.dhl/us/en/tracking.html#/track-by-reference','2024-01-17 00:16:21',NULL,NULL,NULL),(4,4,NULL,6093.00,NULL,NULL,'','approved',0.00,'completed','pending',0.00,0,'2024-01-06 17:16:21','2024-01-06 17:16:21','JJD0068537485','FastShipping','https://mydhl.express.dhl/us/en/tracking.html#/track-by-reference','2024-01-08 00:16:21',NULL,NULL,NULL),(5,5,NULL,1595.00,NULL,NULL,'','delivered',0.00,'completed','pending',0.00,0,'2024-01-06 17:16:21','2024-01-06 17:16:21','JJD0076703643','AliExpress','https://mydhl.express.dhl/us/en/tracking.html#/track-by-reference','2024-01-13 00:16:21','2024-01-07 00:16:21',NULL,NULL),(6,6,NULL,2625.00,NULL,NULL,'','approved',0.00,'completed','pending',0.00,0,'2024-01-06 17:16:21','2024-01-06 17:16:21','JJD008610881','AliExpress','https://mydhl.express.dhl/us/en/tracking.html#/track-by-reference','2024-01-14 00:16:21',NULL,NULL,NULL),(7,7,NULL,2576.00,NULL,NULL,'','delivered',0.00,'completed','pending',0.00,0,'2024-01-06 17:16:21','2024-01-06 17:16:21','JJD0081108457','DHL','https://mydhl.express.dhl/us/en/tracking.html#/track-by-reference','2024-01-10 00:16:21','2024-01-07 00:16:21',NULL,NULL),(8,8,NULL,3529.00,NULL,NULL,'','delivered',0.00,'completed','pending',0.00,0,'2024-01-06 17:16:22','2024-01-06 17:16:22','JJD0075239416','FastShipping','https://mydhl.express.dhl/us/en/tracking.html#/track-by-reference','2024-01-13 00:16:22','2024-01-07 00:16:22',NULL,NULL),(9,9,NULL,3442.00,NULL,NULL,'','delivered',0.00,'completed','pending',0.00,0,'2024-01-06 17:16:22','2024-01-06 17:16:22','JJD0012137893','GHN','https://mydhl.express.dhl/us/en/tracking.html#/track-by-reference','2024-01-15 00:16:22','2024-01-07 00:16:22',NULL,NULL),(10,10,NULL,2176.00,NULL,NULL,'','approved',0.00,'completed','pending',0.00,0,'2024-01-06 17:16:22','2024-01-06 17:16:22','JJD0037433698','DHL','https://mydhl.express.dhl/us/en/tracking.html#/track-by-reference','2024-01-09 00:16:22',NULL,NULL,NULL),(11,11,NULL,1890.00,NULL,NULL,'','approved',0.00,'completed','pending',0.00,0,'2024-01-06 17:16:22','2024-01-06 17:16:22','JJD0030393011','GHN','https://mydhl.express.dhl/us/en/tracking.html#/track-by-reference','2024-01-14 00:16:22',NULL,NULL,NULL),(12,12,NULL,5057.00,NULL,NULL,'','approved',0.00,'completed','pending',0.00,0,'2024-01-06 17:16:22','2024-01-06 17:16:22','JJD0037322323','FastShipping','https://mydhl.express.dhl/us/en/tracking.html#/track-by-reference','2024-01-12 00:16:22',NULL,NULL,NULL),(13,13,NULL,6036.00,NULL,NULL,'','approved',0.00,'completed','pending',0.00,0,'2024-01-06 17:16:23','2024-01-06 17:16:23','JJD004991836','AliExpress','https://mydhl.express.dhl/us/en/tracking.html#/track-by-reference','2024-01-09 00:16:23',NULL,NULL,NULL),(14,14,NULL,2250.00,NULL,NULL,'','approved',634.00,'pending','pending',0.00,0,'2024-01-06 17:16:23','2024-01-06 17:16:23','JJD0051868209','AliExpress','https://mydhl.express.dhl/us/en/tracking.html#/track-by-reference','2024-01-17 00:16:23',NULL,NULL,NULL),(15,15,NULL,2849.00,NULL,NULL,'','delivered',1685.00,'completed','pending',0.00,0,'2024-01-06 17:16:23','2024-01-06 17:16:23','JJD0014573582','FastShipping','https://mydhl.express.dhl/us/en/tracking.html#/track-by-reference','2024-01-11 00:16:23','2024-01-07 00:16:23',NULL,NULL),(16,16,NULL,1527.00,NULL,NULL,'','delivered',0.00,'completed','pending',0.00,0,'2024-01-06 17:16:23','2024-01-06 17:16:23','JJD0012144405','GHN','https://mydhl.express.dhl/us/en/tracking.html#/track-by-reference','2024-01-15 00:16:23','2024-01-07 00:16:23',NULL,NULL),(17,17,NULL,3879.00,NULL,NULL,'','approved',1911.00,'pending','pending',0.00,0,'2024-01-06 17:16:23','2024-01-06 17:16:23','JJD0082263744','AliExpress','https://mydhl.express.dhl/us/en/tracking.html#/track-by-reference','2024-01-11 00:16:23',NULL,NULL,NULL),(18,18,NULL,4759.00,NULL,NULL,'','approved',0.00,'completed','pending',0.00,0,'2024-01-06 17:16:23','2024-01-06 17:16:23','JJD0011835477','AliExpress','https://mydhl.express.dhl/us/en/tracking.html#/track-by-reference','2024-01-12 00:16:23',NULL,NULL,NULL),(19,20,NULL,3567.00,NULL,NULL,'','delivered',0.00,'completed','pending',0.00,0,'2024-01-06 17:16:24','2024-01-06 17:16:24','JJD0040586787','DHL','https://mydhl.express.dhl/us/en/tracking.html#/track-by-reference','2024-01-13 00:16:24','2024-01-07 00:16:24',NULL,NULL);
/*!40000 ALTER TABLE `ec_shipments` ENABLE KEYS */;
UNLOCK TABLES;

--
-- Table structure for table `ec_shipping`
--

DROP TABLE IF EXISTS `ec_shipping`;
/*!40101 SET @saved_cs_client     = @@character_set_client */;
/*!50503 SET character_set_client = utf8mb4 */;
CREATE TABLE `ec_shipping` (
  `id` bigint unsigned NOT NULL AUTO_INCREMENT,
  `title` varchar(191) COLLATE utf8mb4_unicode_ci DEFAULT NULL,
  `country` varchar(120) COLLATE utf8mb4_unicode_ci DEFAULT NULL,
  `created_at` timestamp NULL DEFAULT NULL,
  `updated_at` timestamp NULL DEFAULT NULL,
  PRIMARY KEY (`id`)
) ENGINE=InnoDB AUTO_INCREMENT=2 DEFAULT CHARSET=utf8mb4 COLLATE=utf8mb4_unicode_ci;
/*!40101 SET character_set_client = @saved_cs_client */;

--
-- Dumping data for table `ec_shipping`
--

LOCK TABLES `ec_shipping` WRITE;
/*!40000 ALTER TABLE `ec_shipping` DISABLE KEYS */;
INSERT INTO `ec_shipping` VALUES (1,'All',NULL,'2024-01-06 17:16:05','2024-01-06 17:16:05');
/*!40000 ALTER TABLE `ec_shipping` ENABLE KEYS */;
UNLOCK TABLES;

--
-- Table structure for table `ec_shipping_rule_items`
--

DROP TABLE IF EXISTS `ec_shipping_rule_items`;
/*!40101 SET @saved_cs_client     = @@character_set_client */;
/*!50503 SET character_set_client = utf8mb4 */;
CREATE TABLE `ec_shipping_rule_items` (
  `id` bigint unsigned NOT NULL AUTO_INCREMENT,
  `shipping_rule_id` bigint unsigned NOT NULL,
  `country` varchar(120) COLLATE utf8mb4_unicode_ci DEFAULT NULL,
  `state` varchar(120) COLLATE utf8mb4_unicode_ci DEFAULT NULL,
  `city` varchar(120) COLLATE utf8mb4_unicode_ci DEFAULT NULL,
  `zip_code` varchar(20) COLLATE utf8mb4_unicode_ci DEFAULT NULL,
  `adjustment_price` decimal(15,2) DEFAULT '0.00',
  `is_enabled` tinyint(1) NOT NULL DEFAULT '1',
  `created_at` timestamp NULL DEFAULT NULL,
  `updated_at` timestamp NULL DEFAULT NULL,
  PRIMARY KEY (`id`)
) ENGINE=InnoDB DEFAULT CHARSET=utf8mb4 COLLATE=utf8mb4_unicode_ci;
/*!40101 SET character_set_client = @saved_cs_client */;

--
-- Dumping data for table `ec_shipping_rule_items`
--

LOCK TABLES `ec_shipping_rule_items` WRITE;
/*!40000 ALTER TABLE `ec_shipping_rule_items` DISABLE KEYS */;
/*!40000 ALTER TABLE `ec_shipping_rule_items` ENABLE KEYS */;
UNLOCK TABLES;

--
-- Table structure for table `ec_shipping_rules`
--

DROP TABLE IF EXISTS `ec_shipping_rules`;
/*!40101 SET @saved_cs_client     = @@character_set_client */;
/*!50503 SET character_set_client = utf8mb4 */;
CREATE TABLE `ec_shipping_rules` (
  `id` bigint unsigned NOT NULL AUTO_INCREMENT,
  `name` varchar(120) COLLATE utf8mb4_unicode_ci NOT NULL,
  `shipping_id` bigint unsigned NOT NULL,
  `type` varchar(24) COLLATE utf8mb4_unicode_ci DEFAULT 'based_on_price',
  `from` decimal(15,2) DEFAULT '0.00',
  `to` decimal(15,2) DEFAULT '0.00',
  `price` decimal(15,2) DEFAULT '0.00',
  `created_at` timestamp NULL DEFAULT NULL,
  `updated_at` timestamp NULL DEFAULT NULL,
  PRIMARY KEY (`id`)
) ENGINE=InnoDB AUTO_INCREMENT=2 DEFAULT CHARSET=utf8mb4 COLLATE=utf8mb4_unicode_ci;
/*!40101 SET character_set_client = @saved_cs_client */;

--
-- Dumping data for table `ec_shipping_rules`
--

LOCK TABLES `ec_shipping_rules` WRITE;
/*!40000 ALTER TABLE `ec_shipping_rules` DISABLE KEYS */;
INSERT INTO `ec_shipping_rules` VALUES (1,'Free delivery',1,'based_on_price',0.00,NULL,0.00,'2024-01-06 17:16:05','2024-01-06 17:16:05');
/*!40000 ALTER TABLE `ec_shipping_rules` ENABLE KEYS */;
UNLOCK TABLES;

--
-- Table structure for table `ec_store_locators`
--

DROP TABLE IF EXISTS `ec_store_locators`;
/*!40101 SET @saved_cs_client     = @@character_set_client */;
/*!50503 SET character_set_client = utf8mb4 */;
CREATE TABLE `ec_store_locators` (
  `id` bigint unsigned NOT NULL AUTO_INCREMENT,
  `name` varchar(60) COLLATE utf8mb4_unicode_ci NOT NULL,
  `email` varchar(60) COLLATE utf8mb4_unicode_ci DEFAULT NULL,
  `phone` varchar(20) COLLATE utf8mb4_unicode_ci NOT NULL,
  `address` varchar(255) COLLATE utf8mb4_unicode_ci NOT NULL,
  `country` varchar(120) COLLATE utf8mb4_unicode_ci DEFAULT NULL,
  `state` varchar(120) COLLATE utf8mb4_unicode_ci DEFAULT NULL,
  `city` varchar(120) COLLATE utf8mb4_unicode_ci DEFAULT NULL,
  `is_primary` tinyint(1) DEFAULT '0',
  `is_shipping_location` tinyint(1) DEFAULT '1',
  `created_at` timestamp NULL DEFAULT NULL,
  `updated_at` timestamp NULL DEFAULT NULL,
  PRIMARY KEY (`id`)
) ENGINE=InnoDB DEFAULT CHARSET=utf8mb4 COLLATE=utf8mb4_unicode_ci;
/*!40101 SET character_set_client = @saved_cs_client */;

--
-- Dumping data for table `ec_store_locators`
--

LOCK TABLES `ec_store_locators` WRITE;
/*!40000 ALTER TABLE `ec_store_locators` DISABLE KEYS */;
/*!40000 ALTER TABLE `ec_store_locators` ENABLE KEYS */;
UNLOCK TABLES;

--
-- Table structure for table `ec_tax_products`
--

DROP TABLE IF EXISTS `ec_tax_products`;
/*!40101 SET @saved_cs_client     = @@character_set_client */;
/*!50503 SET character_set_client = utf8mb4 */;
CREATE TABLE `ec_tax_products` (
  `tax_id` bigint unsigned NOT NULL,
  `product_id` bigint unsigned NOT NULL,
  PRIMARY KEY (`product_id`,`tax_id`),
  KEY `ec_tax_products_tax_id_index` (`tax_id`),
  KEY `ec_tax_products_product_id_index` (`product_id`)
) ENGINE=InnoDB DEFAULT CHARSET=utf8mb4 COLLATE=utf8mb4_unicode_ci;
/*!40101 SET character_set_client = @saved_cs_client */;

--
-- Dumping data for table `ec_tax_products`
--

LOCK TABLES `ec_tax_products` WRITE;
/*!40000 ALTER TABLE `ec_tax_products` DISABLE KEYS */;
INSERT INTO `ec_tax_products` VALUES (1,1),(1,2),(1,3),(1,4),(1,5),(1,6),(1,7),(1,8),(1,9),(1,10),(1,11),(1,12),(1,13),(1,14),(1,15),(1,16),(1,17),(1,18),(1,19),(1,20),(1,21),(1,22),(1,23),(1,24),(1,25),(1,26),(1,27),(1,28),(1,29),(1,30),(1,31),(1,32),(1,33),(1,34),(1,35),(1,36),(1,37),(1,38),(1,39),(1,40),(1,41),(1,42),(1,43),(1,44),(1,45),(1,46),(1,47),(1,48),(1,49),(1,50),(1,51),(1,52),(1,53),(1,54),(1,55),(1,56),(1,57),(1,58),(1,59),(1,60),(1,61),(1,62),(1,63),(1,64),(1,65),(1,66),(1,67),(1,68),(1,69),(1,70),(1,71),(1,72),(1,73),(1,74),(1,75);
/*!40000 ALTER TABLE `ec_tax_products` ENABLE KEYS */;
UNLOCK TABLES;

--
-- Table structure for table `ec_tax_rules`
--

DROP TABLE IF EXISTS `ec_tax_rules`;
/*!40101 SET @saved_cs_client     = @@character_set_client */;
/*!50503 SET character_set_client = utf8mb4 */;
CREATE TABLE `ec_tax_rules` (
  `id` bigint unsigned NOT NULL AUTO_INCREMENT,
  `tax_id` bigint unsigned NOT NULL,
  `country` varchar(120) COLLATE utf8mb4_unicode_ci DEFAULT NULL,
  `state` varchar(120) COLLATE utf8mb4_unicode_ci DEFAULT NULL,
  `city` varchar(120) COLLATE utf8mb4_unicode_ci DEFAULT NULL,
  `zip_code` varchar(20) COLLATE utf8mb4_unicode_ci DEFAULT NULL,
  `priority` int DEFAULT NULL,
  `is_enabled` tinyint(1) NOT NULL DEFAULT '1',
  `created_at` timestamp NULL DEFAULT NULL,
  `updated_at` timestamp NULL DEFAULT NULL,
  PRIMARY KEY (`id`)
) ENGINE=InnoDB DEFAULT CHARSET=utf8mb4 COLLATE=utf8mb4_unicode_ci;
/*!40101 SET character_set_client = @saved_cs_client */;

--
-- Dumping data for table `ec_tax_rules`
--

LOCK TABLES `ec_tax_rules` WRITE;
/*!40000 ALTER TABLE `ec_tax_rules` DISABLE KEYS */;
/*!40000 ALTER TABLE `ec_tax_rules` ENABLE KEYS */;
UNLOCK TABLES;

--
-- Table structure for table `ec_taxes`
--

DROP TABLE IF EXISTS `ec_taxes`;
/*!40101 SET @saved_cs_client     = @@character_set_client */;
/*!50503 SET character_set_client = utf8mb4 */;
CREATE TABLE `ec_taxes` (
  `id` bigint unsigned NOT NULL AUTO_INCREMENT,
  `title` varchar(191) COLLATE utf8mb4_unicode_ci DEFAULT NULL,
  `percentage` double(8,6) DEFAULT NULL,
  `priority` int DEFAULT NULL,
  `status` varchar(60) COLLATE utf8mb4_unicode_ci NOT NULL DEFAULT 'published',
  `created_at` timestamp NULL DEFAULT NULL,
  `updated_at` timestamp NULL DEFAULT NULL,
  PRIMARY KEY (`id`)
) ENGINE=InnoDB AUTO_INCREMENT=4 DEFAULT CHARSET=utf8mb4 COLLATE=utf8mb4_unicode_ci;
/*!40101 SET character_set_client = @saved_cs_client */;

--
-- Dumping data for table `ec_taxes`
--

LOCK TABLES `ec_taxes` WRITE;
/*!40000 ALTER TABLE `ec_taxes` DISABLE KEYS */;
INSERT INTO `ec_taxes` VALUES (1,'VAT',10.000000,1,'published','2024-01-06 17:16:06','2024-01-06 17:16:06'),(2,'None',0.000000,2,'published','2024-01-06 17:16:06','2024-01-06 17:16:06'),(3,'Import Tax',15.000000,3,'published','2024-01-06 17:16:06','2024-01-06 17:16:06');
/*!40000 ALTER TABLE `ec_taxes` ENABLE KEYS */;
UNLOCK TABLES;

--
-- Table structure for table `ec_wish_lists`
--

DROP TABLE IF EXISTS `ec_wish_lists`;
/*!40101 SET @saved_cs_client     = @@character_set_client */;
/*!50503 SET character_set_client = utf8mb4 */;
CREATE TABLE `ec_wish_lists` (
  `id` bigint unsigned NOT NULL AUTO_INCREMENT,
  `customer_id` bigint unsigned NOT NULL,
  `product_id` bigint unsigned NOT NULL,
  `created_at` timestamp NULL DEFAULT NULL,
  `updated_at` timestamp NULL DEFAULT NULL,
  PRIMARY KEY (`id`),
  KEY `wishlist_relation_index` (`product_id`,`customer_id`)
) ENGINE=InnoDB DEFAULT CHARSET=utf8mb4 COLLATE=utf8mb4_unicode_ci;
/*!40101 SET character_set_client = @saved_cs_client */;

--
-- Dumping data for table `ec_wish_lists`
--

LOCK TABLES `ec_wish_lists` WRITE;
/*!40000 ALTER TABLE `ec_wish_lists` DISABLE KEYS */;
/*!40000 ALTER TABLE `ec_wish_lists` ENABLE KEYS */;
UNLOCK TABLES;

--
-- Table structure for table `failed_jobs`
--

DROP TABLE IF EXISTS `failed_jobs`;
/*!40101 SET @saved_cs_client     = @@character_set_client */;
/*!50503 SET character_set_client = utf8mb4 */;
CREATE TABLE `failed_jobs` (
  `id` bigint unsigned NOT NULL AUTO_INCREMENT,
  `uuid` varchar(191) COLLATE utf8mb4_unicode_ci NOT NULL,
  `connection` text COLLATE utf8mb4_unicode_ci NOT NULL,
  `queue` text COLLATE utf8mb4_unicode_ci NOT NULL,
  `payload` longtext COLLATE utf8mb4_unicode_ci NOT NULL,
  `exception` longtext COLLATE utf8mb4_unicode_ci NOT NULL,
  `failed_at` timestamp NOT NULL DEFAULT CURRENT_TIMESTAMP,
  PRIMARY KEY (`id`),
  UNIQUE KEY `failed_jobs_uuid_unique` (`uuid`)
) ENGINE=InnoDB DEFAULT CHARSET=utf8mb4 COLLATE=utf8mb4_unicode_ci;
/*!40101 SET character_set_client = @saved_cs_client */;

--
-- Dumping data for table `failed_jobs`
--

LOCK TABLES `failed_jobs` WRITE;
/*!40000 ALTER TABLE `failed_jobs` DISABLE KEYS */;
/*!40000 ALTER TABLE `failed_jobs` ENABLE KEYS */;
UNLOCK TABLES;

--
-- Table structure for table `faq_categories`
--

DROP TABLE IF EXISTS `faq_categories`;
/*!40101 SET @saved_cs_client     = @@character_set_client */;
/*!50503 SET character_set_client = utf8mb4 */;
CREATE TABLE `faq_categories` (
  `id` bigint unsigned NOT NULL AUTO_INCREMENT,
  `name` varchar(120) COLLATE utf8mb4_unicode_ci NOT NULL,
  `order` tinyint NOT NULL DEFAULT '0',
  `status` varchar(60) COLLATE utf8mb4_unicode_ci NOT NULL DEFAULT 'published',
  `created_at` timestamp NULL DEFAULT NULL,
  `updated_at` timestamp NULL DEFAULT NULL,
  `description` varchar(300) COLLATE utf8mb4_unicode_ci DEFAULT NULL,
  PRIMARY KEY (`id`)
) ENGINE=InnoDB AUTO_INCREMENT=4 DEFAULT CHARSET=utf8mb4 COLLATE=utf8mb4_unicode_ci;
/*!40101 SET character_set_client = @saved_cs_client */;

--
-- Dumping data for table `faq_categories`
--

LOCK TABLES `faq_categories` WRITE;
/*!40000 ALTER TABLE `faq_categories` DISABLE KEYS */;
INSERT INTO `faq_categories` VALUES (1,'Ordering Process',0,'published','2024-01-06 17:16:06','2024-01-06 17:16:06',NULL),(2,'Product Returns',1,'published','2024-01-06 17:16:06','2024-01-06 17:16:06',NULL),(3,'Product Availability',2,'published','2024-01-06 17:16:06','2024-01-06 17:16:06',NULL);
/*!40000 ALTER TABLE `faq_categories` ENABLE KEYS */;
UNLOCK TABLES;

--
-- Table structure for table `faq_categories_translations`
--

DROP TABLE IF EXISTS `faq_categories_translations`;
/*!40101 SET @saved_cs_client     = @@character_set_client */;
/*!50503 SET character_set_client = utf8mb4 */;
CREATE TABLE `faq_categories_translations` (
  `lang_code` varchar(20) COLLATE utf8mb4_unicode_ci NOT NULL,
  `faq_categories_id` bigint unsigned NOT NULL,
  `name` varchar(120) COLLATE utf8mb4_unicode_ci DEFAULT NULL,
  PRIMARY KEY (`lang_code`,`faq_categories_id`)
) ENGINE=InnoDB DEFAULT CHARSET=utf8mb4 COLLATE=utf8mb4_unicode_ci;
/*!40101 SET character_set_client = @saved_cs_client */;

--
-- Dumping data for table `faq_categories_translations`
--

LOCK TABLES `faq_categories_translations` WRITE;
/*!40000 ALTER TABLE `faq_categories_translations` DISABLE KEYS */;
/*!40000 ALTER TABLE `faq_categories_translations` ENABLE KEYS */;
UNLOCK TABLES;

--
-- Table structure for table `faqs`
--

DROP TABLE IF EXISTS `faqs`;
/*!40101 SET @saved_cs_client     = @@character_set_client */;
/*!50503 SET character_set_client = utf8mb4 */;
CREATE TABLE `faqs` (
  `id` bigint unsigned NOT NULL AUTO_INCREMENT,
  `question` text COLLATE utf8mb4_unicode_ci NOT NULL,
  `answer` text COLLATE utf8mb4_unicode_ci NOT NULL,
  `category_id` bigint unsigned NOT NULL,
  `status` varchar(60) COLLATE utf8mb4_unicode_ci NOT NULL DEFAULT 'published',
  `created_at` timestamp NULL DEFAULT NULL,
  `updated_at` timestamp NULL DEFAULT NULL,
  PRIMARY KEY (`id`)
) ENGINE=InnoDB AUTO_INCREMENT=13 DEFAULT CHARSET=utf8mb4 COLLATE=utf8mb4_unicode_ci;
/*!40101 SET character_set_client = @saved_cs_client */;

--
-- Dumping data for table `faqs`
--

LOCK TABLES `faqs` WRITE;
/*!40000 ALTER TABLE `faqs` DISABLE KEYS */;
INSERT INTO `faqs` VALUES (1,'How do I place an order?','To place an order, navigate to the product page, select the desired options, and click the \"Add to Cart\" button.',2,'published','2024-01-06 17:16:06','2024-01-06 17:16:06'),(2,'What are the shipping options?','We offer standard and expedited shipping options. Shipping costs and delivery times vary based on your location and chosen shipping method.',3,'published','2024-01-06 17:16:06','2024-01-06 17:16:06'),(3,'How can I return a product?','If you are not satisfied with your purchase, you can initiate a return within 30 days of receiving the product. Contact our customer service for further instructions.',3,'published','2024-01-06 17:16:06','2024-01-06 17:16:06'),(4,'What payment methods do you accept?','We accept major credit cards, PayPal, and other secure payment methods.',1,'published','2024-01-06 17:16:06','2024-01-06 17:16:06'),(5,'How can I update my account information?','Log in to your account and go to the \"Account Settings\" page to update your information, including your password and shipping address.',3,'published','2024-01-06 17:16:06','2024-01-06 17:16:06'),(6,'Are there any ongoing promotions or discounts?','Check our \"Promotions\" page for information on current discounts, special offers, and ongoing promotions.',2,'published','2024-01-06 17:16:06','2024-01-06 17:16:06'),(7,'Is the product in stock?','Product availability is indicated on each product page. If a product is out of stock, you may choose to be notified when it becomes available.',2,'published','2024-01-06 17:16:06','2024-01-06 17:16:06'),(8,'How is my personal information secured?','We take the security and privacy of your information seriously. Our website uses encryption technology to protect your personal data.',3,'published','2024-01-06 17:16:06','2024-01-06 17:16:06'),(9,'How do I get technical support?','For technical issues or assistance, contact our customer support team through the \"Contact Us\" page, and we will help you resolve any problems.',3,'published','2024-01-06 17:16:06','2024-01-06 17:16:06'),(10,'Do you offer international shipping?','Yes, we offer international shipping to many countries. Shipping costs and delivery times vary based on the destination.',3,'published','2024-01-06 17:16:06','2024-01-06 17:16:06'),(11,'Can I purchase a gift card?','Yes, we offer gift cards of varying denominations. Gift cards can be purchased on our website and make for a great gift for friends and family.',3,'published','2024-01-06 17:16:06','2024-01-06 17:16:06'),(12,'What is the warranty on your products?','Our products come with a standard warranty. Check the product documentation or contact our customer service for details on specific product warranties.',2,'published','2024-01-06 17:16:06','2024-01-06 17:16:06');
/*!40000 ALTER TABLE `faqs` ENABLE KEYS */;
UNLOCK TABLES;

--
-- Table structure for table `faqs_translations`
--

DROP TABLE IF EXISTS `faqs_translations`;
/*!40101 SET @saved_cs_client     = @@character_set_client */;
/*!50503 SET character_set_client = utf8mb4 */;
CREATE TABLE `faqs_translations` (
  `lang_code` varchar(20) COLLATE utf8mb4_unicode_ci NOT NULL,
  `faqs_id` bigint unsigned NOT NULL,
  `question` text COLLATE utf8mb4_unicode_ci,
  `answer` text COLLATE utf8mb4_unicode_ci,
  PRIMARY KEY (`lang_code`,`faqs_id`)
) ENGINE=InnoDB DEFAULT CHARSET=utf8mb4 COLLATE=utf8mb4_unicode_ci;
/*!40101 SET character_set_client = @saved_cs_client */;

--
-- Dumping data for table `faqs_translations`
--

LOCK TABLES `faqs_translations` WRITE;
/*!40000 ALTER TABLE `faqs_translations` DISABLE KEYS */;
/*!40000 ALTER TABLE `faqs_translations` ENABLE KEYS */;
UNLOCK TABLES;

--
-- Table structure for table `galleries`
--

DROP TABLE IF EXISTS `galleries`;
/*!40101 SET @saved_cs_client     = @@character_set_client */;
/*!50503 SET character_set_client = utf8mb4 */;
CREATE TABLE `galleries` (
  `id` bigint unsigned NOT NULL AUTO_INCREMENT,
  `name` varchar(120) COLLATE utf8mb4_unicode_ci NOT NULL,
  `description` longtext COLLATE utf8mb4_unicode_ci NOT NULL,
  `is_featured` tinyint unsigned NOT NULL DEFAULT '0',
  `order` tinyint unsigned NOT NULL DEFAULT '0',
  `image` varchar(255) COLLATE utf8mb4_unicode_ci DEFAULT NULL,
  `user_id` bigint unsigned DEFAULT NULL,
  `status` varchar(60) COLLATE utf8mb4_unicode_ci NOT NULL DEFAULT 'published',
  `created_at` timestamp NULL DEFAULT NULL,
  `updated_at` timestamp NULL DEFAULT NULL,
  PRIMARY KEY (`id`),
  KEY `galleries_user_id_index` (`user_id`)
) ENGINE=InnoDB AUTO_INCREMENT=7 DEFAULT CHARSET=utf8mb4 COLLATE=utf8mb4_unicode_ci;
/*!40101 SET character_set_client = @saved_cs_client */;

--
-- Dumping data for table `galleries`
--

LOCK TABLES `galleries` WRITE;
/*!40000 ALTER TABLE `galleries` DISABLE KEYS */;
INSERT INTO `galleries` VALUES (1,'Perfect','Ipsam et provident eum incidunt. Accusamus ea perspiciatis alias ut laborum assumenda.',1,0,'galleries/1.jpg',2,'published','2024-01-06 17:16:24','2024-01-06 17:16:24'),(2,'New Day','Fugiat aliquam officiis in ratione non suscipit nulla. Et et nihil alias nobis corporis qui. Quam nesciunt consequatur aut aut qui.',1,0,'galleries/2.jpg',2,'published','2024-01-06 17:16:24','2024-01-06 17:16:24'),(3,'Happy Day','Tempora doloribus delectus non rerum unde pariatur consequuntur error. Cumque enim doloribus sapiente. Et eveniet commodi quam consectetur.',1,0,'galleries/3.jpg',2,'published','2024-01-06 17:16:24','2024-01-06 17:16:24'),(4,'Nature','Nemo totam vel ullam et sed. Eius a doloremque odio numquam vel quo eos. Sint modi rerum repellat. Nisi cumque cumque quae ea nisi.',1,0,'galleries/4.jpg',2,'published','2024-01-06 17:16:24','2024-01-06 17:16:24'),(5,'Morning','Et praesentium cum voluptas fugiat aliquam illum. Iure animi omnis officia sit minima non qui. Est non est enim cumque aperiam et necessitatibus.',1,0,'galleries/5.jpg',2,'published','2024-01-06 17:16:24','2024-01-06 17:16:24'),(6,'Photography','Qui in totam sapiente ipsam. Expedita aperiam sapiente ipsa occaecati iure. Officia quod fuga dicta voluptatem laboriosam inventore voluptas minima.',1,0,'galleries/6.jpg',2,'published','2024-01-06 17:16:24','2024-01-06 17:16:24');
/*!40000 ALTER TABLE `galleries` ENABLE KEYS */;
UNLOCK TABLES;

--
-- Table structure for table `galleries_translations`
--

DROP TABLE IF EXISTS `galleries_translations`;
/*!40101 SET @saved_cs_client     = @@character_set_client */;
/*!50503 SET character_set_client = utf8mb4 */;
CREATE TABLE `galleries_translations` (
  `lang_code` varchar(20) COLLATE utf8mb4_unicode_ci NOT NULL,
  `galleries_id` bigint unsigned NOT NULL,
  `name` varchar(255) COLLATE utf8mb4_unicode_ci DEFAULT NULL,
  `description` longtext COLLATE utf8mb4_unicode_ci,
  PRIMARY KEY (`lang_code`,`galleries_id`)
) ENGINE=InnoDB DEFAULT CHARSET=utf8mb4 COLLATE=utf8mb4_unicode_ci;
/*!40101 SET character_set_client = @saved_cs_client */;

--
-- Dumping data for table `galleries_translations`
--

LOCK TABLES `galleries_translations` WRITE;
/*!40000 ALTER TABLE `galleries_translations` DISABLE KEYS */;
/*!40000 ALTER TABLE `galleries_translations` ENABLE KEYS */;
UNLOCK TABLES;

--
-- Table structure for table `gallery_meta`
--

DROP TABLE IF EXISTS `gallery_meta`;
/*!40101 SET @saved_cs_client     = @@character_set_client */;
/*!50503 SET character_set_client = utf8mb4 */;
CREATE TABLE `gallery_meta` (
  `id` bigint unsigned NOT NULL AUTO_INCREMENT,
  `images` text COLLATE utf8mb4_unicode_ci,
  `reference_id` bigint unsigned NOT NULL,
  `reference_type` varchar(120) COLLATE utf8mb4_unicode_ci NOT NULL,
  `created_at` timestamp NULL DEFAULT NULL,
  `updated_at` timestamp NULL DEFAULT NULL,
  PRIMARY KEY (`id`),
  KEY `gallery_meta_reference_id_index` (`reference_id`)
) ENGINE=InnoDB AUTO_INCREMENT=7 DEFAULT CHARSET=utf8mb4 COLLATE=utf8mb4_unicode_ci;
/*!40101 SET character_set_client = @saved_cs_client */;

--
-- Dumping data for table `gallery_meta`
--

LOCK TABLES `gallery_meta` WRITE;
/*!40000 ALTER TABLE `gallery_meta` DISABLE KEYS */;
INSERT INTO `gallery_meta` VALUES (1,'[{\"img\":\"galleries\\/1.jpg\",\"description\":\"Quisquam distinctio pariatur sit aliquid aliquid. Reprehenderit qui repellendus officia aliquam. Quo id porro repellat adipisci ullam.\"},{\"img\":\"galleries\\/2.jpg\",\"description\":\"Et rerum laboriosam et necessitatibus ipsum est praesentium. Fugit iure suscipit rem voluptas. Natus illo aspernatur quia quae.\"},{\"img\":\"galleries\\/3.jpg\",\"description\":\"Natus hic vel sed vel. Et ea et optio eveniet perferendis. Corporis blanditiis dolores cum ea. Aliquid quam labore rerum excepturi.\"},{\"img\":\"galleries\\/4.jpg\",\"description\":\"Velit distinctio dolor expedita fugiat quasi earum inventore temporibus. Reiciendis assumenda in eum odio inventore sit iure assumenda.\"},{\"img\":\"galleries\\/5.jpg\",\"description\":\"Molestiae est impedit at vero. Delectus maiores dolorem ex quia quos. Impedit ex maiores consequuntur ut ea dolor.\"},{\"img\":\"galleries\\/6.jpg\",\"description\":\"Unde et ipsam iusto sed qui recusandae repudiandae. Voluptatem molestias libero qui dolor.\"}]',1,'Botble\\Gallery\\Models\\Gallery','2024-01-06 17:16:24','2024-01-06 17:16:24'),(2,'[{\"img\":\"galleries\\/1.jpg\",\"description\":\"Quisquam distinctio pariatur sit aliquid aliquid. Reprehenderit qui repellendus officia aliquam. Quo id porro repellat adipisci ullam.\"},{\"img\":\"galleries\\/2.jpg\",\"description\":\"Et rerum laboriosam et necessitatibus ipsum est praesentium. Fugit iure suscipit rem voluptas. Natus illo aspernatur quia quae.\"},{\"img\":\"galleries\\/3.jpg\",\"description\":\"Natus hic vel sed vel. Et ea et optio eveniet perferendis. Corporis blanditiis dolores cum ea. Aliquid quam labore rerum excepturi.\"},{\"img\":\"galleries\\/4.jpg\",\"description\":\"Velit distinctio dolor expedita fugiat quasi earum inventore temporibus. Reiciendis assumenda in eum odio inventore sit iure assumenda.\"},{\"img\":\"galleries\\/5.jpg\",\"description\":\"Molestiae est impedit at vero. Delectus maiores dolorem ex quia quos. Impedit ex maiores consequuntur ut ea dolor.\"},{\"img\":\"galleries\\/6.jpg\",\"description\":\"Unde et ipsam iusto sed qui recusandae repudiandae. Voluptatem molestias libero qui dolor.\"}]',2,'Botble\\Gallery\\Models\\Gallery','2024-01-06 17:16:24','2024-01-06 17:16:24'),(3,'[{\"img\":\"galleries\\/1.jpg\",\"description\":\"Quisquam distinctio pariatur sit aliquid aliquid. Reprehenderit qui repellendus officia aliquam. Quo id porro repellat adipisci ullam.\"},{\"img\":\"galleries\\/2.jpg\",\"description\":\"Et rerum laboriosam et necessitatibus ipsum est praesentium. Fugit iure suscipit rem voluptas. Natus illo aspernatur quia quae.\"},{\"img\":\"galleries\\/3.jpg\",\"description\":\"Natus hic vel sed vel. Et ea et optio eveniet perferendis. Corporis blanditiis dolores cum ea. Aliquid quam labore rerum excepturi.\"},{\"img\":\"galleries\\/4.jpg\",\"description\":\"Velit distinctio dolor expedita fugiat quasi earum inventore temporibus. Reiciendis assumenda in eum odio inventore sit iure assumenda.\"},{\"img\":\"galleries\\/5.jpg\",\"description\":\"Molestiae est impedit at vero. Delectus maiores dolorem ex quia quos. Impedit ex maiores consequuntur ut ea dolor.\"},{\"img\":\"galleries\\/6.jpg\",\"description\":\"Unde et ipsam iusto sed qui recusandae repudiandae. Voluptatem molestias libero qui dolor.\"}]',3,'Botble\\Gallery\\Models\\Gallery','2024-01-06 17:16:24','2024-01-06 17:16:24'),(4,'[{\"img\":\"galleries\\/1.jpg\",\"description\":\"Quisquam distinctio pariatur sit aliquid aliquid. Reprehenderit qui repellendus officia aliquam. Quo id porro repellat adipisci ullam.\"},{\"img\":\"galleries\\/2.jpg\",\"description\":\"Et rerum laboriosam et necessitatibus ipsum est praesentium. Fugit iure suscipit rem voluptas. Natus illo aspernatur quia quae.\"},{\"img\":\"galleries\\/3.jpg\",\"description\":\"Natus hic vel sed vel. Et ea et optio eveniet perferendis. Corporis blanditiis dolores cum ea. Aliquid quam labore rerum excepturi.\"},{\"img\":\"galleries\\/4.jpg\",\"description\":\"Velit distinctio dolor expedita fugiat quasi earum inventore temporibus. Reiciendis assumenda in eum odio inventore sit iure assumenda.\"},{\"img\":\"galleries\\/5.jpg\",\"description\":\"Molestiae est impedit at vero. Delectus maiores dolorem ex quia quos. Impedit ex maiores consequuntur ut ea dolor.\"},{\"img\":\"galleries\\/6.jpg\",\"description\":\"Unde et ipsam iusto sed qui recusandae repudiandae. Voluptatem molestias libero qui dolor.\"}]',4,'Botble\\Gallery\\Models\\Gallery','2024-01-06 17:16:24','2024-01-06 17:16:24'),(5,'[{\"img\":\"galleries\\/1.jpg\",\"description\":\"Quisquam distinctio pariatur sit aliquid aliquid. Reprehenderit qui repellendus officia aliquam. Quo id porro repellat adipisci ullam.\"},{\"img\":\"galleries\\/2.jpg\",\"description\":\"Et rerum laboriosam et necessitatibus ipsum est praesentium. Fugit iure suscipit rem voluptas. Natus illo aspernatur quia quae.\"},{\"img\":\"galleries\\/3.jpg\",\"description\":\"Natus hic vel sed vel. Et ea et optio eveniet perferendis. Corporis blanditiis dolores cum ea. Aliquid quam labore rerum excepturi.\"},{\"img\":\"galleries\\/4.jpg\",\"description\":\"Velit distinctio dolor expedita fugiat quasi earum inventore temporibus. Reiciendis assumenda in eum odio inventore sit iure assumenda.\"},{\"img\":\"galleries\\/5.jpg\",\"description\":\"Molestiae est impedit at vero. Delectus maiores dolorem ex quia quos. Impedit ex maiores consequuntur ut ea dolor.\"},{\"img\":\"galleries\\/6.jpg\",\"description\":\"Unde et ipsam iusto sed qui recusandae repudiandae. Voluptatem molestias libero qui dolor.\"}]',5,'Botble\\Gallery\\Models\\Gallery','2024-01-06 17:16:24','2024-01-06 17:16:24'),(6,'[{\"img\":\"galleries\\/1.jpg\",\"description\":\"Quisquam distinctio pariatur sit aliquid aliquid. Reprehenderit qui repellendus officia aliquam. Quo id porro repellat adipisci ullam.\"},{\"img\":\"galleries\\/2.jpg\",\"description\":\"Et rerum laboriosam et necessitatibus ipsum est praesentium. Fugit iure suscipit rem voluptas. Natus illo aspernatur quia quae.\"},{\"img\":\"galleries\\/3.jpg\",\"description\":\"Natus hic vel sed vel. Et ea et optio eveniet perferendis. Corporis blanditiis dolores cum ea. Aliquid quam labore rerum excepturi.\"},{\"img\":\"galleries\\/4.jpg\",\"description\":\"Velit distinctio dolor expedita fugiat quasi earum inventore temporibus. Reiciendis assumenda in eum odio inventore sit iure assumenda.\"},{\"img\":\"galleries\\/5.jpg\",\"description\":\"Molestiae est impedit at vero. Delectus maiores dolorem ex quia quos. Impedit ex maiores consequuntur ut ea dolor.\"},{\"img\":\"galleries\\/6.jpg\",\"description\":\"Unde et ipsam iusto sed qui recusandae repudiandae. Voluptatem molestias libero qui dolor.\"}]',6,'Botble\\Gallery\\Models\\Gallery','2024-01-06 17:16:24','2024-01-06 17:16:24');
/*!40000 ALTER TABLE `gallery_meta` ENABLE KEYS */;
UNLOCK TABLES;

--
-- Table structure for table `gallery_meta_translations`
--

DROP TABLE IF EXISTS `gallery_meta_translations`;
/*!40101 SET @saved_cs_client     = @@character_set_client */;
/*!50503 SET character_set_client = utf8mb4 */;
CREATE TABLE `gallery_meta_translations` (
  `lang_code` varchar(20) COLLATE utf8mb4_unicode_ci NOT NULL,
  `gallery_meta_id` bigint unsigned NOT NULL,
  `images` text COLLATE utf8mb4_unicode_ci,
  PRIMARY KEY (`lang_code`,`gallery_meta_id`)
) ENGINE=InnoDB DEFAULT CHARSET=utf8mb4 COLLATE=utf8mb4_unicode_ci;
/*!40101 SET character_set_client = @saved_cs_client */;

--
-- Dumping data for table `gallery_meta_translations`
--

LOCK TABLES `gallery_meta_translations` WRITE;
/*!40000 ALTER TABLE `gallery_meta_translations` DISABLE KEYS */;
/*!40000 ALTER TABLE `gallery_meta_translations` ENABLE KEYS */;
UNLOCK TABLES;

--
-- Table structure for table `jobs`
--

DROP TABLE IF EXISTS `jobs`;
/*!40101 SET @saved_cs_client     = @@character_set_client */;
/*!50503 SET character_set_client = utf8mb4 */;
CREATE TABLE `jobs` (
  `id` bigint unsigned NOT NULL AUTO_INCREMENT,
  `queue` varchar(191) COLLATE utf8mb4_unicode_ci NOT NULL,
  `payload` longtext COLLATE utf8mb4_unicode_ci NOT NULL,
  `attempts` tinyint unsigned NOT NULL,
  `reserved_at` int unsigned DEFAULT NULL,
  `available_at` int unsigned NOT NULL,
  `created_at` int unsigned NOT NULL,
  PRIMARY KEY (`id`),
  KEY `jobs_queue_index` (`queue`)
) ENGINE=InnoDB DEFAULT CHARSET=utf8mb4 COLLATE=utf8mb4_unicode_ci;
/*!40101 SET character_set_client = @saved_cs_client */;

--
-- Dumping data for table `jobs`
--

LOCK TABLES `jobs` WRITE;
/*!40000 ALTER TABLE `jobs` DISABLE KEYS */;
/*!40000 ALTER TABLE `jobs` ENABLE KEYS */;
UNLOCK TABLES;

--
-- Table structure for table `language_meta`
--

DROP TABLE IF EXISTS `language_meta`;
/*!40101 SET @saved_cs_client     = @@character_set_client */;
/*!50503 SET character_set_client = utf8mb4 */;
CREATE TABLE `language_meta` (
  `lang_meta_id` bigint unsigned NOT NULL AUTO_INCREMENT,
  `lang_meta_code` varchar(20) COLLATE utf8mb4_unicode_ci DEFAULT NULL,
  `lang_meta_origin` varchar(32) COLLATE utf8mb4_unicode_ci NOT NULL,
  `reference_id` bigint unsigned NOT NULL,
  `reference_type` varchar(120) COLLATE utf8mb4_unicode_ci NOT NULL,
  PRIMARY KEY (`lang_meta_id`),
  KEY `language_meta_reference_id_index` (`reference_id`),
  KEY `meta_code_index` (`lang_meta_code`),
  KEY `meta_origin_index` (`lang_meta_origin`),
  KEY `meta_reference_type_index` (`reference_type`)
) ENGINE=InnoDB AUTO_INCREMENT=14 DEFAULT CHARSET=utf8mb4 COLLATE=utf8mb4_unicode_ci;
/*!40101 SET character_set_client = @saved_cs_client */;

--
-- Dumping data for table `language_meta`
--

LOCK TABLES `language_meta` WRITE;
/*!40000 ALTER TABLE `language_meta` DISABLE KEYS */;
INSERT INTO `language_meta` VALUES (1,'en_US','1308f611b4c66ded9d3314e9efad2478',1,'Botble\\SimpleSlider\\Models\\SimpleSlider'),(2,'en_US','0e1622806bfb3d204f3a821ccbdc7b0a',2,'Botble\\SimpleSlider\\Models\\SimpleSlider'),(3,'en_US','078bf3f18644331523103b850b3be941',3,'Botble\\SimpleSlider\\Models\\SimpleSlider'),(4,'en_US','0b153b16be393ab045172985feedf262',4,'Botble\\SimpleSlider\\Models\\SimpleSlider'),(5,'en_US','bbbfb8e8a9cbc03328dfc8e011945ab9',5,'Botble\\SimpleSlider\\Models\\SimpleSlider'),(6,'en_US','d271f4da6a330c804d4bc63a8ed0cdb4',1,'Botble\\Menu\\Models\\MenuLocation'),(7,'en_US','5c718c4a0d2ff9b60962d01d07db2a86',1,'Botble\\Menu\\Models\\Menu'),(8,'en_US','e867ad3529f5f9d9ae3ebf459ad59186',2,'Botble\\Menu\\Models\\MenuLocation'),(9,'en_US','c72ee5fc56732b942ba01f08939b88c5',2,'Botble\\Menu\\Models\\Menu'),(10,'en_US','0d57cf3c4c522e4a5ccd96bd7099d93a',3,'Botble\\Menu\\Models\\MenuLocation'),(11,'en_US','9e554e669d250daec379d9e2cb4cde12',3,'Botble\\Menu\\Models\\Menu'),(12,'en_US','c44c1b77dffecbff633c4fd54e4f4bc9',4,'Botble\\Menu\\Models\\MenuLocation'),(13,'en_US','d4b04efaa744a2f9332a7d964ccaa1cb',4,'Botble\\Menu\\Models\\Menu');
/*!40000 ALTER TABLE `language_meta` ENABLE KEYS */;
UNLOCK TABLES;

--
-- Table structure for table `languages`
--

DROP TABLE IF EXISTS `languages`;
/*!40101 SET @saved_cs_client     = @@character_set_client */;
/*!50503 SET character_set_client = utf8mb4 */;
CREATE TABLE `languages` (
  `lang_id` bigint unsigned NOT NULL AUTO_INCREMENT,
  `lang_name` varchar(120) COLLATE utf8mb4_unicode_ci NOT NULL,
  `lang_locale` varchar(20) COLLATE utf8mb4_unicode_ci NOT NULL,
  `lang_code` varchar(20) COLLATE utf8mb4_unicode_ci NOT NULL,
  `lang_flag` varchar(20) COLLATE utf8mb4_unicode_ci DEFAULT NULL,
  `lang_is_default` tinyint unsigned NOT NULL DEFAULT '0',
  `lang_order` int NOT NULL DEFAULT '0',
  `lang_is_rtl` tinyint unsigned NOT NULL DEFAULT '0',
  PRIMARY KEY (`lang_id`),
  KEY `lang_locale_index` (`lang_locale`),
  KEY `lang_code_index` (`lang_code`),
  KEY `lang_is_default_index` (`lang_is_default`)
) ENGINE=InnoDB AUTO_INCREMENT=2 DEFAULT CHARSET=utf8mb4 COLLATE=utf8mb4_unicode_ci;
/*!40101 SET character_set_client = @saved_cs_client */;

--
-- Dumping data for table `languages`
--

LOCK TABLES `languages` WRITE;
/*!40000 ALTER TABLE `languages` DISABLE KEYS */;
INSERT INTO `languages` VALUES (1,'English','en','en_US','us',1,0,0);
/*!40000 ALTER TABLE `languages` ENABLE KEYS */;
UNLOCK TABLES;

--
-- Table structure for table `media_files`
--

DROP TABLE IF EXISTS `media_files`;
/*!40101 SET @saved_cs_client     = @@character_set_client */;
/*!50503 SET character_set_client = utf8mb4 */;
CREATE TABLE `media_files` (
  `id` bigint unsigned NOT NULL AUTO_INCREMENT,
  `user_id` bigint unsigned NOT NULL,
  `name` varchar(255) COLLATE utf8mb4_unicode_ci NOT NULL,
  `alt` varchar(255) COLLATE utf8mb4_unicode_ci DEFAULT NULL,
  `folder_id` bigint unsigned NOT NULL DEFAULT '0',
  `mime_type` varchar(120) COLLATE utf8mb4_unicode_ci NOT NULL,
  `size` int NOT NULL,
  `url` varchar(255) COLLATE utf8mb4_unicode_ci NOT NULL,
  `options` text COLLATE utf8mb4_unicode_ci,
  `created_at` timestamp NULL DEFAULT NULL,
  `updated_at` timestamp NULL DEFAULT NULL,
  `deleted_at` timestamp NULL DEFAULT NULL,
  PRIMARY KEY (`id`),
  KEY `media_files_user_id_index` (`user_id`),
  KEY `media_files_index` (`folder_id`,`user_id`,`created_at`)
) ENGINE=InnoDB AUTO_INCREMENT=278 DEFAULT CHARSET=utf8mb4 COLLATE=utf8mb4_unicode_ci;
/*!40101 SET character_set_client = @saved_cs_client */;

--
-- Dumping data for table `media_files`
--

LOCK TABLES `media_files` WRITE;
/*!40000 ALTER TABLE `media_files` DISABLE KEYS */;
INSERT INTO `media_files` VALUES (3,0,'1','1',2,'image/jpeg',3298,'blog/1.jpg','[]','2024-01-06 17:15:54','2024-01-06 17:15:54',NULL),(4,0,'10','10',2,'image/jpeg',3298,'blog/10.jpg','[]','2024-01-06 17:15:54','2024-01-06 17:15:54',NULL),(5,0,'11','11',2,'image/jpeg',3298,'blog/11.jpg','[]','2024-01-06 17:15:54','2024-01-06 17:15:54',NULL),(6,0,'2','2',2,'image/jpeg',3298,'blog/2.jpg','[]','2024-01-06 17:15:54','2024-01-06 17:15:54',NULL),(7,0,'3','3',2,'image/jpeg',3298,'blog/3.jpg','[]','2024-01-06 17:15:54','2024-01-06 17:15:54',NULL),(8,0,'4','4',2,'image/jpeg',3298,'blog/4.jpg','[]','2024-01-06 17:15:54','2024-01-06 17:15:54',NULL),(9,0,'5','5',2,'image/jpeg',3298,'blog/5.jpg','[]','2024-01-06 17:15:54','2024-01-06 17:15:54',NULL),(10,0,'6','6',2,'image/jpeg',3298,'blog/6.jpg','[]','2024-01-06 17:15:54','2024-01-06 17:15:54',NULL),(11,0,'7','7',2,'image/jpeg',3298,'blog/7.jpg','[]','2024-01-06 17:15:55','2024-01-06 17:15:55',NULL),(12,0,'8','8',2,'image/jpeg',3298,'blog/8.jpg','[]','2024-01-06 17:15:55','2024-01-06 17:15:55',NULL),(13,0,'9','9',2,'image/jpeg',3298,'blog/9.jpg','[]','2024-01-06 17:15:55','2024-01-06 17:15:55',NULL),(14,0,'blog-in-01','blog-in-01',2,'image/jpeg',9590,'blog/blog-in-01.jpg','[]','2024-01-06 17:15:55','2024-01-06 17:15:55',NULL),(15,0,'blog-in-02','blog-in-02',2,'image/jpeg',9590,'blog/blog-in-02.jpg','[]','2024-01-06 17:15:55','2024-01-06 17:15:55',NULL),(16,0,'blog-in-03','blog-in-03',2,'image/jpeg',9590,'blog/blog-in-03.jpg','[]','2024-01-06 17:15:55','2024-01-06 17:15:55',NULL),(17,0,'blog-in-04','blog-in-04',2,'image/jpeg',9590,'blog/blog-in-04.jpg','[]','2024-01-06 17:15:56','2024-01-06 17:15:56',NULL),(18,0,'blog-in-05','blog-in-05',2,'image/jpeg',9590,'blog/blog-in-05.jpg','[]','2024-01-06 17:15:56','2024-01-06 17:15:56',NULL),(19,0,'blog-in-06','blog-in-06',2,'image/jpeg',9590,'blog/blog-in-06.jpg','[]','2024-01-06 17:15:56','2024-01-06 17:15:56',NULL),(20,0,'blog-sm-1','blog-sm-1',2,'image/jpeg',9590,'blog/blog-sm-1.jpg','[]','2024-01-06 17:15:56','2024-01-06 17:15:56',NULL),(21,0,'blog-sm-2','blog-sm-2',2,'image/jpeg',9590,'blog/blog-sm-2.jpg','[]','2024-01-06 17:15:56','2024-01-06 17:15:56',NULL),(22,0,'blog-sm-3','blog-sm-3',2,'image/jpeg',9590,'blog/blog-sm-3.jpg','[]','2024-01-06 17:15:57','2024-01-06 17:15:57',NULL),(23,0,'blog-sm-4','blog-sm-4',2,'image/jpeg',9590,'blog/blog-sm-4.jpg','[]','2024-01-06 17:15:57','2024-01-06 17:15:57',NULL),(24,0,'comment-1','comment-1',2,'image/jpeg',9730,'blog/comment-1.jpg','[]','2024-01-06 17:15:57','2024-01-06 17:15:57',NULL),(25,0,'comment-2','comment-2',2,'image/jpeg',9730,'blog/comment-2.jpg','[]','2024-01-06 17:15:57','2024-01-06 17:15:57',NULL),(26,0,'location-1','location-1',3,'image/png',5264,'shop/location-1.png','[]','2024-01-06 17:15:58','2024-01-06 17:15:58',NULL),(27,0,'location-2','location-2',3,'image/png',5264,'shop/location-2.png','[]','2024-01-06 17:15:58','2024-01-06 17:15:58',NULL),(28,0,'location-3','location-3',3,'image/png',5264,'shop/location-3.png','[]','2024-01-06 17:15:58','2024-01-06 17:15:58',NULL),(29,0,'location-4','location-4',3,'image/png',5264,'shop/location-4.png','[]','2024-01-06 17:15:58','2024-01-06 17:15:58',NULL),(30,0,'login_bg','login_bg',3,'image/jpeg',5412,'shop/login-bg.jpg','[]','2024-01-06 17:15:59','2024-01-06 17:15:59',NULL),(31,0,'reviewer-01','reviewer-01',3,'image/png',1033,'shop/reviewer-01.png','[]','2024-01-06 17:15:59','2024-01-06 17:15:59',NULL),(32,0,'reviewer-02','reviewer-02',3,'image/png',1033,'shop/reviewer-02.png','[]','2024-01-06 17:15:59','2024-01-06 17:15:59',NULL),(33,0,'reviewer-03','reviewer-03',3,'image/png',1033,'shop/reviewer-03.png','[]','2024-01-06 17:15:59','2024-01-06 17:15:59',NULL),(34,0,'s-thumb-01','s-thumb-01',3,'image/jpeg',2791,'shop/s-thumb-01.jpg','[]','2024-01-06 17:15:59','2024-01-06 17:15:59',NULL),(35,0,'s-thumb-02','s-thumb-02',3,'image/jpeg',2791,'shop/s-thumb-02.jpg','[]','2024-01-06 17:15:59','2024-01-06 17:15:59',NULL),(36,0,'s-thumb-03','s-thumb-03',3,'image/jpeg',2791,'shop/s-thumb-03.jpg','[]','2024-01-06 17:15:59','2024-01-06 17:15:59',NULL),(37,0,'s-thumb-04','s-thumb-04',3,'image/jpeg',2791,'shop/s-thumb-04.jpg','[]','2024-01-06 17:15:59','2024-01-06 17:15:59',NULL),(38,0,'s-thumb-05','s-thumb-05',3,'image/jpeg',2791,'shop/s-thumb-05.jpg','[]','2024-01-06 17:15:59','2024-01-06 17:15:59',NULL),(39,0,'s-thumb-06','s-thumb-06',3,'image/jpeg',2791,'shop/s-thumb-06.jpg','[]','2024-01-06 17:15:59','2024-01-06 17:15:59',NULL),(40,0,'sign_bg','sign_bg',3,'image/jpeg',5412,'shop/sign-bg.jpg','[]','2024-01-06 17:15:59','2024-01-06 17:15:59',NULL),(41,0,'track_bg','track_bg',3,'image/jpeg',6187,'shop/track-bg.jpg','[]','2024-01-06 17:15:59','2024-01-06 17:15:59',NULL),(42,0,'w-product-01','w-product-01',3,'image/jpeg',5507,'shop/w-product-01.jpg','[]','2024-01-06 17:15:59','2024-01-06 17:15:59',NULL),(43,0,'w-product-02','w-product-02',3,'image/jpeg',5507,'shop/w-product-02.jpg','[]','2024-01-06 17:15:59','2024-01-06 17:15:59',NULL),(44,0,'w-product-03','w-product-03',3,'image/jpeg',5507,'shop/w-product-03.jpg','[]','2024-01-06 17:15:59','2024-01-06 17:15:59',NULL),(45,0,'w-product-04','w-product-04',3,'image/jpeg',5507,'shop/w-product-04.jpg','[]','2024-01-06 17:15:59','2024-01-06 17:15:59',NULL),(46,0,'w-product-05','w-product-05',3,'image/jpeg',5507,'shop/w-product-05.jpg','[]','2024-01-06 17:15:59','2024-01-06 17:15:59',NULL),(47,0,'f-app','f-app',4,'image/jpeg',596,'general/f-app.jpg','[]','2024-01-06 17:16:00','2024-01-06 17:16:00',NULL),(48,0,'f-brand-icon-01','f-brand-icon-01',4,'image/png',427,'general/f-brand-icon-01.png','[]','2024-01-06 17:16:00','2024-01-06 17:16:00',NULL),(49,0,'f-google','f-google',4,'image/jpeg',596,'general/f-google.jpg','[]','2024-01-06 17:16:00','2024-01-06 17:16:00',NULL),(50,0,'favicon','favicon',4,'image/png',14896,'general/favicon.png','[]','2024-01-06 17:16:00','2024-01-06 17:16:00',NULL),(51,0,'logo-white','logo-white',4,'image/png',865,'general/logo-white.png','[]','2024-01-06 17:16:00','2024-01-06 17:16:00',NULL),(52,0,'logo','logo',4,'image/png',905,'general/logo.png','[]','2024-01-06 17:16:00','2024-01-06 17:16:00',NULL),(53,0,'box','box',5,'image/png',835,'icons/box.png','[]','2024-01-06 17:16:00','2024-01-06 17:16:00',NULL),(54,0,'car','car',5,'image/png',770,'icons/car.png','[]','2024-01-06 17:16:00','2024-01-06 17:16:00',NULL),(55,0,'cat-icon-01','cat-icon-01',5,'image/png',104,'icons/cat-icon-01.png','[]','2024-01-06 17:16:00','2024-01-06 17:16:00',NULL),(56,0,'cat-icon-02','cat-icon-02',5,'image/png',107,'icons/cat-icon-02.png','[]','2024-01-06 17:16:00','2024-01-06 17:16:00',NULL),(57,0,'cat-icon-03','cat-icon-03',5,'image/png',108,'icons/cat-icon-03.png','[]','2024-01-06 17:16:00','2024-01-06 17:16:00',NULL),(58,0,'cat-icon-04','cat-icon-04',5,'image/png',107,'icons/cat-icon-04.png','[]','2024-01-06 17:16:00','2024-01-06 17:16:00',NULL),(59,0,'cat-icon-05','cat-icon-05',5,'image/png',105,'icons/cat-icon-05.png','[]','2024-01-06 17:16:00','2024-01-06 17:16:00',NULL),(60,0,'cat-icon-06','cat-icon-06',5,'image/png',1619,'icons/cat-icon-06.png','[]','2024-01-06 17:16:00','2024-01-06 17:16:00',NULL),(61,0,'error','error',5,'image/png',4210,'icons/error.png','[]','2024-01-06 17:16:00','2024-01-06 17:16:00',NULL),(62,0,'hours','hours',5,'image/png',916,'icons/hours.png','[]','2024-01-06 17:16:00','2024-01-06 17:16:00',NULL),(63,0,'lang-flag','lang-flag',5,'image/png',1546,'icons/lang-flag.png','[]','2024-01-06 17:16:00','2024-01-06 17:16:00',NULL),(64,0,'payment','payment',5,'image/png',727,'icons/payment.png','[]','2024-01-06 17:16:00','2024-01-06 17:16:00',NULL),(65,0,'product-det-1','product-det-1',5,'image/png',923,'icons/product-det-1.png','[]','2024-01-06 17:16:00','2024-01-06 17:16:00',NULL),(66,0,'product-det-2','product-det-2',5,'image/png',1036,'icons/product-det-2.png','[]','2024-01-06 17:16:00','2024-01-06 17:16:00',NULL),(67,0,'product-det-3','product-det-3',5,'image/png',660,'icons/product-det-3.png','[]','2024-01-06 17:16:01','2024-01-06 17:16:01',NULL),(68,0,'product-det-4','product-det-4',5,'image/png',1157,'icons/product-det-4.png','[]','2024-01-06 17:16:01','2024-01-06 17:16:01',NULL),(69,0,'title-shape-02','title-shape-02',5,'image/jpeg',725,'icons/title-shape-02.jpg','[]','2024-01-06 17:16:01','2024-01-06 17:16:01',NULL),(70,0,'track-1','track-1',5,'image/png',294,'icons/track-1.png','[]','2024-01-06 17:16:01','2024-01-06 17:16:01',NULL),(75,0,'banner-1','banner-1',7,'image/jpeg',9733,'sliders/banner-1.jpg','[]','2024-01-06 17:16:01','2024-01-06 17:16:01',NULL),(76,0,'banner-2','banner-2',7,'image/jpeg',9733,'sliders/banner-2.jpg','[]','2024-01-06 17:16:01','2024-01-06 17:16:01',NULL),(77,0,'banner-3','banner-3',7,'image/jpeg',9733,'sliders/banner-3.jpg','[]','2024-01-06 17:16:01','2024-01-06 17:16:01',NULL),(78,0,'banner-slider-01','banner-slider-01',7,'image/jpeg',4061,'sliders/banner-slider-01.jpg','[]','2024-01-06 17:16:01','2024-01-06 17:16:01',NULL),(79,0,'banner-slider-02','banner-slider-02',7,'image/jpeg',4061,'sliders/banner-slider-02.jpg','[]','2024-01-06 17:16:01','2024-01-06 17:16:01',NULL),(80,0,'fasion-tag-01','fasion-tag-01',7,'image/png',2626,'sliders/fasion-tag-01.png','[]','2024-01-06 17:16:01','2024-01-06 17:16:01',NULL),(81,0,'fasion-tag-02','fasion-tag-02',7,'image/png',2654,'sliders/fasion-tag-02.png','[]','2024-01-06 17:16:01','2024-01-06 17:16:01',NULL),(82,0,'fasion-tag-03','fasion-tag-03',7,'image/png',2654,'sliders/fasion-tag-03.png','[]','2024-01-06 17:16:01','2024-01-06 17:16:01',NULL),(83,0,'slider-01','slider-01',7,'image/png',13474,'sliders/slider-01.png','[]','2024-01-06 17:16:01','2024-01-06 17:16:01',NULL),(84,0,'slider-02','slider-02',7,'image/png',13474,'sliders/slider-02.png','[]','2024-01-06 17:16:01','2024-01-06 17:16:01',NULL),(85,0,'slider-03','slider-03',7,'image/png',13474,'sliders/slider-03.png','[]','2024-01-06 17:16:02','2024-01-06 17:16:02',NULL),(86,0,'slider-04','slider-04',7,'image/png',11747,'sliders/slider-04.png','[]','2024-01-06 17:16:02','2024-01-06 17:16:02',NULL),(87,0,'slider-05-banner-1','slider-05-banner-1',7,'image/jpeg',3703,'sliders/slider-05-banner-1.jpg','[]','2024-01-06 17:16:02','2024-01-06 17:16:02',NULL),(88,0,'slider-05-banner-2','slider-05-banner-2',7,'image/jpeg',3703,'sliders/slider-05-banner-2.jpg','[]','2024-01-06 17:16:02','2024-01-06 17:16:02',NULL),(89,0,'slider-05-bg-1','slider-05-bg-1',7,'image/jpeg',11068,'sliders/slider-05-bg-1.jpg','[]','2024-01-06 17:16:02','2024-01-06 17:16:02',NULL),(90,0,'slider-05-bg-2','slider-05-bg-2',7,'image/jpeg',11068,'sliders/slider-05-bg-2.jpg','[]','2024-01-06 17:16:02','2024-01-06 17:16:02',NULL),(91,0,'slider-05-bg-3','slider-05-bg-3',7,'image/jpeg',11068,'sliders/slider-05-bg-3.jpg','[]','2024-01-06 17:16:02','2024-01-06 17:16:02',NULL),(92,0,'slider-05-bg-4','slider-05-bg-4',7,'image/jpeg',11068,'sliders/slider-05-bg-4.jpg','[]','2024-01-06 17:16:02','2024-01-06 17:16:02',NULL),(93,0,'slider-05','slider-05',7,'image/png',11747,'sliders/slider-05.png','[]','2024-01-06 17:16:02','2024-01-06 17:16:02',NULL),(94,0,'slider-06','slider-06',7,'image/png',11747,'sliders/slider-06.png','[]','2024-01-06 17:16:02','2024-01-06 17:16:02',NULL),(95,0,'slider-bg-04','slider-bg-04',7,'image/png',7920,'sliders/slider-bg-04.png','[]','2024-01-06 17:16:02','2024-01-06 17:16:02',NULL),(96,0,'slider-bg-05','slider-bg-05',7,'image/png',7920,'sliders/slider-bg-05.png','[]','2024-01-06 17:16:02','2024-01-06 17:16:02',NULL),(97,0,'slider-bg-06','slider-bg-06',7,'image/png',7920,'sliders/slider-bg-06.png','[]','2024-01-06 17:16:02','2024-01-06 17:16:02',NULL),(98,0,'video-bg-01','video-bg-01',7,'image/jpeg',14170,'sliders/video-bg-01.jpg','[]','2024-01-06 17:16:02','2024-01-06 17:16:02',NULL),(99,0,'about-banner-1','about-banner-1',8,'image/jpeg',8302,'banners/about-banner-1.jpg','[]','2024-01-06 17:16:03','2024-01-06 17:16:03',NULL),(100,0,'about-banner-2','about-banner-2',8,'image/jpeg',8302,'banners/about-banner-2.jpg','[]','2024-01-06 17:16:03','2024-01-06 17:16:03',NULL),(101,0,'about-img-1','about-img-1',8,'image/jpeg',8881,'banners/about-img-1.jpg','[]','2024-01-06 17:16:03','2024-01-06 17:16:03',NULL),(102,0,'about-img-2','about-img-2',8,'image/jpeg',8881,'banners/about-img-2.jpg','[]','2024-01-06 17:16:03','2024-01-06 17:16:03',NULL),(103,0,'about-img-3','about-img-3',8,'image/png',3156,'banners/about-img-3.png','[]','2024-01-06 17:16:03','2024-01-06 17:16:03',NULL),(104,0,'banner-03-01','banner-03-01',8,'image/jpeg',6581,'banners/banner-03-01.jpg','[]','2024-01-06 17:16:03','2024-01-06 17:16:03',NULL),(105,0,'banner-03-02','banner-03-02',8,'image/jpeg',5262,'banners/banner-03-02.jpg','[]','2024-01-06 17:16:03','2024-01-06 17:16:03',NULL),(106,0,'banner-03-03','banner-03-03',8,'image/jpeg',5044,'banners/banner-03-03.jpg','[]','2024-01-06 17:16:03','2024-01-06 17:16:03',NULL),(107,0,'banner-2-01','banner-2-01',8,'image/jpeg',5428,'banners/banner-2-01.jpg','[]','2024-01-06 17:16:03','2024-01-06 17:16:03',NULL),(108,0,'banner-2-02','banner-2-02',8,'image/jpeg',5428,'banners/banner-2-02.jpg','[]','2024-01-06 17:16:03','2024-01-06 17:16:03',NULL),(109,0,'banner-2-03','banner-2-03',8,'image/jpeg',12263,'banners/banner-2-03.jpg','[]','2024-01-06 17:16:03','2024-01-06 17:16:03',NULL),(110,0,'banner-2-04','banner-2-04',8,'image/jpeg',7297,'banners/banner-2-04.jpg','[]','2024-01-06 17:16:03','2024-01-06 17:16:03',NULL),(111,0,'banner-bg-05','banner-bg-05',8,'image/jpeg',23628,'banners/banner-bg-05.jpg','[]','2024-01-06 17:16:03','2024-01-06 17:16:03',NULL),(112,0,'banner-offer-01','banner-offer-01',8,'image/jpeg',10297,'banners/banner-offer-01.jpg','[]','2024-01-06 17:16:04','2024-01-06 17:16:04',NULL),(113,0,'banner-offer-02','banner-offer-02',8,'image/jpeg',9053,'banners/banner-offer-02.jpg','[]','2024-01-06 17:16:04','2024-01-06 17:16:04',NULL),(114,0,'breadcrumb-01','breadcrumb-01',8,'image/jpeg',5255,'banners/breadcrumb-01.jpg','[]','2024-01-06 17:16:04','2024-01-06 17:16:04',NULL),(115,0,'coming-soon','coming-soon',8,'image/jpeg',27377,'banners/coming-soon.jpg','[]','2024-01-06 17:16:04','2024-01-06 17:16:04',NULL),(116,0,'login-bg','login-bg',8,'image/jpeg',5412,'banners/login-bg.jpg','[]','2024-01-06 17:16:04','2024-01-06 17:16:04',NULL),(117,0,'product-shape-01','product-shape-01',8,'image/png',1601,'banners/product-shape-01.png','[]','2024-01-06 17:16:04','2024-01-06 17:16:04',NULL),(118,0,'product-shape-02','product-shape-02',8,'image/png',1030,'banners/product-shape-02.png','[]','2024-01-06 17:16:04','2024-01-06 17:16:04',NULL),(119,0,'sign-bg','sign-bg',8,'image/jpeg',5412,'banners/sign-bg.jpg','[]','2024-01-06 17:16:04','2024-01-06 17:16:04',NULL),(120,0,'thumb-01','thumb-01',8,'image/jpeg',16197,'banners/thumb-01.jpg','[]','2024-01-06 17:16:04','2024-01-06 17:16:04',NULL),(121,0,'thumb-02','thumb-02',8,'image/jpeg',7633,'banners/thumb-02.jpg','[]','2024-01-06 17:16:04','2024-01-06 17:16:04',NULL),(122,0,'thumb-03','thumb-03',8,'image/jpeg',7633,'banners/thumb-03.jpg','[]','2024-01-06 17:16:04','2024-01-06 17:16:04',NULL),(123,0,'thumb-04','thumb-04',8,'image/jpeg',16197,'banners/thumb-04.jpg','[]','2024-01-06 17:16:04','2024-01-06 17:16:04',NULL),(124,0,'track-bg','track-bg',8,'image/jpeg',6187,'banners/track-bg.jpg','[]','2024-01-06 17:16:04','2024-01-06 17:16:04',NULL),(125,0,'brand-01','brand-01',9,'image/png',609,'brands/brand-01.png','[]','2024-01-06 17:16:05','2024-01-06 17:16:05',NULL),(126,0,'brand-02','brand-02',9,'image/png',609,'brands/brand-02.png','[]','2024-01-06 17:16:05','2024-01-06 17:16:05',NULL),(127,0,'brand-03','brand-03',9,'image/png',609,'brands/brand-03.png','[]','2024-01-06 17:16:05','2024-01-06 17:16:05',NULL),(128,0,'brand-04','brand-04',9,'image/png',609,'brands/brand-04.png','[]','2024-01-06 17:16:05','2024-01-06 17:16:05',NULL),(129,0,'brand-05','brand-05',9,'image/png',609,'brands/brand-05.png','[]','2024-01-06 17:16:05','2024-01-06 17:16:05',NULL),(130,0,'brand-06','brand-06',9,'image/png',609,'brands/brand-06.png','[]','2024-01-06 17:16:05','2024-01-06 17:16:05',NULL),(131,0,'brand-w-01','brand-w-01',9,'image/png',609,'brands/brand-w-01.png','[]','2024-01-06 17:16:05','2024-01-06 17:16:05',NULL),(132,0,'brand-w-02','brand-w-02',9,'image/png',609,'brands/brand-w-02.png','[]','2024-01-06 17:16:05','2024-01-06 17:16:05',NULL),(133,0,'brand-w-03','brand-w-03',9,'image/png',609,'brands/brand-w-03.png','[]','2024-01-06 17:16:05','2024-01-06 17:16:05',NULL),(134,0,'brand-w-04','brand-w-04',9,'image/png',609,'brands/brand-w-04.png','[]','2024-01-06 17:16:05','2024-01-06 17:16:05',NULL),(135,0,'brand-w-05','brand-w-05',9,'image/png',609,'brands/brand-w-05.png','[]','2024-01-06 17:16:05','2024-01-06 17:16:05',NULL),(136,0,'brand-w-06','brand-w-06',9,'image/png',609,'brands/brand-w-06.png','[]','2024-01-06 17:16:05','2024-01-06 17:16:05',NULL),(137,0,'pla-brand-01','pla-brand-01',9,'image/png',609,'brands/pla-brand-01.png','[]','2024-01-06 17:16:05','2024-01-06 17:16:05',NULL),(138,0,'pla-brand-02','pla-brand-02',9,'image/png',609,'brands/pla-brand-02.png','[]','2024-01-06 17:16:05','2024-01-06 17:16:05',NULL),(139,0,'pla-brand-03','pla-brand-03',9,'image/png',609,'brands/pla-brand-03.png','[]','2024-01-06 17:16:05','2024-01-06 17:16:05',NULL),(140,0,'pla-brand-04','pla-brand-04',9,'image/png',609,'brands/pla-brand-04.png','[]','2024-01-06 17:16:05','2024-01-06 17:16:05',NULL),(141,0,'pla-brand-05','pla-brand-05',9,'image/png',609,'brands/pla-brand-05.png','[]','2024-01-06 17:16:05','2024-01-06 17:16:05',NULL),(142,0,'pla-brand-06','pla-brand-06',9,'image/png',609,'brands/pla-brand-06.png','[]','2024-01-06 17:16:05','2024-01-06 17:16:05',NULL),(143,0,'feature-icon-01','feature-icon-01',10,'image/png',2029,'features/feature-icon-01.png','[]','2024-01-06 17:16:06','2024-01-06 17:16:06',NULL),(144,0,'feature-icon-02','feature-icon-02',10,'image/png',1812,'features/feature-icon-02.png','[]','2024-01-06 17:16:06','2024-01-06 17:16:06',NULL),(145,0,'feature-icon-03','feature-icon-03',10,'image/png',2232,'features/feature-icon-03.png','[]','2024-01-06 17:16:06','2024-01-06 17:16:06',NULL),(146,0,'feature-icon-04','feature-icon-04',10,'image/png',1107,'features/feature-icon-04.png','[]','2024-01-06 17:16:06','2024-01-06 17:16:06',NULL),(147,0,'feature-icon-05','feature-icon-05',10,'image/png',1696,'features/feature-icon-05.png','[]','2024-01-06 17:16:06','2024-01-06 17:16:06',NULL),(148,0,'feature-icon-06','feature-icon-06',10,'image/png',1524,'features/feature-icon-06.png','[]','2024-01-06 17:16:06','2024-01-06 17:16:06',NULL),(149,0,'pla-product-01','pla-product-01',11,'image/jpeg',9730,'products/pla-product-01.jpg','[]','2024-01-06 17:16:06','2024-01-06 17:16:06',NULL),(150,0,'pla-product-02','pla-product-02',11,'image/jpeg',9730,'products/pla-product-02.jpg','[]','2024-01-06 17:16:06','2024-01-06 17:16:06',NULL),(151,0,'pla-product-03','pla-product-03',11,'image/jpeg',9730,'products/pla-product-03.jpg','[]','2024-01-06 17:16:06','2024-01-06 17:16:06',NULL),(152,0,'pla-product-04','pla-product-04',11,'image/jpeg',9730,'products/pla-product-04.jpg','[]','2024-01-06 17:16:06','2024-01-06 17:16:06',NULL),(153,0,'product-1','product-1',11,'image/jpeg',9730,'products/product-1.jpg','[]','2024-01-06 17:16:06','2024-01-06 17:16:06',NULL),(154,0,'product-10','product-10',11,'image/jpeg',9730,'products/product-10.jpg','[]','2024-01-06 17:16:06','2024-01-06 17:16:06',NULL),(155,0,'product-11','product-11',11,'image/jpeg',9730,'products/product-11.jpg','[]','2024-01-06 17:16:06','2024-01-06 17:16:06',NULL),(156,0,'product-12','product-12',11,'image/jpeg',9730,'products/product-12.jpg','[]','2024-01-06 17:16:07','2024-01-06 17:16:07',NULL),(157,0,'product-13','product-13',11,'image/jpeg',9730,'products/product-13.jpg','[]','2024-01-06 17:16:07','2024-01-06 17:16:07',NULL),(158,0,'product-14','product-14',11,'image/jpeg',9730,'products/product-14.jpg','[]','2024-01-06 17:16:07','2024-01-06 17:16:07',NULL),(159,0,'product-15','product-15',11,'image/jpeg',9730,'products/product-15.jpg','[]','2024-01-06 17:16:07','2024-01-06 17:16:07',NULL),(160,0,'product-16','product-16',11,'image/jpeg',9730,'products/product-16.jpg','[]','2024-01-06 17:16:07','2024-01-06 17:16:07',NULL),(161,0,'product-17','product-17',11,'image/jpeg',9730,'products/product-17.jpg','[]','2024-01-06 17:16:07','2024-01-06 17:16:07',NULL),(162,0,'product-18','product-18',11,'image/jpeg',9730,'products/product-18.jpg','[]','2024-01-06 17:16:07','2024-01-06 17:16:07',NULL),(163,0,'product-19','product-19',11,'image/jpeg',9730,'products/product-19.jpg','[]','2024-01-06 17:16:07','2024-01-06 17:16:07',NULL),(164,0,'product-2','product-2',11,'image/jpeg',9730,'products/product-2.jpg','[]','2024-01-06 17:16:07','2024-01-06 17:16:07',NULL),(165,0,'product-20','product-20',11,'image/jpeg',9730,'products/product-20.jpg','[]','2024-01-06 17:16:07','2024-01-06 17:16:07',NULL),(166,0,'product-21','product-21',11,'image/jpeg',9730,'products/product-21.jpg','[]','2024-01-06 17:16:07','2024-01-06 17:16:07',NULL),(167,0,'product-22','product-22',11,'image/jpeg',9730,'products/product-22.jpg','[]','2024-01-06 17:16:07','2024-01-06 17:16:07',NULL),(168,0,'product-23','product-23',11,'image/jpeg',9730,'products/product-23.jpg','[]','2024-01-06 17:16:07','2024-01-06 17:16:07',NULL),(169,0,'product-24','product-24',11,'image/jpeg',9730,'products/product-24.jpg','[]','2024-01-06 17:16:07','2024-01-06 17:16:07',NULL),(170,0,'product-25','product-25',11,'image/jpeg',9730,'products/product-25.jpg','[]','2024-01-06 17:16:07','2024-01-06 17:16:07',NULL),(171,0,'product-26','product-26',11,'image/jpeg',9730,'products/product-26.jpg','[]','2024-01-06 17:16:07','2024-01-06 17:16:07',NULL),(172,0,'product-27','product-27',11,'image/jpeg',9730,'products/product-27.jpg','[]','2024-01-06 17:16:08','2024-01-06 17:16:08',NULL),(173,0,'product-28','product-28',11,'image/jpeg',9730,'products/product-28.jpg','[]','2024-01-06 17:16:08','2024-01-06 17:16:08',NULL),(174,0,'product-29','product-29',11,'image/jpeg',9730,'products/product-29.jpg','[]','2024-01-06 17:16:08','2024-01-06 17:16:08',NULL),(175,0,'product-3','product-3',11,'image/jpeg',9730,'products/product-3.jpg','[]','2024-01-06 17:16:08','2024-01-06 17:16:08',NULL),(176,0,'product-30','product-30',11,'image/jpeg',9730,'products/product-30.jpg','[]','2024-01-06 17:16:08','2024-01-06 17:16:08',NULL),(177,0,'product-31','product-31',11,'image/jpeg',9730,'products/product-31.jpg','[]','2024-01-06 17:16:08','2024-01-06 17:16:08',NULL),(178,0,'product-32','product-32',11,'image/jpeg',9730,'products/product-32.jpg','[]','2024-01-06 17:16:08','2024-01-06 17:16:08',NULL),(179,0,'product-33','product-33',11,'image/jpeg',9730,'products/product-33.jpg','[]','2024-01-06 17:16:08','2024-01-06 17:16:08',NULL),(180,0,'product-34','product-34',11,'image/jpeg',9730,'products/product-34.jpg','[]','2024-01-06 17:16:08','2024-01-06 17:16:08',NULL),(181,0,'product-35','product-35',11,'image/jpeg',9730,'products/product-35.jpg','[]','2024-01-06 17:16:08','2024-01-06 17:16:08',NULL),(182,0,'product-36','product-36',11,'image/jpeg',9730,'products/product-36.jpg','[]','2024-01-06 17:16:08','2024-01-06 17:16:08',NULL),(183,0,'product-37','product-37',11,'image/jpeg',9730,'products/product-37.jpg','[]','2024-01-06 17:16:08','2024-01-06 17:16:08',NULL),(184,0,'product-38','product-38',11,'image/jpeg',9730,'products/product-38.jpg','[]','2024-01-06 17:16:08','2024-01-06 17:16:08',NULL),(185,0,'product-39','product-39',11,'image/jpeg',9730,'products/product-39.jpg','[]','2024-01-06 17:16:08','2024-01-06 17:16:08',NULL),(186,0,'product-4','product-4',11,'image/jpeg',9730,'products/product-4.jpg','[]','2024-01-06 17:16:08','2024-01-06 17:16:08',NULL),(187,0,'product-40','product-40',11,'image/jpeg',9730,'products/product-40.jpg','[]','2024-01-06 17:16:09','2024-01-06 17:16:09',NULL),(188,0,'product-41','product-41',11,'image/jpeg',9730,'products/product-41.jpg','[]','2024-01-06 17:16:09','2024-01-06 17:16:09',NULL),(189,0,'product-42','product-42',11,'image/jpeg',9730,'products/product-42.jpg','[]','2024-01-06 17:16:09','2024-01-06 17:16:09',NULL),(190,0,'product-43','product-43',11,'image/jpeg',9730,'products/product-43.jpg','[]','2024-01-06 17:16:09','2024-01-06 17:16:09',NULL),(191,0,'product-44','product-44',11,'image/jpeg',9730,'products/product-44.jpg','[]','2024-01-06 17:16:09','2024-01-06 17:16:09',NULL),(192,0,'product-45','product-45',11,'image/jpeg',9730,'products/product-45.jpg','[]','2024-01-06 17:16:09','2024-01-06 17:16:09',NULL),(193,0,'product-46','product-46',11,'image/jpeg',9730,'products/product-46.jpg','[]','2024-01-06 17:16:09','2024-01-06 17:16:09',NULL),(194,0,'product-47','product-47',11,'image/jpeg',9730,'products/product-47.jpg','[]','2024-01-06 17:16:09','2024-01-06 17:16:09',NULL),(195,0,'product-48','product-48',11,'image/jpeg',9730,'products/product-48.jpg','[]','2024-01-06 17:16:09','2024-01-06 17:16:09',NULL),(196,0,'product-49','product-49',11,'image/jpeg',9730,'products/product-49.jpg','[]','2024-01-06 17:16:09','2024-01-06 17:16:09',NULL),(197,0,'product-5','product-5',11,'image/jpeg',9730,'products/product-5.jpg','[]','2024-01-06 17:16:09','2024-01-06 17:16:09',NULL),(198,0,'product-50','product-50',11,'image/jpeg',9730,'products/product-50.jpg','[]','2024-01-06 17:16:09','2024-01-06 17:16:09',NULL),(199,0,'product-51','product-51',11,'image/jpeg',9730,'products/product-51.jpg','[]','2024-01-06 17:16:09','2024-01-06 17:16:09',NULL),(200,0,'product-52','product-52',11,'image/jpeg',9730,'products/product-52.jpg','[]','2024-01-06 17:16:09','2024-01-06 17:16:09',NULL),(201,0,'product-53','product-53',11,'image/jpeg',9730,'products/product-53.jpg','[]','2024-01-06 17:16:09','2024-01-06 17:16:09',NULL),(202,0,'product-54','product-54',11,'image/jpeg',9730,'products/product-54.jpg','[]','2024-01-06 17:16:10','2024-01-06 17:16:10',NULL),(203,0,'product-55','product-55',11,'image/jpeg',9730,'products/product-55.jpg','[]','2024-01-06 17:16:10','2024-01-06 17:16:10',NULL),(204,0,'product-56','product-56',11,'image/jpeg',9730,'products/product-56.jpg','[]','2024-01-06 17:16:10','2024-01-06 17:16:10',NULL),(205,0,'product-57','product-57',11,'image/jpeg',9730,'products/product-57.jpg','[]','2024-01-06 17:16:10','2024-01-06 17:16:10',NULL),(206,0,'product-58','product-58',11,'image/jpeg',9730,'products/product-58.jpg','[]','2024-01-06 17:16:10','2024-01-06 17:16:10',NULL),(207,0,'product-59','product-59',11,'image/jpeg',9730,'products/product-59.jpg','[]','2024-01-06 17:16:10','2024-01-06 17:16:10',NULL),(208,0,'product-6','product-6',11,'image/jpeg',9730,'products/product-6.jpg','[]','2024-01-06 17:16:10','2024-01-06 17:16:10',NULL),(209,0,'product-60','product-60',11,'image/jpeg',9730,'products/product-60.jpg','[]','2024-01-06 17:16:10','2024-01-06 17:16:10',NULL),(210,0,'product-61','product-61',11,'image/jpeg',9730,'products/product-61.jpg','[]','2024-01-06 17:16:10','2024-01-06 17:16:10',NULL),(211,0,'product-62','product-62',11,'image/jpeg',9730,'products/product-62.jpg','[]','2024-01-06 17:16:10','2024-01-06 17:16:10',NULL),(212,0,'product-63','product-63',11,'image/jpeg',9730,'products/product-63.jpg','[]','2024-01-06 17:16:10','2024-01-06 17:16:10',NULL),(213,0,'product-64','product-64',11,'image/jpeg',9730,'products/product-64.jpg','[]','2024-01-06 17:16:10','2024-01-06 17:16:10',NULL),(214,0,'product-65','product-65',11,'image/jpeg',9730,'products/product-65.jpg','[]','2024-01-06 17:16:10','2024-01-06 17:16:10',NULL),(215,0,'product-66','product-66',11,'image/jpeg',9730,'products/product-66.jpg','[]','2024-01-06 17:16:10','2024-01-06 17:16:10',NULL),(216,0,'product-67','product-67',11,'image/jpeg',9730,'products/product-67.jpg','[]','2024-01-06 17:16:10','2024-01-06 17:16:10',NULL),(217,0,'product-68','product-68',11,'image/jpeg',9730,'products/product-68.jpg','[]','2024-01-06 17:16:10','2024-01-06 17:16:10',NULL),(218,0,'product-69','product-69',11,'image/jpeg',9730,'products/product-69.jpg','[]','2024-01-06 17:16:10','2024-01-06 17:16:10',NULL),(219,0,'product-7','product-7',11,'image/jpeg',9730,'products/product-7.jpg','[]','2024-01-06 17:16:10','2024-01-06 17:16:10',NULL),(220,0,'product-70','product-70',11,'image/jpeg',9730,'products/product-70.jpg','[]','2024-01-06 17:16:11','2024-01-06 17:16:11',NULL),(221,0,'product-71','product-71',11,'image/jpeg',9730,'products/product-71.jpg','[]','2024-01-06 17:16:11','2024-01-06 17:16:11',NULL),(222,0,'product-72','product-72',11,'image/jpeg',9730,'products/product-72.jpg','[]','2024-01-06 17:16:11','2024-01-06 17:16:11',NULL),(223,0,'product-73','product-73',11,'image/jpeg',9730,'products/product-73.jpg','[]','2024-01-06 17:16:11','2024-01-06 17:16:11',NULL),(224,0,'product-74','product-74',11,'image/jpeg',9730,'products/product-74.jpg','[]','2024-01-06 17:16:11','2024-01-06 17:16:11',NULL),(225,0,'product-75','product-75',11,'image/jpeg',9730,'products/product-75.jpg','[]','2024-01-06 17:16:11','2024-01-06 17:16:11',NULL),(226,0,'product-76','product-76',11,'image/jpeg',9730,'products/product-76.jpg','[]','2024-01-06 17:16:11','2024-01-06 17:16:11',NULL),(227,0,'product-77','product-77',11,'image/jpeg',9730,'products/product-77.jpg','[]','2024-01-06 17:16:11','2024-01-06 17:16:11',NULL),(228,0,'product-78','product-78',11,'image/jpeg',9730,'products/product-78.jpg','[]','2024-01-06 17:16:11','2024-01-06 17:16:11',NULL),(229,0,'product-79','product-79',11,'image/jpeg',9730,'products/product-79.jpg','[]','2024-01-06 17:16:11','2024-01-06 17:16:11',NULL),(230,0,'product-8','product-8',11,'image/jpeg',9730,'products/product-8.jpg','[]','2024-01-06 17:16:11','2024-01-06 17:16:11',NULL),(231,0,'product-80','product-80',11,'image/jpeg',9730,'products/product-80.jpg','[]','2024-01-06 17:16:11','2024-01-06 17:16:11',NULL),(232,0,'product-81','product-81',11,'image/jpeg',9730,'products/product-81.jpg','[]','2024-01-06 17:16:11','2024-01-06 17:16:11',NULL),(233,0,'product-82','product-82',11,'image/jpeg',9730,'products/product-82.jpg','[]','2024-01-06 17:16:11','2024-01-06 17:16:11',NULL),(234,0,'product-83','product-83',11,'image/jpeg',9730,'products/product-83.jpg','[]','2024-01-06 17:16:11','2024-01-06 17:16:11',NULL),(235,0,'product-84','product-84',11,'image/jpeg',9730,'products/product-84.jpg','[]','2024-01-06 17:16:11','2024-01-06 17:16:11',NULL),(236,0,'product-85','product-85',11,'image/jpeg',9730,'products/product-85.jpg','[]','2024-01-06 17:16:11','2024-01-06 17:16:11',NULL),(237,0,'product-86','product-86',11,'image/jpeg',9730,'products/product-86.jpg','[]','2024-01-06 17:16:12','2024-01-06 17:16:12',NULL),(238,0,'product-87','product-87',11,'image/jpeg',9730,'products/product-87.jpg','[]','2024-01-06 17:16:12','2024-01-06 17:16:12',NULL),(239,0,'product-88','product-88',11,'image/jpeg',9730,'products/product-88.jpg','[]','2024-01-06 17:16:12','2024-01-06 17:16:12',NULL),(240,0,'product-89','product-89',11,'image/jpeg',9730,'products/product-89.jpg','[]','2024-01-06 17:16:12','2024-01-06 17:16:12',NULL),(241,0,'product-9','product-9',11,'image/jpeg',9730,'products/product-9.jpg','[]','2024-01-06 17:16:12','2024-01-06 17:16:12',NULL),(242,0,'product-90','product-90',11,'image/jpeg',9730,'products/product-90.jpg','[]','2024-01-06 17:16:12','2024-01-06 17:16:12',NULL),(243,0,'product-91','product-91',11,'image/jpeg',9730,'products/product-91.jpg','[]','2024-01-06 17:16:12','2024-01-06 17:16:12',NULL),(244,0,'product-92','product-92',11,'image/jpeg',9730,'products/product-92.jpg','[]','2024-01-06 17:16:12','2024-01-06 17:16:12',NULL),(245,0,'product-93','product-93',11,'image/jpeg',9730,'products/product-93.jpg','[]','2024-01-06 17:16:12','2024-01-06 17:16:12',NULL),(246,0,'product-94','product-94',11,'image/jpeg',9730,'products/product-94.jpg','[]','2024-01-06 17:16:12','2024-01-06 17:16:12',NULL),(247,0,'product-95','product-95',11,'image/jpeg',9730,'products/product-95.jpg','[]','2024-01-06 17:16:12','2024-01-06 17:16:12',NULL),(248,0,'1','1',12,'image/jpeg',9730,'customers/1.jpg','[]','2024-01-06 17:16:17','2024-01-06 17:16:17',NULL),(249,0,'10','10',12,'image/jpeg',9730,'customers/10.jpg','[]','2024-01-06 17:16:17','2024-01-06 17:16:17',NULL),(250,0,'2','2',12,'image/jpeg',9730,'customers/2.jpg','[]','2024-01-06 17:16:17','2024-01-06 17:16:17',NULL),(251,0,'3','3',12,'image/jpeg',9730,'customers/3.jpg','[]','2024-01-06 17:16:17','2024-01-06 17:16:17',NULL),(252,0,'4','4',12,'image/jpeg',9730,'customers/4.jpg','[]','2024-01-06 17:16:17','2024-01-06 17:16:17',NULL),(253,0,'5','5',12,'image/jpeg',9730,'customers/5.jpg','[]','2024-01-06 17:16:17','2024-01-06 17:16:17',NULL),(254,0,'6','6',12,'image/jpeg',9730,'customers/6.jpg','[]','2024-01-06 17:16:17','2024-01-06 17:16:17',NULL),(255,0,'7','7',12,'image/jpeg',9730,'customers/7.jpg','[]','2024-01-06 17:16:17','2024-01-06 17:16:17',NULL),(256,0,'8','8',12,'image/jpeg',9730,'customers/8.jpg','[]','2024-01-06 17:16:17','2024-01-06 17:16:17',NULL),(257,0,'9','9',12,'image/jpeg',9730,'customers/9.jpg','[]','2024-01-06 17:16:17','2024-01-06 17:16:17',NULL),(258,0,'1','1',13,'image/jpeg',9730,'galleries/1.jpg','[]','2024-01-06 17:16:24','2024-01-06 17:16:24',NULL),(259,0,'2','2',13,'image/jpeg',9730,'galleries/2.jpg','[]','2024-01-06 17:16:24','2024-01-06 17:16:24',NULL),(260,0,'3','3',13,'image/jpeg',9730,'galleries/3.jpg','[]','2024-01-06 17:16:24','2024-01-06 17:16:24',NULL),(261,0,'4','4',13,'image/jpeg',9730,'galleries/4.jpg','[]','2024-01-06 17:16:24','2024-01-06 17:16:24',NULL),(262,0,'5','5',13,'image/jpeg',9730,'galleries/5.jpg','[]','2024-01-06 17:16:24','2024-01-06 17:16:24',NULL),(263,0,'6','6',13,'image/jpeg',9730,'galleries/6.jpg','[]','2024-01-06 17:16:24','2024-01-06 17:16:24',NULL),(271,0,'avatar-1','avatar-1',15,'image/png',653,'testimonials/avatar-1.png','[]','2024-01-06 17:16:25','2024-01-06 17:16:25',NULL),(272,0,'avatar-2','avatar-2',15,'image/png',653,'testimonials/avatar-2.png','[]','2024-01-06 17:16:25','2024-01-06 17:16:25',NULL),(273,0,'avatar-3','avatar-3',15,'image/png',653,'testimonials/avatar-3.png','[]','2024-01-06 17:16:25','2024-01-06 17:16:25',NULL),(274,0,'team-1','team-1',15,'image/jpeg',6181,'testimonials/team-1.jpg','[]','2024-01-06 17:16:25','2024-01-06 17:16:25',NULL),(275,0,'team-2','team-2',15,'image/jpeg',6181,'testimonials/team-2.jpg','[]','2024-01-06 17:16:25','2024-01-06 17:16:25',NULL),(276,0,'team-3','team-3',15,'image/jpeg',6181,'testimonials/team-3.jpg','[]','2024-01-06 17:16:25','2024-01-06 17:16:25',NULL),(277,0,'team-4','team-4',15,'image/jpeg',6181,'testimonials/team-4.jpg','[]','2024-01-06 17:16:25','2024-01-06 17:16:25',NULL);
/*!40000 ALTER TABLE `media_files` ENABLE KEYS */;
UNLOCK TABLES;

--
-- Table structure for table `media_folders`
--

DROP TABLE IF EXISTS `media_folders`;
/*!40101 SET @saved_cs_client     = @@character_set_client */;
/*!50503 SET character_set_client = utf8mb4 */;
CREATE TABLE `media_folders` (
  `id` bigint unsigned NOT NULL AUTO_INCREMENT,
  `user_id` bigint unsigned NOT NULL,
  `name` varchar(255) COLLATE utf8mb4_unicode_ci DEFAULT NULL,
  `color` varchar(250) COLLATE utf8mb4_unicode_ci DEFAULT NULL,
  `slug` varchar(255) COLLATE utf8mb4_unicode_ci DEFAULT NULL,
  `parent_id` bigint unsigned NOT NULL DEFAULT '0',
  `created_at` timestamp NULL DEFAULT NULL,
  `updated_at` timestamp NULL DEFAULT NULL,
  `deleted_at` timestamp NULL DEFAULT NULL,
  PRIMARY KEY (`id`),
  KEY `media_folders_user_id_index` (`user_id`),
  KEY `media_folders_index` (`parent_id`,`user_id`,`created_at`)
) ENGINE=InnoDB AUTO_INCREMENT=16 DEFAULT CHARSET=utf8mb4 COLLATE=utf8mb4_unicode_ci;
/*!40101 SET character_set_client = @saved_cs_client */;

--
-- Dumping data for table `media_folders`
--

LOCK TABLES `media_folders` WRITE;
/*!40000 ALTER TABLE `media_folders` DISABLE KEYS */;
INSERT INTO `media_folders` VALUES (2,0,'blog',NULL,'blog',0,'2024-01-06 17:15:54','2024-01-06 17:15:54',NULL),(3,0,'shop',NULL,'shop',0,'2024-01-06 17:15:58','2024-01-06 17:15:58',NULL),(4,0,'general',NULL,'general',0,'2024-01-06 17:16:00','2024-01-06 17:16:00',NULL),(5,0,'icons',NULL,'icons',0,'2024-01-06 17:16:00','2024-01-06 17:16:00',NULL),(7,0,'sliders',NULL,'sliders',0,'2024-01-06 17:16:01','2024-01-06 17:16:01',NULL),(8,0,'banners',NULL,'banners',0,'2024-01-06 17:16:03','2024-01-06 17:16:03',NULL),(9,0,'brands',NULL,'brands',0,'2024-01-06 17:16:05','2024-01-06 17:16:05',NULL),(10,0,'features',NULL,'features',0,'2024-01-06 17:16:06','2024-01-06 17:16:06',NULL),(11,0,'products',NULL,'products',0,'2024-01-06 17:16:06','2024-01-06 17:16:06',NULL),(12,0,'customers',NULL,'customers',0,'2024-01-06 17:16:17','2024-01-06 17:16:17',NULL),(13,0,'galleries',NULL,'galleries',0,'2024-01-06 17:16:24','2024-01-06 17:16:24',NULL),(15,0,'testimonials',NULL,'testimonials',0,'2024-01-06 17:16:25','2024-01-06 17:16:25',NULL);
/*!40000 ALTER TABLE `media_folders` ENABLE KEYS */;
UNLOCK TABLES;

--
-- Table structure for table `media_settings`
--

DROP TABLE IF EXISTS `media_settings`;
/*!40101 SET @saved_cs_client     = @@character_set_client */;
/*!50503 SET character_set_client = utf8mb4 */;
CREATE TABLE `media_settings` (
  `id` bigint unsigned NOT NULL AUTO_INCREMENT,
  `key` varchar(120) COLLATE utf8mb4_unicode_ci NOT NULL,
  `value` text COLLATE utf8mb4_unicode_ci,
  `media_id` bigint unsigned DEFAULT NULL,
  `user_id` bigint unsigned DEFAULT NULL,
  `created_at` timestamp NULL DEFAULT NULL,
  `updated_at` timestamp NULL DEFAULT NULL,
  PRIMARY KEY (`id`)
) ENGINE=InnoDB DEFAULT CHARSET=utf8mb4 COLLATE=utf8mb4_unicode_ci;
/*!40101 SET character_set_client = @saved_cs_client */;

--
-- Dumping data for table `media_settings`
--

LOCK TABLES `media_settings` WRITE;
/*!40000 ALTER TABLE `media_settings` DISABLE KEYS */;
/*!40000 ALTER TABLE `media_settings` ENABLE KEYS */;
UNLOCK TABLES;

--
-- Table structure for table `menu_locations`
--

DROP TABLE IF EXISTS `menu_locations`;
/*!40101 SET @saved_cs_client     = @@character_set_client */;
/*!50503 SET character_set_client = utf8mb4 */;
CREATE TABLE `menu_locations` (
  `id` bigint unsigned NOT NULL AUTO_INCREMENT,
  `menu_id` bigint unsigned NOT NULL,
  `location` varchar(120) COLLATE utf8mb4_unicode_ci NOT NULL,
  `created_at` timestamp NULL DEFAULT NULL,
  `updated_at` timestamp NULL DEFAULT NULL,
  PRIMARY KEY (`id`),
  KEY `menu_locations_menu_id_created_at_index` (`menu_id`,`created_at`)
) ENGINE=InnoDB AUTO_INCREMENT=5 DEFAULT CHARSET=utf8mb4 COLLATE=utf8mb4_unicode_ci;
/*!40101 SET character_set_client = @saved_cs_client */;

--
-- Dumping data for table `menu_locations`
--

LOCK TABLES `menu_locations` WRITE;
/*!40000 ALTER TABLE `menu_locations` DISABLE KEYS */;
INSERT INTO `menu_locations` VALUES (1,1,'main-menu','2024-01-06 17:16:24','2024-01-06 17:16:24'),(2,2,'information','2024-01-06 17:16:24','2024-01-06 17:16:24'),(3,3,'my-account','2024-01-06 17:16:24','2024-01-06 17:16:24'),(4,4,'social-network','2024-01-06 17:16:24','2024-01-06 17:16:24');
/*!40000 ALTER TABLE `menu_locations` ENABLE KEYS */;
UNLOCK TABLES;

--
-- Table structure for table `menu_nodes`
--

DROP TABLE IF EXISTS `menu_nodes`;
/*!40101 SET @saved_cs_client     = @@character_set_client */;
/*!50503 SET character_set_client = utf8mb4 */;
CREATE TABLE `menu_nodes` (
  `id` bigint unsigned NOT NULL AUTO_INCREMENT,
  `menu_id` bigint unsigned NOT NULL,
  `parent_id` bigint unsigned NOT NULL DEFAULT '0',
  `reference_id` bigint unsigned DEFAULT NULL,
  `reference_type` varchar(255) COLLATE utf8mb4_unicode_ci DEFAULT NULL,
  `url` varchar(120) COLLATE utf8mb4_unicode_ci DEFAULT NULL,
  `icon_font` varchar(50) COLLATE utf8mb4_unicode_ci DEFAULT NULL,
  `position` tinyint unsigned NOT NULL DEFAULT '0',
  `title` varchar(120) COLLATE utf8mb4_unicode_ci DEFAULT NULL,
  `css_class` varchar(120) COLLATE utf8mb4_unicode_ci DEFAULT NULL,
  `target` varchar(20) COLLATE utf8mb4_unicode_ci NOT NULL DEFAULT '_self',
  `has_child` tinyint unsigned NOT NULL DEFAULT '0',
  `created_at` timestamp NULL DEFAULT NULL,
  `updated_at` timestamp NULL DEFAULT NULL,
  PRIMARY KEY (`id`),
  KEY `menu_nodes_menu_id_index` (`menu_id`),
  KEY `menu_nodes_parent_id_index` (`parent_id`),
  KEY `reference_id` (`reference_id`),
  KEY `reference_type` (`reference_type`)
) ENGINE=InnoDB AUTO_INCREMENT=40 DEFAULT CHARSET=utf8mb4 COLLATE=utf8mb4_unicode_ci;
/*!40101 SET character_set_client = @saved_cs_client */;

--
-- Dumping data for table `menu_nodes`
--

LOCK TABLES `menu_nodes` WRITE;
/*!40000 ALTER TABLE `menu_nodes` DISABLE KEYS */;
INSERT INTO `menu_nodes` VALUES (1,1,0,NULL,NULL,'/',NULL,0,'Home',NULL,'_self',1,'2024-01-06 17:16:24','2024-01-06 17:16:24'),(2,1,1,1,'Botble\\Page\\Models\\Page','/',NULL,0,'Wooden Home',NULL,'_self',0,'2024-01-06 17:16:24','2024-01-06 17:16:24'),(3,1,1,2,'Botble\\Page\\Models\\Page','/fashion-home',NULL,0,'Fashion Home',NULL,'_self',0,'2024-01-06 17:16:24','2024-01-06 17:16:24'),(4,1,1,3,'Botble\\Page\\Models\\Page','/furniture-home',NULL,0,'Furniture Home',NULL,'_self',0,'2024-01-06 17:16:24','2024-01-06 17:16:24'),(5,1,1,4,'Botble\\Page\\Models\\Page','/cosmetics-home',NULL,0,'Cosmetics Home',NULL,'_self',0,'2024-01-06 17:16:24','2024-01-06 17:16:24'),(6,1,1,5,'Botble\\Page\\Models\\Page','/food-grocery-home',NULL,0,'Food Grocery',NULL,'_self',0,'2024-01-06 17:16:24','2024-01-06 17:16:24'),(7,1,0,NULL,NULL,'/',NULL,0,'Shop',NULL,'_self',1,'2024-01-06 17:16:24','2024-01-06 17:16:24'),(8,1,7,NULL,NULL,'/products',NULL,0,'Shop Grid',NULL,'_self',0,'2024-01-06 17:16:24','2024-01-06 17:16:24'),(9,1,7,NULL,NULL,'/products?layout=list',NULL,0,'Shop List',NULL,'_self',0,'2024-01-06 17:16:24','2024-01-06 17:16:24'),(10,1,7,NULL,NULL,'/products/slimming-world-vegan-mac-greens',NULL,0,'Shop Detail',NULL,'_self',0,'2024-01-06 17:16:24','2024-01-06 17:16:24'),(11,1,7,10,'Botble\\Page\\Models\\Page','/store-locator',NULL,0,'Shop Location',NULL,'_self',0,'2024-01-06 17:16:24','2024-01-06 17:16:24'),(12,1,7,NULL,NULL,'/cart',NULL,0,'Cart',NULL,'_self',0,'2024-01-06 17:16:24','2024-01-06 17:16:24'),(13,1,7,NULL,NULL,'/wishlist',NULL,0,'Wishlist',NULL,'_self',0,'2024-01-06 17:16:24','2024-01-06 17:16:24'),(14,1,0,NULL,NULL,'/',NULL,0,'Pages',NULL,'_self',1,'2024-01-06 17:16:24','2024-01-06 17:16:24'),(15,1,14,NULL,NULL,'/orders/tracking',NULL,0,'Order Tracking',NULL,'_self',0,'2024-01-06 17:16:24','2024-01-06 17:16:24'),(16,1,14,7,'Botble\\Page\\Models\\Page','/about',NULL,0,'About',NULL,'_self',0,'2024-01-06 17:16:24','2024-01-06 17:16:24'),(17,1,14,NULL,NULL,'/register',NULL,0,'Sign up',NULL,'_self',0,'2024-01-06 17:16:24','2024-01-06 17:16:24'),(18,1,14,NULL,NULL,'/login',NULL,0,'Login',NULL,'_self',0,'2024-01-06 17:16:24','2024-01-06 17:16:24'),(19,1,14,NULL,NULL,'/404',NULL,0,'404 / Error',NULL,'_self',0,'2024-01-06 17:16:24','2024-01-06 17:16:24'),(20,1,14,9,'Botble\\Page\\Models\\Page','/coming-soon',NULL,0,'Coming soon',NULL,'_self',0,'2024-01-06 17:16:24','2024-01-06 17:16:24'),(21,1,0,NULL,NULL,'/',NULL,0,'Blog',NULL,'_self',1,'2024-01-06 17:16:24','2024-01-06 17:16:24'),(22,1,21,6,'Botble\\Page\\Models\\Page','/blog',NULL,0,'Blog',NULL,'_self',0,'2024-01-06 17:16:24','2024-01-06 17:16:24'),(23,1,21,NULL,NULL,'/blog/4-expert-tips-on-how-to-choose-the-right-mens-wallet',NULL,0,'Blog Detail',NULL,'_self',0,'2024-01-06 17:16:24','2024-01-06 17:16:24'),(24,1,0,8,'Botble\\Page\\Models\\Page','/contact',NULL,0,'Contact',NULL,'_self',0,'2024-01-06 17:16:24','2024-01-06 17:16:24'),(25,2,0,1,'Botble\\Page\\Models\\Page','/',NULL,0,'Custom Service',NULL,'_self',0,'2024-01-06 17:16:24','2024-01-06 17:16:24'),(26,2,0,1,'Botble\\Page\\Models\\Page','/',NULL,0,'FAQs',NULL,'_self',0,'2024-01-06 17:16:24','2024-01-06 17:16:24'),(27,2,0,1,'Botble\\Page\\Models\\Page','/',NULL,0,'Ordering Tracking',NULL,'_self',0,'2024-01-06 17:16:24','2024-01-06 17:16:24'),(28,2,0,1,'Botble\\Page\\Models\\Page','/',NULL,0,'Contacts',NULL,'_self',0,'2024-01-06 17:16:24','2024-01-06 17:16:24'),(29,2,0,1,'Botble\\Page\\Models\\Page','/',NULL,0,'Events',NULL,'_self',0,'2024-01-06 17:16:24','2024-01-06 17:16:24'),(30,3,0,1,'Botble\\Page\\Models\\Page','/',NULL,0,'Delivery Information',NULL,'_self',0,'2024-01-06 17:16:24','2024-01-06 17:16:24'),(31,3,0,1,'Botble\\Page\\Models\\Page','/',NULL,0,'Privacy Policy',NULL,'_self',0,'2024-01-06 17:16:24','2024-01-06 17:16:24'),(32,3,0,1,'Botble\\Page\\Models\\Page','/',NULL,0,'Discount',NULL,'_self',0,'2024-01-06 17:16:24','2024-01-06 17:16:24'),(33,3,0,1,'Botble\\Page\\Models\\Page','/',NULL,0,'Custom Service',NULL,'_self',0,'2024-01-06 17:16:24','2024-01-06 17:16:24'),(34,3,0,1,'Botble\\Page\\Models\\Page','/',NULL,0,'Terms & Condition',NULL,'_self',0,'2024-01-06 17:16:24','2024-01-06 17:16:24'),(35,4,0,NULL,NULL,'#','fab fa-facebook',0,'Facebook',NULL,'_self',0,'2024-01-06 17:16:24','2024-01-06 17:16:24'),(36,4,0,NULL,NULL,'#','fab fa-dribbble',0,'Dribble',NULL,'_self',0,'2024-01-06 17:16:24','2024-01-06 17:16:24'),(37,4,0,NULL,NULL,'#','fab fa-twitter',0,'Twitter',NULL,'_self',0,'2024-01-06 17:16:24','2024-01-06 17:16:24'),(38,4,0,NULL,NULL,'#','fab fa-behance',0,'Behance',NULL,'_self',0,'2024-01-06 17:16:24','2024-01-06 17:16:24'),(39,4,0,NULL,NULL,'#','fab fa-youtube',0,'Youtube',NULL,'_self',0,'2024-01-06 17:16:24','2024-01-06 17:16:24');
/*!40000 ALTER TABLE `menu_nodes` ENABLE KEYS */;
UNLOCK TABLES;

--
-- Table structure for table `menus`
--

DROP TABLE IF EXISTS `menus`;
/*!40101 SET @saved_cs_client     = @@character_set_client */;
/*!50503 SET character_set_client = utf8mb4 */;
CREATE TABLE `menus` (
  `id` bigint unsigned NOT NULL AUTO_INCREMENT,
  `name` varchar(120) COLLATE utf8mb4_unicode_ci NOT NULL,
  `slug` varchar(120) COLLATE utf8mb4_unicode_ci DEFAULT NULL,
  `status` varchar(60) COLLATE utf8mb4_unicode_ci NOT NULL DEFAULT 'published',
  `created_at` timestamp NULL DEFAULT NULL,
  `updated_at` timestamp NULL DEFAULT NULL,
  PRIMARY KEY (`id`),
  UNIQUE KEY `menus_slug_unique` (`slug`)
) ENGINE=InnoDB AUTO_INCREMENT=5 DEFAULT CHARSET=utf8mb4 COLLATE=utf8mb4_unicode_ci;
/*!40101 SET character_set_client = @saved_cs_client */;

--
-- Dumping data for table `menus`
--

LOCK TABLES `menus` WRITE;
/*!40000 ALTER TABLE `menus` DISABLE KEYS */;
INSERT INTO `menus` VALUES (1,'Main menu','main-menu','published','2024-01-06 17:16:24','2024-01-06 17:16:24'),(2,'Information','information','published','2024-01-06 17:16:24','2024-01-06 17:16:24'),(3,'My Account','my-account','published','2024-01-06 17:16:24','2024-01-06 17:16:24'),(4,'Social Network','social-network','published','2024-01-06 17:16:24','2024-01-06 17:16:24');
/*!40000 ALTER TABLE `menus` ENABLE KEYS */;
UNLOCK TABLES;

--
-- Table structure for table `meta_boxes`
--

DROP TABLE IF EXISTS `meta_boxes`;
/*!40101 SET @saved_cs_client     = @@character_set_client */;
/*!50503 SET character_set_client = utf8mb4 */;
CREATE TABLE `meta_boxes` (
  `id` bigint unsigned NOT NULL AUTO_INCREMENT,
  `meta_key` varchar(255) COLLATE utf8mb4_unicode_ci NOT NULL,
  `meta_value` text COLLATE utf8mb4_unicode_ci,
  `reference_id` bigint unsigned NOT NULL,
  `reference_type` varchar(120) COLLATE utf8mb4_unicode_ci NOT NULL,
  `created_at` timestamp NULL DEFAULT NULL,
  `updated_at` timestamp NULL DEFAULT NULL,
  PRIMARY KEY (`id`),
  KEY `meta_boxes_reference_id_index` (`reference_id`)
) ENGINE=InnoDB AUTO_INCREMENT=145 DEFAULT CHARSET=utf8mb4 COLLATE=utf8mb4_unicode_ci;
/*!40101 SET character_set_client = @saved_cs_client */;

--
-- Dumping data for table `meta_boxes`
--

LOCK TABLES `meta_boxes` WRITE;
/*!40000 ALTER TABLE `meta_boxes` DISABLE KEYS */;
INSERT INTO `meta_boxes` VALUES (1,'header_style','[\"collapsed\"]',1,'Botble\\Page\\Models\\Page','2024-01-06 17:15:59','2024-01-06 17:15:59'),(2,'customize_footer','[\"custom\"]',2,'Botble\\Page\\Models\\Page','2024-01-06 17:15:59','2024-01-06 17:15:59'),(3,'footer_background_color','[\"#040404\"]',2,'Botble\\Page\\Models\\Page','2024-01-06 17:15:59','2024-01-06 17:15:59'),(4,'footer_text_color','[\"#fff\"]',2,'Botble\\Page\\Models\\Page','2024-01-06 17:16:00','2024-01-06 17:16:00'),(5,'footer_text_muted_color','[\"#a0a0a0\"]',2,'Botble\\Page\\Models\\Page','2024-01-06 17:16:00','2024-01-06 17:16:00'),(6,'footer_logo','[\"general\\/logo-white.png\"]',2,'Botble\\Page\\Models\\Page','2024-01-06 17:16:00','2024-01-06 17:16:00'),(7,'footer_border_color','[\"#282828\"]',2,'Botble\\Page\\Models\\Page','2024-01-06 17:16:00','2024-01-06 17:16:00'),(8,'footer_bottom_background_color','[\"#040404\"]',2,'Botble\\Page\\Models\\Page','2024-01-06 17:16:00','2024-01-06 17:16:00'),(9,'customize_footer','[\"custom\"]',3,'Botble\\Page\\Models\\Page','2024-01-06 17:16:00','2024-01-06 17:16:00'),(10,'footer_bottom_background_color','[\"#f8f8f8\"]',3,'Botble\\Page\\Models\\Page','2024-01-06 17:16:00','2024-01-06 17:16:00'),(11,'header_style','[\"centered-logo\"]',4,'Botble\\Page\\Models\\Page','2024-01-06 17:16:00','2024-01-06 17:16:00'),(12,'customize_footer','[\"custom\"]',4,'Botble\\Page\\Models\\Page','2024-01-06 17:16:00','2024-01-06 17:16:00'),(13,'footer_background_color','[\"#F7EFEC\"]',4,'Botble\\Page\\Models\\Page','2024-01-06 17:16:00','2024-01-06 17:16:00'),(14,'footer_bottom_background_color','[\"#F7EFEC\"]',4,'Botble\\Page\\Models\\Page','2024-01-06 17:16:00','2024-01-06 17:16:00'),(15,'customize_footer','[\"custom\"]',5,'Botble\\Page\\Models\\Page','2024-01-06 17:16:00','2024-01-06 17:16:00'),(16,'footer_background_color','[\"#F7EFEC\"]',5,'Botble\\Page\\Models\\Page','2024-01-06 17:16:00','2024-01-06 17:16:00'),(17,'footer_bottom_background_color','[\"#F7EFEC\"]',5,'Botble\\Page\\Models\\Page','2024-01-06 17:16:00','2024-01-06 17:16:00'),(18,'customize_footer','[\"custom\"]',7,'Botble\\Page\\Models\\Page','2024-01-06 17:16:00','2024-01-06 17:16:00'),(19,'footer_background_color','[\"#040404\"]',7,'Botble\\Page\\Models\\Page','2024-01-06 17:16:00','2024-01-06 17:16:00'),(20,'footer_text_color','[\"#fff\"]',7,'Botble\\Page\\Models\\Page','2024-01-06 17:16:00','2024-01-06 17:16:00'),(21,'footer_text_muted_color','[\"#a0a0a0\"]',7,'Botble\\Page\\Models\\Page','2024-01-06 17:16:00','2024-01-06 17:16:00'),(22,'footer_logo','[\"general\\/logo-white.png\"]',7,'Botble\\Page\\Models\\Page','2024-01-06 17:16:00','2024-01-06 17:16:00'),(23,'footer_border_color','[\"#282828\"]',7,'Botble\\Page\\Models\\Page','2024-01-06 17:16:00','2024-01-06 17:16:00'),(24,'footer_bottom_background_color','[\"#040404\"]',7,'Botble\\Page\\Models\\Page','2024-01-06 17:16:00','2024-01-06 17:16:00'),(25,'subtitle','[\"Accessories\"]',1,'Botble\\SimpleSlider\\Models\\SimpleSliderItem','2024-01-06 17:16:02','2024-01-06 17:16:02'),(26,'action_label','[\"Shop Now\"]',1,'Botble\\SimpleSlider\\Models\\SimpleSliderItem','2024-01-06 17:16:02','2024-01-06 17:16:02'),(27,'subtitle','[\"Accessories\"]',2,'Botble\\SimpleSlider\\Models\\SimpleSliderItem','2024-01-06 17:16:02','2024-01-06 17:16:02'),(28,'action_label','[\"Shop Now\"]',2,'Botble\\SimpleSlider\\Models\\SimpleSliderItem','2024-01-06 17:16:02','2024-01-06 17:16:02'),(29,'subtitle','[\"Accessories\"]',3,'Botble\\SimpleSlider\\Models\\SimpleSliderItem','2024-01-06 17:16:02','2024-01-06 17:16:02'),(30,'action_label','[\"Shop Now\"]',3,'Botble\\SimpleSlider\\Models\\SimpleSliderItem','2024-01-06 17:16:02','2024-01-06 17:16:02'),(31,'subtitle','[\"Winter\"]',4,'Botble\\SimpleSlider\\Models\\SimpleSliderItem','2024-01-06 17:16:02','2024-01-06 17:16:02'),(32,'action_label','[\"Shop Now\"]',4,'Botble\\SimpleSlider\\Models\\SimpleSliderItem','2024-01-06 17:16:03','2024-01-06 17:16:03'),(33,'subtitle','[\"Winter\"]',5,'Botble\\SimpleSlider\\Models\\SimpleSliderItem','2024-01-06 17:16:03','2024-01-06 17:16:03'),(34,'action_label','[\"Shop Now\"]',5,'Botble\\SimpleSlider\\Models\\SimpleSliderItem','2024-01-06 17:16:03','2024-01-06 17:16:03'),(35,'subtitle','[\"Winter\"]',6,'Botble\\SimpleSlider\\Models\\SimpleSliderItem','2024-01-06 17:16:03','2024-01-06 17:16:03'),(36,'action_label','[\"Shop Now\"]',6,'Botble\\SimpleSlider\\Models\\SimpleSliderItem','2024-01-06 17:16:03','2024-01-06 17:16:03'),(37,'subtitle','[null]',7,'Botble\\SimpleSlider\\Models\\SimpleSliderItem','2024-01-06 17:16:03','2024-01-06 17:16:03'),(38,'action_label','[\"Shop Now\"]',7,'Botble\\SimpleSlider\\Models\\SimpleSliderItem','2024-01-06 17:16:03','2024-01-06 17:16:03'),(39,'subtitle','[\"New Modern Stylist Fashionable Women\'s Wear holder\"]',8,'Botble\\SimpleSlider\\Models\\SimpleSliderItem','2024-01-06 17:16:03','2024-01-06 17:16:03'),(40,'action_label','[\"Shop Now\"]',8,'Botble\\SimpleSlider\\Models\\SimpleSliderItem','2024-01-06 17:16:03','2024-01-06 17:16:03'),(41,'subtitle','[\"New Modern Stylist Fashionable Women\'s Wear holder\"]',9,'Botble\\SimpleSlider\\Models\\SimpleSliderItem','2024-01-06 17:16:03','2024-01-06 17:16:03'),(42,'action_label','[\"Shop Now\"]',9,'Botble\\SimpleSlider\\Models\\SimpleSliderItem','2024-01-06 17:16:03','2024-01-06 17:16:03'),(43,'subtitle','[null]',10,'Botble\\SimpleSlider\\Models\\SimpleSliderItem','2024-01-06 17:16:03','2024-01-06 17:16:03'),(44,'action_label','[\"Shop Now\"]',10,'Botble\\SimpleSlider\\Models\\SimpleSliderItem','2024-01-06 17:16:03','2024-01-06 17:16:03'),(45,'subtitle','[null]',11,'Botble\\SimpleSlider\\Models\\SimpleSliderItem','2024-01-06 17:16:03','2024-01-06 17:16:03'),(46,'action_label','[\"Shop Now\"]',11,'Botble\\SimpleSlider\\Models\\SimpleSliderItem','2024-01-06 17:16:03','2024-01-06 17:16:03'),(47,'subtitle','[null]',12,'Botble\\SimpleSlider\\Models\\SimpleSliderItem','2024-01-06 17:16:03','2024-01-06 17:16:03'),(48,'action_label','[\"Shop Now\"]',12,'Botble\\SimpleSlider\\Models\\SimpleSliderItem','2024-01-06 17:16:03','2024-01-06 17:16:03'),(49,'subtitle','[null]',13,'Botble\\SimpleSlider\\Models\\SimpleSliderItem','2024-01-06 17:16:03','2024-01-06 17:16:03'),(50,'action_label','[\"Shop Now\"]',13,'Botble\\SimpleSlider\\Models\\SimpleSliderItem','2024-01-06 17:16:03','2024-01-06 17:16:03'),(51,'subtitle','[null]',14,'Botble\\SimpleSlider\\Models\\SimpleSliderItem','2024-01-06 17:16:03','2024-01-06 17:16:03'),(52,'action_label','[\"Shop Now\"]',14,'Botble\\SimpleSlider\\Models\\SimpleSliderItem','2024-01-06 17:16:03','2024-01-06 17:16:03'),(53,'subtitle','[null]',15,'Botble\\SimpleSlider\\Models\\SimpleSliderItem','2024-01-06 17:16:03','2024-01-06 17:16:03'),(54,'action_label','[\"Shop Now\"]',15,'Botble\\SimpleSlider\\Models\\SimpleSliderItem','2024-01-06 17:16:03','2024-01-06 17:16:03'),(55,'subtitle','[\"Collection\"]',3,'Botble\\Ads\\Models\\Ads','2024-01-06 17:16:04','2024-01-06 17:16:04'),(56,'subtitle','[\"New Modern Stylist Fashionable <br> Women\'s Wear holder\"]',4,'Botble\\Ads\\Models\\Ads','2024-01-06 17:16:04','2024-01-06 17:16:04'),(57,'subtitle','[\"Furniture\"]',5,'Botble\\Ads\\Models\\Ads','2024-01-06 17:16:04','2024-01-06 17:16:04'),(58,'subtitle','[\"100 Added\"]',6,'Botble\\Ads\\Models\\Ads','2024-01-06 17:16:04','2024-01-06 17:16:04'),(59,'subtitle','[\"-60% Offer\"]',7,'Botble\\Ads\\Models\\Ads','2024-01-06 17:16:05','2024-01-06 17:16:05'),(60,'subtitle','[\"Best Bakery Products\"]',8,'Botble\\Ads\\Models\\Ads','2024-01-06 17:16:05','2024-01-06 17:16:05'),(61,'subtitle','[\"Best Bakery Products\"]',9,'Botble\\Ads\\Models\\Ads','2024-01-06 17:16:05','2024-01-06 17:16:05'),(62,'faq_schema_config','[[[{\"key\":\"question\",\"value\":\"What Shipping Methods Are Available?\"},{\"key\":\"answer\",\"value\":\"Ex Portland Pitchfork irure mustache. Eutra fap before they sold out literally. Aliquip ugh bicycle rights actually mlkshk, seitan squid craft beer tempor.\"}],[{\"key\":\"question\",\"value\":\"Do You Ship Internationally?\"},{\"key\":\"answer\",\"value\":\"Hoodie tote bag mixtape tofu. Typewriter jean shorts wolf quinoa, messenger bag organic freegan cray.\"}],[{\"key\":\"question\",\"value\":\"How Long Will It Take To Get My Package?\"},{\"key\":\"answer\",\"value\":\"Swag slow-carb quinoa VHS typewriter pork belly brunch, paleo single-origin coffee Wes Anderson. Flexitarian Pitchfork forage, literally paleo fap pour-over. Wes Anderson Pinterest YOLO fanny pack meggings, deep v XOXO chambray sustainable slow-carb raw denim church-key fap chillwave Etsy. +1 typewriter kitsch, American Apparel tofu Banksy Vice.\"}],[{\"key\":\"question\",\"value\":\"What Payment Methods Are Accepted?\"},{\"key\":\"answer\",\"value\":\"Fashion axe DIY jean shorts, swag kale chips meh polaroid kogi butcher Wes Anderson chambray next level semiotics gentrify yr. Voluptate photo booth fugiat Vice. Austin sed Williamsburg, ea labore raw denim voluptate cred proident mixtape excepteur mustache. Twee chia photo booth readymade food truck, hoodie roof party swag keytar PBR DIY.\"}],[{\"key\":\"question\",\"value\":\"Is Buying On-Line Safe?\"},{\"key\":\"answer\",\"value\":\"Art party authentic freegan semiotics jean shorts chia cred. Neutra Austin roof party Brooklyn, synth Thundercats swag 8-bit photo booth. Plaid letterpress leggings craft beer meh ethical Pinterest.\"}]]]',1,'Botble\\Ecommerce\\Models\\Product','2024-01-06 17:16:12','2024-01-06 17:16:12'),(63,'faq_schema_config','[[[{\"key\":\"question\",\"value\":\"What Shipping Methods Are Available?\"},{\"key\":\"answer\",\"value\":\"Ex Portland Pitchfork irure mustache. Eutra fap before they sold out literally. Aliquip ugh bicycle rights actually mlkshk, seitan squid craft beer tempor.\"}],[{\"key\":\"question\",\"value\":\"Do You Ship Internationally?\"},{\"key\":\"answer\",\"value\":\"Hoodie tote bag mixtape tofu. Typewriter jean shorts wolf quinoa, messenger bag organic freegan cray.\"}],[{\"key\":\"question\",\"value\":\"How Long Will It Take To Get My Package?\"},{\"key\":\"answer\",\"value\":\"Swag slow-carb quinoa VHS typewriter pork belly brunch, paleo single-origin coffee Wes Anderson. Flexitarian Pitchfork forage, literally paleo fap pour-over. Wes Anderson Pinterest YOLO fanny pack meggings, deep v XOXO chambray sustainable slow-carb raw denim church-key fap chillwave Etsy. +1 typewriter kitsch, American Apparel tofu Banksy Vice.\"}],[{\"key\":\"question\",\"value\":\"What Payment Methods Are Accepted?\"},{\"key\":\"answer\",\"value\":\"Fashion axe DIY jean shorts, swag kale chips meh polaroid kogi butcher Wes Anderson chambray next level semiotics gentrify yr. Voluptate photo booth fugiat Vice. Austin sed Williamsburg, ea labore raw denim voluptate cred proident mixtape excepteur mustache. Twee chia photo booth readymade food truck, hoodie roof party swag keytar PBR DIY.\"}],[{\"key\":\"question\",\"value\":\"Is Buying On-Line Safe?\"},{\"key\":\"answer\",\"value\":\"Art party authentic freegan semiotics jean shorts chia cred. Neutra Austin roof party Brooklyn, synth Thundercats swag 8-bit photo booth. Plaid letterpress leggings craft beer meh ethical Pinterest.\"}]]]',2,'Botble\\Ecommerce\\Models\\Product','2024-01-06 17:16:12','2024-01-06 17:16:12'),(64,'faq_schema_config','[[[{\"key\":\"question\",\"value\":\"What Shipping Methods Are Available?\"},{\"key\":\"answer\",\"value\":\"Ex Portland Pitchfork irure mustache. Eutra fap before they sold out literally. Aliquip ugh bicycle rights actually mlkshk, seitan squid craft beer tempor.\"}],[{\"key\":\"question\",\"value\":\"Do You Ship Internationally?\"},{\"key\":\"answer\",\"value\":\"Hoodie tote bag mixtape tofu. Typewriter jean shorts wolf quinoa, messenger bag organic freegan cray.\"}],[{\"key\":\"question\",\"value\":\"How Long Will It Take To Get My Package?\"},{\"key\":\"answer\",\"value\":\"Swag slow-carb quinoa VHS typewriter pork belly brunch, paleo single-origin coffee Wes Anderson. Flexitarian Pitchfork forage, literally paleo fap pour-over. Wes Anderson Pinterest YOLO fanny pack meggings, deep v XOXO chambray sustainable slow-carb raw denim church-key fap chillwave Etsy. +1 typewriter kitsch, American Apparel tofu Banksy Vice.\"}],[{\"key\":\"question\",\"value\":\"What Payment Methods Are Accepted?\"},{\"key\":\"answer\",\"value\":\"Fashion axe DIY jean shorts, swag kale chips meh polaroid kogi butcher Wes Anderson chambray next level semiotics gentrify yr. Voluptate photo booth fugiat Vice. Austin sed Williamsburg, ea labore raw denim voluptate cred proident mixtape excepteur mustache. Twee chia photo booth readymade food truck, hoodie roof party swag keytar PBR DIY.\"}],[{\"key\":\"question\",\"value\":\"Is Buying On-Line Safe?\"},{\"key\":\"answer\",\"value\":\"Art party authentic freegan semiotics jean shorts chia cred. Neutra Austin roof party Brooklyn, synth Thundercats swag 8-bit photo booth. Plaid letterpress leggings craft beer meh ethical Pinterest.\"}]]]',3,'Botble\\Ecommerce\\Models\\Product','2024-01-06 17:16:12','2024-01-06 17:16:12'),(65,'faq_schema_config','[[[{\"key\":\"question\",\"value\":\"What Shipping Methods Are Available?\"},{\"key\":\"answer\",\"value\":\"Ex Portland Pitchfork irure mustache. Eutra fap before they sold out literally. Aliquip ugh bicycle rights actually mlkshk, seitan squid craft beer tempor.\"}],[{\"key\":\"question\",\"value\":\"Do You Ship Internationally?\"},{\"key\":\"answer\",\"value\":\"Hoodie tote bag mixtape tofu. Typewriter jean shorts wolf quinoa, messenger bag organic freegan cray.\"}],[{\"key\":\"question\",\"value\":\"How Long Will It Take To Get My Package?\"},{\"key\":\"answer\",\"value\":\"Swag slow-carb quinoa VHS typewriter pork belly brunch, paleo single-origin coffee Wes Anderson. Flexitarian Pitchfork forage, literally paleo fap pour-over. Wes Anderson Pinterest YOLO fanny pack meggings, deep v XOXO chambray sustainable slow-carb raw denim church-key fap chillwave Etsy. +1 typewriter kitsch, American Apparel tofu Banksy Vice.\"}],[{\"key\":\"question\",\"value\":\"What Payment Methods Are Accepted?\"},{\"key\":\"answer\",\"value\":\"Fashion axe DIY jean shorts, swag kale chips meh polaroid kogi butcher Wes Anderson chambray next level semiotics gentrify yr. Voluptate photo booth fugiat Vice. Austin sed Williamsburg, ea labore raw denim voluptate cred proident mixtape excepteur mustache. Twee chia photo booth readymade food truck, hoodie roof party swag keytar PBR DIY.\"}],[{\"key\":\"question\",\"value\":\"Is Buying On-Line Safe?\"},{\"key\":\"answer\",\"value\":\"Art party authentic freegan semiotics jean shorts chia cred. Neutra Austin roof party Brooklyn, synth Thundercats swag 8-bit photo booth. Plaid letterpress leggings craft beer meh ethical Pinterest.\"}]]]',4,'Botble\\Ecommerce\\Models\\Product','2024-01-06 17:16:12','2024-01-06 17:16:12'),(66,'faq_schema_config','[[[{\"key\":\"question\",\"value\":\"What Shipping Methods Are Available?\"},{\"key\":\"answer\",\"value\":\"Ex Portland Pitchfork irure mustache. Eutra fap before they sold out literally. Aliquip ugh bicycle rights actually mlkshk, seitan squid craft beer tempor.\"}],[{\"key\":\"question\",\"value\":\"Do You Ship Internationally?\"},{\"key\":\"answer\",\"value\":\"Hoodie tote bag mixtape tofu. Typewriter jean shorts wolf quinoa, messenger bag organic freegan cray.\"}],[{\"key\":\"question\",\"value\":\"How Long Will It Take To Get My Package?\"},{\"key\":\"answer\",\"value\":\"Swag slow-carb quinoa VHS typewriter pork belly brunch, paleo single-origin coffee Wes Anderson. Flexitarian Pitchfork forage, literally paleo fap pour-over. Wes Anderson Pinterest YOLO fanny pack meggings, deep v XOXO chambray sustainable slow-carb raw denim church-key fap chillwave Etsy. +1 typewriter kitsch, American Apparel tofu Banksy Vice.\"}],[{\"key\":\"question\",\"value\":\"What Payment Methods Are Accepted?\"},{\"key\":\"answer\",\"value\":\"Fashion axe DIY jean shorts, swag kale chips meh polaroid kogi butcher Wes Anderson chambray next level semiotics gentrify yr. Voluptate photo booth fugiat Vice. Austin sed Williamsburg, ea labore raw denim voluptate cred proident mixtape excepteur mustache. Twee chia photo booth readymade food truck, hoodie roof party swag keytar PBR DIY.\"}],[{\"key\":\"question\",\"value\":\"Is Buying On-Line Safe?\"},{\"key\":\"answer\",\"value\":\"Art party authentic freegan semiotics jean shorts chia cred. Neutra Austin roof party Brooklyn, synth Thundercats swag 8-bit photo booth. Plaid letterpress leggings craft beer meh ethical Pinterest.\"}]]]',5,'Botble\\Ecommerce\\Models\\Product','2024-01-06 17:16:12','2024-01-06 17:16:12'),(67,'faq_schema_config','[[[{\"key\":\"question\",\"value\":\"What Shipping Methods Are Available?\"},{\"key\":\"answer\",\"value\":\"Ex Portland Pitchfork irure mustache. Eutra fap before they sold out literally. Aliquip ugh bicycle rights actually mlkshk, seitan squid craft beer tempor.\"}],[{\"key\":\"question\",\"value\":\"Do You Ship Internationally?\"},{\"key\":\"answer\",\"value\":\"Hoodie tote bag mixtape tofu. Typewriter jean shorts wolf quinoa, messenger bag organic freegan cray.\"}],[{\"key\":\"question\",\"value\":\"How Long Will It Take To Get My Package?\"},{\"key\":\"answer\",\"value\":\"Swag slow-carb quinoa VHS typewriter pork belly brunch, paleo single-origin coffee Wes Anderson. Flexitarian Pitchfork forage, literally paleo fap pour-over. Wes Anderson Pinterest YOLO fanny pack meggings, deep v XOXO chambray sustainable slow-carb raw denim church-key fap chillwave Etsy. +1 typewriter kitsch, American Apparel tofu Banksy Vice.\"}],[{\"key\":\"question\",\"value\":\"What Payment Methods Are Accepted?\"},{\"key\":\"answer\",\"value\":\"Fashion axe DIY jean shorts, swag kale chips meh polaroid kogi butcher Wes Anderson chambray next level semiotics gentrify yr. Voluptate photo booth fugiat Vice. Austin sed Williamsburg, ea labore raw denim voluptate cred proident mixtape excepteur mustache. Twee chia photo booth readymade food truck, hoodie roof party swag keytar PBR DIY.\"}],[{\"key\":\"question\",\"value\":\"Is Buying On-Line Safe?\"},{\"key\":\"answer\",\"value\":\"Art party authentic freegan semiotics jean shorts chia cred. Neutra Austin roof party Brooklyn, synth Thundercats swag 8-bit photo booth. Plaid letterpress leggings craft beer meh ethical Pinterest.\"}]]]',6,'Botble\\Ecommerce\\Models\\Product','2024-01-06 17:16:12','2024-01-06 17:16:12'),(68,'faq_schema_config','[[[{\"key\":\"question\",\"value\":\"What Shipping Methods Are Available?\"},{\"key\":\"answer\",\"value\":\"Ex Portland Pitchfork irure mustache. Eutra fap before they sold out literally. Aliquip ugh bicycle rights actually mlkshk, seitan squid craft beer tempor.\"}],[{\"key\":\"question\",\"value\":\"Do You Ship Internationally?\"},{\"key\":\"answer\",\"value\":\"Hoodie tote bag mixtape tofu. Typewriter jean shorts wolf quinoa, messenger bag organic freegan cray.\"}],[{\"key\":\"question\",\"value\":\"How Long Will It Take To Get My Package?\"},{\"key\":\"answer\",\"value\":\"Swag slow-carb quinoa VHS typewriter pork belly brunch, paleo single-origin coffee Wes Anderson. Flexitarian Pitchfork forage, literally paleo fap pour-over. Wes Anderson Pinterest YOLO fanny pack meggings, deep v XOXO chambray sustainable slow-carb raw denim church-key fap chillwave Etsy. +1 typewriter kitsch, American Apparel tofu Banksy Vice.\"}],[{\"key\":\"question\",\"value\":\"What Payment Methods Are Accepted?\"},{\"key\":\"answer\",\"value\":\"Fashion axe DIY jean shorts, swag kale chips meh polaroid kogi butcher Wes Anderson chambray next level semiotics gentrify yr. Voluptate photo booth fugiat Vice. Austin sed Williamsburg, ea labore raw denim voluptate cred proident mixtape excepteur mustache. Twee chia photo booth readymade food truck, hoodie roof party swag keytar PBR DIY.\"}],[{\"key\":\"question\",\"value\":\"Is Buying On-Line Safe?\"},{\"key\":\"answer\",\"value\":\"Art party authentic freegan semiotics jean shorts chia cred. Neutra Austin roof party Brooklyn, synth Thundercats swag 8-bit photo booth. Plaid letterpress leggings craft beer meh ethical Pinterest.\"}]]]',7,'Botble\\Ecommerce\\Models\\Product','2024-01-06 17:16:12','2024-01-06 17:16:12'),(69,'faq_schema_config','[[[{\"key\":\"question\",\"value\":\"What Shipping Methods Are Available?\"},{\"key\":\"answer\",\"value\":\"Ex Portland Pitchfork irure mustache. Eutra fap before they sold out literally. Aliquip ugh bicycle rights actually mlkshk, seitan squid craft beer tempor.\"}],[{\"key\":\"question\",\"value\":\"Do You Ship Internationally?\"},{\"key\":\"answer\",\"value\":\"Hoodie tote bag mixtape tofu. Typewriter jean shorts wolf quinoa, messenger bag organic freegan cray.\"}],[{\"key\":\"question\",\"value\":\"How Long Will It Take To Get My Package?\"},{\"key\":\"answer\",\"value\":\"Swag slow-carb quinoa VHS typewriter pork belly brunch, paleo single-origin coffee Wes Anderson. Flexitarian Pitchfork forage, literally paleo fap pour-over. Wes Anderson Pinterest YOLO fanny pack meggings, deep v XOXO chambray sustainable slow-carb raw denim church-key fap chillwave Etsy. +1 typewriter kitsch, American Apparel tofu Banksy Vice.\"}],[{\"key\":\"question\",\"value\":\"What Payment Methods Are Accepted?\"},{\"key\":\"answer\",\"value\":\"Fashion axe DIY jean shorts, swag kale chips meh polaroid kogi butcher Wes Anderson chambray next level semiotics gentrify yr. Voluptate photo booth fugiat Vice. Austin sed Williamsburg, ea labore raw denim voluptate cred proident mixtape excepteur mustache. Twee chia photo booth readymade food truck, hoodie roof party swag keytar PBR DIY.\"}],[{\"key\":\"question\",\"value\":\"Is Buying On-Line Safe?\"},{\"key\":\"answer\",\"value\":\"Art party authentic freegan semiotics jean shorts chia cred. Neutra Austin roof party Brooklyn, synth Thundercats swag 8-bit photo booth. Plaid letterpress leggings craft beer meh ethical Pinterest.\"}]]]',8,'Botble\\Ecommerce\\Models\\Product','2024-01-06 17:16:12','2024-01-06 17:16:12'),(70,'faq_schema_config','[[[{\"key\":\"question\",\"value\":\"What Shipping Methods Are Available?\"},{\"key\":\"answer\",\"value\":\"Ex Portland Pitchfork irure mustache. Eutra fap before they sold out literally. Aliquip ugh bicycle rights actually mlkshk, seitan squid craft beer tempor.\"}],[{\"key\":\"question\",\"value\":\"Do You Ship Internationally?\"},{\"key\":\"answer\",\"value\":\"Hoodie tote bag mixtape tofu. Typewriter jean shorts wolf quinoa, messenger bag organic freegan cray.\"}],[{\"key\":\"question\",\"value\":\"How Long Will It Take To Get My Package?\"},{\"key\":\"answer\",\"value\":\"Swag slow-carb quinoa VHS typewriter pork belly brunch, paleo single-origin coffee Wes Anderson. Flexitarian Pitchfork forage, literally paleo fap pour-over. Wes Anderson Pinterest YOLO fanny pack meggings, deep v XOXO chambray sustainable slow-carb raw denim church-key fap chillwave Etsy. +1 typewriter kitsch, American Apparel tofu Banksy Vice.\"}],[{\"key\":\"question\",\"value\":\"What Payment Methods Are Accepted?\"},{\"key\":\"answer\",\"value\":\"Fashion axe DIY jean shorts, swag kale chips meh polaroid kogi butcher Wes Anderson chambray next level semiotics gentrify yr. Voluptate photo booth fugiat Vice. Austin sed Williamsburg, ea labore raw denim voluptate cred proident mixtape excepteur mustache. Twee chia photo booth readymade food truck, hoodie roof party swag keytar PBR DIY.\"}],[{\"key\":\"question\",\"value\":\"Is Buying On-Line Safe?\"},{\"key\":\"answer\",\"value\":\"Art party authentic freegan semiotics jean shorts chia cred. Neutra Austin roof party Brooklyn, synth Thundercats swag 8-bit photo booth. Plaid letterpress leggings craft beer meh ethical Pinterest.\"}]]]',9,'Botble\\Ecommerce\\Models\\Product','2024-01-06 17:16:12','2024-01-06 17:16:12'),(71,'faq_schema_config','[[[{\"key\":\"question\",\"value\":\"What Shipping Methods Are Available?\"},{\"key\":\"answer\",\"value\":\"Ex Portland Pitchfork irure mustache. Eutra fap before they sold out literally. Aliquip ugh bicycle rights actually mlkshk, seitan squid craft beer tempor.\"}],[{\"key\":\"question\",\"value\":\"Do You Ship Internationally?\"},{\"key\":\"answer\",\"value\":\"Hoodie tote bag mixtape tofu. Typewriter jean shorts wolf quinoa, messenger bag organic freegan cray.\"}],[{\"key\":\"question\",\"value\":\"How Long Will It Take To Get My Package?\"},{\"key\":\"answer\",\"value\":\"Swag slow-carb quinoa VHS typewriter pork belly brunch, paleo single-origin coffee Wes Anderson. Flexitarian Pitchfork forage, literally paleo fap pour-over. Wes Anderson Pinterest YOLO fanny pack meggings, deep v XOXO chambray sustainable slow-carb raw denim church-key fap chillwave Etsy. +1 typewriter kitsch, American Apparel tofu Banksy Vice.\"}],[{\"key\":\"question\",\"value\":\"What Payment Methods Are Accepted?\"},{\"key\":\"answer\",\"value\":\"Fashion axe DIY jean shorts, swag kale chips meh polaroid kogi butcher Wes Anderson chambray next level semiotics gentrify yr. Voluptate photo booth fugiat Vice. Austin sed Williamsburg, ea labore raw denim voluptate cred proident mixtape excepteur mustache. Twee chia photo booth readymade food truck, hoodie roof party swag keytar PBR DIY.\"}],[{\"key\":\"question\",\"value\":\"Is Buying On-Line Safe?\"},{\"key\":\"answer\",\"value\":\"Art party authentic freegan semiotics jean shorts chia cred. Neutra Austin roof party Brooklyn, synth Thundercats swag 8-bit photo booth. Plaid letterpress leggings craft beer meh ethical Pinterest.\"}]]]',10,'Botble\\Ecommerce\\Models\\Product','2024-01-06 17:16:12','2024-01-06 17:16:12'),(72,'faq_schema_config','[[[{\"key\":\"question\",\"value\":\"What Shipping Methods Are Available?\"},{\"key\":\"answer\",\"value\":\"Ex Portland Pitchfork irure mustache. Eutra fap before they sold out literally. Aliquip ugh bicycle rights actually mlkshk, seitan squid craft beer tempor.\"}],[{\"key\":\"question\",\"value\":\"Do You Ship Internationally?\"},{\"key\":\"answer\",\"value\":\"Hoodie tote bag mixtape tofu. Typewriter jean shorts wolf quinoa, messenger bag organic freegan cray.\"}],[{\"key\":\"question\",\"value\":\"How Long Will It Take To Get My Package?\"},{\"key\":\"answer\",\"value\":\"Swag slow-carb quinoa VHS typewriter pork belly brunch, paleo single-origin coffee Wes Anderson. Flexitarian Pitchfork forage, literally paleo fap pour-over. Wes Anderson Pinterest YOLO fanny pack meggings, deep v XOXO chambray sustainable slow-carb raw denim church-key fap chillwave Etsy. +1 typewriter kitsch, American Apparel tofu Banksy Vice.\"}],[{\"key\":\"question\",\"value\":\"What Payment Methods Are Accepted?\"},{\"key\":\"answer\",\"value\":\"Fashion axe DIY jean shorts, swag kale chips meh polaroid kogi butcher Wes Anderson chambray next level semiotics gentrify yr. Voluptate photo booth fugiat Vice. Austin sed Williamsburg, ea labore raw denim voluptate cred proident mixtape excepteur mustache. Twee chia photo booth readymade food truck, hoodie roof party swag keytar PBR DIY.\"}],[{\"key\":\"question\",\"value\":\"Is Buying On-Line Safe?\"},{\"key\":\"answer\",\"value\":\"Art party authentic freegan semiotics jean shorts chia cred. Neutra Austin roof party Brooklyn, synth Thundercats swag 8-bit photo booth. Plaid letterpress leggings craft beer meh ethical Pinterest.\"}]]]',11,'Botble\\Ecommerce\\Models\\Product','2024-01-06 17:16:12','2024-01-06 17:16:12'),(73,'faq_schema_config','[[[{\"key\":\"question\",\"value\":\"What Shipping Methods Are Available?\"},{\"key\":\"answer\",\"value\":\"Ex Portland Pitchfork irure mustache. Eutra fap before they sold out literally. Aliquip ugh bicycle rights actually mlkshk, seitan squid craft beer tempor.\"}],[{\"key\":\"question\",\"value\":\"Do You Ship Internationally?\"},{\"key\":\"answer\",\"value\":\"Hoodie tote bag mixtape tofu. Typewriter jean shorts wolf quinoa, messenger bag organic freegan cray.\"}],[{\"key\":\"question\",\"value\":\"How Long Will It Take To Get My Package?\"},{\"key\":\"answer\",\"value\":\"Swag slow-carb quinoa VHS typewriter pork belly brunch, paleo single-origin coffee Wes Anderson. Flexitarian Pitchfork forage, literally paleo fap pour-over. Wes Anderson Pinterest YOLO fanny pack meggings, deep v XOXO chambray sustainable slow-carb raw denim church-key fap chillwave Etsy. +1 typewriter kitsch, American Apparel tofu Banksy Vice.\"}],[{\"key\":\"question\",\"value\":\"What Payment Methods Are Accepted?\"},{\"key\":\"answer\",\"value\":\"Fashion axe DIY jean shorts, swag kale chips meh polaroid kogi butcher Wes Anderson chambray next level semiotics gentrify yr. Voluptate photo booth fugiat Vice. Austin sed Williamsburg, ea labore raw denim voluptate cred proident mixtape excepteur mustache. Twee chia photo booth readymade food truck, hoodie roof party swag keytar PBR DIY.\"}],[{\"key\":\"question\",\"value\":\"Is Buying On-Line Safe?\"},{\"key\":\"answer\",\"value\":\"Art party authentic freegan semiotics jean shorts chia cred. Neutra Austin roof party Brooklyn, synth Thundercats swag 8-bit photo booth. Plaid letterpress leggings craft beer meh ethical Pinterest.\"}]]]',12,'Botble\\Ecommerce\\Models\\Product','2024-01-06 17:16:12','2024-01-06 17:16:12'),(74,'faq_schema_config','[[[{\"key\":\"question\",\"value\":\"What Shipping Methods Are Available?\"},{\"key\":\"answer\",\"value\":\"Ex Portland Pitchfork irure mustache. Eutra fap before they sold out literally. Aliquip ugh bicycle rights actually mlkshk, seitan squid craft beer tempor.\"}],[{\"key\":\"question\",\"value\":\"Do You Ship Internationally?\"},{\"key\":\"answer\",\"value\":\"Hoodie tote bag mixtape tofu. Typewriter jean shorts wolf quinoa, messenger bag organic freegan cray.\"}],[{\"key\":\"question\",\"value\":\"How Long Will It Take To Get My Package?\"},{\"key\":\"answer\",\"value\":\"Swag slow-carb quinoa VHS typewriter pork belly brunch, paleo single-origin coffee Wes Anderson. Flexitarian Pitchfork forage, literally paleo fap pour-over. Wes Anderson Pinterest YOLO fanny pack meggings, deep v XOXO chambray sustainable slow-carb raw denim church-key fap chillwave Etsy. +1 typewriter kitsch, American Apparel tofu Banksy Vice.\"}],[{\"key\":\"question\",\"value\":\"What Payment Methods Are Accepted?\"},{\"key\":\"answer\",\"value\":\"Fashion axe DIY jean shorts, swag kale chips meh polaroid kogi butcher Wes Anderson chambray next level semiotics gentrify yr. Voluptate photo booth fugiat Vice. Austin sed Williamsburg, ea labore raw denim voluptate cred proident mixtape excepteur mustache. Twee chia photo booth readymade food truck, hoodie roof party swag keytar PBR DIY.\"}],[{\"key\":\"question\",\"value\":\"Is Buying On-Line Safe?\"},{\"key\":\"answer\",\"value\":\"Art party authentic freegan semiotics jean shorts chia cred. Neutra Austin roof party Brooklyn, synth Thundercats swag 8-bit photo booth. Plaid letterpress leggings craft beer meh ethical Pinterest.\"}]]]',13,'Botble\\Ecommerce\\Models\\Product','2024-01-06 17:16:12','2024-01-06 17:16:12'),(75,'faq_schema_config','[[[{\"key\":\"question\",\"value\":\"What Shipping Methods Are Available?\"},{\"key\":\"answer\",\"value\":\"Ex Portland Pitchfork irure mustache. Eutra fap before they sold out literally. Aliquip ugh bicycle rights actually mlkshk, seitan squid craft beer tempor.\"}],[{\"key\":\"question\",\"value\":\"Do You Ship Internationally?\"},{\"key\":\"answer\",\"value\":\"Hoodie tote bag mixtape tofu. Typewriter jean shorts wolf quinoa, messenger bag organic freegan cray.\"}],[{\"key\":\"question\",\"value\":\"How Long Will It Take To Get My Package?\"},{\"key\":\"answer\",\"value\":\"Swag slow-carb quinoa VHS typewriter pork belly brunch, paleo single-origin coffee Wes Anderson. Flexitarian Pitchfork forage, literally paleo fap pour-over. Wes Anderson Pinterest YOLO fanny pack meggings, deep v XOXO chambray sustainable slow-carb raw denim church-key fap chillwave Etsy. +1 typewriter kitsch, American Apparel tofu Banksy Vice.\"}],[{\"key\":\"question\",\"value\":\"What Payment Methods Are Accepted?\"},{\"key\":\"answer\",\"value\":\"Fashion axe DIY jean shorts, swag kale chips meh polaroid kogi butcher Wes Anderson chambray next level semiotics gentrify yr. Voluptate photo booth fugiat Vice. Austin sed Williamsburg, ea labore raw denim voluptate cred proident mixtape excepteur mustache. Twee chia photo booth readymade food truck, hoodie roof party swag keytar PBR DIY.\"}],[{\"key\":\"question\",\"value\":\"Is Buying On-Line Safe?\"},{\"key\":\"answer\",\"value\":\"Art party authentic freegan semiotics jean shorts chia cred. Neutra Austin roof party Brooklyn, synth Thundercats swag 8-bit photo booth. Plaid letterpress leggings craft beer meh ethical Pinterest.\"}]]]',14,'Botble\\Ecommerce\\Models\\Product','2024-01-06 17:16:12','2024-01-06 17:16:12'),(76,'faq_schema_config','[[[{\"key\":\"question\",\"value\":\"What Shipping Methods Are Available?\"},{\"key\":\"answer\",\"value\":\"Ex Portland Pitchfork irure mustache. Eutra fap before they sold out literally. Aliquip ugh bicycle rights actually mlkshk, seitan squid craft beer tempor.\"}],[{\"key\":\"question\",\"value\":\"Do You Ship Internationally?\"},{\"key\":\"answer\",\"value\":\"Hoodie tote bag mixtape tofu. Typewriter jean shorts wolf quinoa, messenger bag organic freegan cray.\"}],[{\"key\":\"question\",\"value\":\"How Long Will It Take To Get My Package?\"},{\"key\":\"answer\",\"value\":\"Swag slow-carb quinoa VHS typewriter pork belly brunch, paleo single-origin coffee Wes Anderson. Flexitarian Pitchfork forage, literally paleo fap pour-over. Wes Anderson Pinterest YOLO fanny pack meggings, deep v XOXO chambray sustainable slow-carb raw denim church-key fap chillwave Etsy. +1 typewriter kitsch, American Apparel tofu Banksy Vice.\"}],[{\"key\":\"question\",\"value\":\"What Payment Methods Are Accepted?\"},{\"key\":\"answer\",\"value\":\"Fashion axe DIY jean shorts, swag kale chips meh polaroid kogi butcher Wes Anderson chambray next level semiotics gentrify yr. Voluptate photo booth fugiat Vice. Austin sed Williamsburg, ea labore raw denim voluptate cred proident mixtape excepteur mustache. Twee chia photo booth readymade food truck, hoodie roof party swag keytar PBR DIY.\"}],[{\"key\":\"question\",\"value\":\"Is Buying On-Line Safe?\"},{\"key\":\"answer\",\"value\":\"Art party authentic freegan semiotics jean shorts chia cred. Neutra Austin roof party Brooklyn, synth Thundercats swag 8-bit photo booth. Plaid letterpress leggings craft beer meh ethical Pinterest.\"}]]]',15,'Botble\\Ecommerce\\Models\\Product','2024-01-06 17:16:12','2024-01-06 17:16:12'),(77,'faq_schema_config','[[[{\"key\":\"question\",\"value\":\"What Shipping Methods Are Available?\"},{\"key\":\"answer\",\"value\":\"Ex Portland Pitchfork irure mustache. Eutra fap before they sold out literally. Aliquip ugh bicycle rights actually mlkshk, seitan squid craft beer tempor.\"}],[{\"key\":\"question\",\"value\":\"Do You Ship Internationally?\"},{\"key\":\"answer\",\"value\":\"Hoodie tote bag mixtape tofu. Typewriter jean shorts wolf quinoa, messenger bag organic freegan cray.\"}],[{\"key\":\"question\",\"value\":\"How Long Will It Take To Get My Package?\"},{\"key\":\"answer\",\"value\":\"Swag slow-carb quinoa VHS typewriter pork belly brunch, paleo single-origin coffee Wes Anderson. Flexitarian Pitchfork forage, literally paleo fap pour-over. Wes Anderson Pinterest YOLO fanny pack meggings, deep v XOXO chambray sustainable slow-carb raw denim church-key fap chillwave Etsy. +1 typewriter kitsch, American Apparel tofu Banksy Vice.\"}],[{\"key\":\"question\",\"value\":\"What Payment Methods Are Accepted?\"},{\"key\":\"answer\",\"value\":\"Fashion axe DIY jean shorts, swag kale chips meh polaroid kogi butcher Wes Anderson chambray next level semiotics gentrify yr. Voluptate photo booth fugiat Vice. Austin sed Williamsburg, ea labore raw denim voluptate cred proident mixtape excepteur mustache. Twee chia photo booth readymade food truck, hoodie roof party swag keytar PBR DIY.\"}],[{\"key\":\"question\",\"value\":\"Is Buying On-Line Safe?\"},{\"key\":\"answer\",\"value\":\"Art party authentic freegan semiotics jean shorts chia cred. Neutra Austin roof party Brooklyn, synth Thundercats swag 8-bit photo booth. Plaid letterpress leggings craft beer meh ethical Pinterest.\"}]]]',16,'Botble\\Ecommerce\\Models\\Product','2024-01-06 17:16:12','2024-01-06 17:16:12'),(78,'faq_schema_config','[[[{\"key\":\"question\",\"value\":\"What Shipping Methods Are Available?\"},{\"key\":\"answer\",\"value\":\"Ex Portland Pitchfork irure mustache. Eutra fap before they sold out literally. Aliquip ugh bicycle rights actually mlkshk, seitan squid craft beer tempor.\"}],[{\"key\":\"question\",\"value\":\"Do You Ship Internationally?\"},{\"key\":\"answer\",\"value\":\"Hoodie tote bag mixtape tofu. Typewriter jean shorts wolf quinoa, messenger bag organic freegan cray.\"}],[{\"key\":\"question\",\"value\":\"How Long Will It Take To Get My Package?\"},{\"key\":\"answer\",\"value\":\"Swag slow-carb quinoa VHS typewriter pork belly brunch, paleo single-origin coffee Wes Anderson. Flexitarian Pitchfork forage, literally paleo fap pour-over. Wes Anderson Pinterest YOLO fanny pack meggings, deep v XOXO chambray sustainable slow-carb raw denim church-key fap chillwave Etsy. +1 typewriter kitsch, American Apparel tofu Banksy Vice.\"}],[{\"key\":\"question\",\"value\":\"What Payment Methods Are Accepted?\"},{\"key\":\"answer\",\"value\":\"Fashion axe DIY jean shorts, swag kale chips meh polaroid kogi butcher Wes Anderson chambray next level semiotics gentrify yr. Voluptate photo booth fugiat Vice. Austin sed Williamsburg, ea labore raw denim voluptate cred proident mixtape excepteur mustache. Twee chia photo booth readymade food truck, hoodie roof party swag keytar PBR DIY.\"}],[{\"key\":\"question\",\"value\":\"Is Buying On-Line Safe?\"},{\"key\":\"answer\",\"value\":\"Art party authentic freegan semiotics jean shorts chia cred. Neutra Austin roof party Brooklyn, synth Thundercats swag 8-bit photo booth. Plaid letterpress leggings craft beer meh ethical Pinterest.\"}]]]',17,'Botble\\Ecommerce\\Models\\Product','2024-01-06 17:16:12','2024-01-06 17:16:12'),(79,'faq_schema_config','[[[{\"key\":\"question\",\"value\":\"What Shipping Methods Are Available?\"},{\"key\":\"answer\",\"value\":\"Ex Portland Pitchfork irure mustache. Eutra fap before they sold out literally. Aliquip ugh bicycle rights actually mlkshk, seitan squid craft beer tempor.\"}],[{\"key\":\"question\",\"value\":\"Do You Ship Internationally?\"},{\"key\":\"answer\",\"value\":\"Hoodie tote bag mixtape tofu. Typewriter jean shorts wolf quinoa, messenger bag organic freegan cray.\"}],[{\"key\":\"question\",\"value\":\"How Long Will It Take To Get My Package?\"},{\"key\":\"answer\",\"value\":\"Swag slow-carb quinoa VHS typewriter pork belly brunch, paleo single-origin coffee Wes Anderson. Flexitarian Pitchfork forage, literally paleo fap pour-over. Wes Anderson Pinterest YOLO fanny pack meggings, deep v XOXO chambray sustainable slow-carb raw denim church-key fap chillwave Etsy. +1 typewriter kitsch, American Apparel tofu Banksy Vice.\"}],[{\"key\":\"question\",\"value\":\"What Payment Methods Are Accepted?\"},{\"key\":\"answer\",\"value\":\"Fashion axe DIY jean shorts, swag kale chips meh polaroid kogi butcher Wes Anderson chambray next level semiotics gentrify yr. Voluptate photo booth fugiat Vice. Austin sed Williamsburg, ea labore raw denim voluptate cred proident mixtape excepteur mustache. Twee chia photo booth readymade food truck, hoodie roof party swag keytar PBR DIY.\"}],[{\"key\":\"question\",\"value\":\"Is Buying On-Line Safe?\"},{\"key\":\"answer\",\"value\":\"Art party authentic freegan semiotics jean shorts chia cred. Neutra Austin roof party Brooklyn, synth Thundercats swag 8-bit photo booth. Plaid letterpress leggings craft beer meh ethical Pinterest.\"}]]]',18,'Botble\\Ecommerce\\Models\\Product','2024-01-06 17:16:12','2024-01-06 17:16:12'),(80,'faq_schema_config','[[[{\"key\":\"question\",\"value\":\"What Shipping Methods Are Available?\"},{\"key\":\"answer\",\"value\":\"Ex Portland Pitchfork irure mustache. Eutra fap before they sold out literally. Aliquip ugh bicycle rights actually mlkshk, seitan squid craft beer tempor.\"}],[{\"key\":\"question\",\"value\":\"Do You Ship Internationally?\"},{\"key\":\"answer\",\"value\":\"Hoodie tote bag mixtape tofu. Typewriter jean shorts wolf quinoa, messenger bag organic freegan cray.\"}],[{\"key\":\"question\",\"value\":\"How Long Will It Take To Get My Package?\"},{\"key\":\"answer\",\"value\":\"Swag slow-carb quinoa VHS typewriter pork belly brunch, paleo single-origin coffee Wes Anderson. Flexitarian Pitchfork forage, literally paleo fap pour-over. Wes Anderson Pinterest YOLO fanny pack meggings, deep v XOXO chambray sustainable slow-carb raw denim church-key fap chillwave Etsy. +1 typewriter kitsch, American Apparel tofu Banksy Vice.\"}],[{\"key\":\"question\",\"value\":\"What Payment Methods Are Accepted?\"},{\"key\":\"answer\",\"value\":\"Fashion axe DIY jean shorts, swag kale chips meh polaroid kogi butcher Wes Anderson chambray next level semiotics gentrify yr. Voluptate photo booth fugiat Vice. Austin sed Williamsburg, ea labore raw denim voluptate cred proident mixtape excepteur mustache. Twee chia photo booth readymade food truck, hoodie roof party swag keytar PBR DIY.\"}],[{\"key\":\"question\",\"value\":\"Is Buying On-Line Safe?\"},{\"key\":\"answer\",\"value\":\"Art party authentic freegan semiotics jean shorts chia cred. Neutra Austin roof party Brooklyn, synth Thundercats swag 8-bit photo booth. Plaid letterpress leggings craft beer meh ethical Pinterest.\"}]]]',19,'Botble\\Ecommerce\\Models\\Product','2024-01-06 17:16:12','2024-01-06 17:16:12'),(81,'faq_schema_config','[[[{\"key\":\"question\",\"value\":\"What Shipping Methods Are Available?\"},{\"key\":\"answer\",\"value\":\"Ex Portland Pitchfork irure mustache. Eutra fap before they sold out literally. Aliquip ugh bicycle rights actually mlkshk, seitan squid craft beer tempor.\"}],[{\"key\":\"question\",\"value\":\"Do You Ship Internationally?\"},{\"key\":\"answer\",\"value\":\"Hoodie tote bag mixtape tofu. Typewriter jean shorts wolf quinoa, messenger bag organic freegan cray.\"}],[{\"key\":\"question\",\"value\":\"How Long Will It Take To Get My Package?\"},{\"key\":\"answer\",\"value\":\"Swag slow-carb quinoa VHS typewriter pork belly brunch, paleo single-origin coffee Wes Anderson. Flexitarian Pitchfork forage, literally paleo fap pour-over. Wes Anderson Pinterest YOLO fanny pack meggings, deep v XOXO chambray sustainable slow-carb raw denim church-key fap chillwave Etsy. +1 typewriter kitsch, American Apparel tofu Banksy Vice.\"}],[{\"key\":\"question\",\"value\":\"What Payment Methods Are Accepted?\"},{\"key\":\"answer\",\"value\":\"Fashion axe DIY jean shorts, swag kale chips meh polaroid kogi butcher Wes Anderson chambray next level semiotics gentrify yr. Voluptate photo booth fugiat Vice. Austin sed Williamsburg, ea labore raw denim voluptate cred proident mixtape excepteur mustache. Twee chia photo booth readymade food truck, hoodie roof party swag keytar PBR DIY.\"}],[{\"key\":\"question\",\"value\":\"Is Buying On-Line Safe?\"},{\"key\":\"answer\",\"value\":\"Art party authentic freegan semiotics jean shorts chia cred. Neutra Austin roof party Brooklyn, synth Thundercats swag 8-bit photo booth. Plaid letterpress leggings craft beer meh ethical Pinterest.\"}]]]',20,'Botble\\Ecommerce\\Models\\Product','2024-01-06 17:16:13','2024-01-06 17:16:13'),(82,'faq_schema_config','[[[{\"key\":\"question\",\"value\":\"What Shipping Methods Are Available?\"},{\"key\":\"answer\",\"value\":\"Ex Portland Pitchfork irure mustache. Eutra fap before they sold out literally. Aliquip ugh bicycle rights actually mlkshk, seitan squid craft beer tempor.\"}],[{\"key\":\"question\",\"value\":\"Do You Ship Internationally?\"},{\"key\":\"answer\",\"value\":\"Hoodie tote bag mixtape tofu. Typewriter jean shorts wolf quinoa, messenger bag organic freegan cray.\"}],[{\"key\":\"question\",\"value\":\"How Long Will It Take To Get My Package?\"},{\"key\":\"answer\",\"value\":\"Swag slow-carb quinoa VHS typewriter pork belly brunch, paleo single-origin coffee Wes Anderson. Flexitarian Pitchfork forage, literally paleo fap pour-over. Wes Anderson Pinterest YOLO fanny pack meggings, deep v XOXO chambray sustainable slow-carb raw denim church-key fap chillwave Etsy. +1 typewriter kitsch, American Apparel tofu Banksy Vice.\"}],[{\"key\":\"question\",\"value\":\"What Payment Methods Are Accepted?\"},{\"key\":\"answer\",\"value\":\"Fashion axe DIY jean shorts, swag kale chips meh polaroid kogi butcher Wes Anderson chambray next level semiotics gentrify yr. Voluptate photo booth fugiat Vice. Austin sed Williamsburg, ea labore raw denim voluptate cred proident mixtape excepteur mustache. Twee chia photo booth readymade food truck, hoodie roof party swag keytar PBR DIY.\"}],[{\"key\":\"question\",\"value\":\"Is Buying On-Line Safe?\"},{\"key\":\"answer\",\"value\":\"Art party authentic freegan semiotics jean shorts chia cred. Neutra Austin roof party Brooklyn, synth Thundercats swag 8-bit photo booth. Plaid letterpress leggings craft beer meh ethical Pinterest.\"}]]]',21,'Botble\\Ecommerce\\Models\\Product','2024-01-06 17:16:13','2024-01-06 17:16:13'),(83,'faq_schema_config','[[[{\"key\":\"question\",\"value\":\"What Shipping Methods Are Available?\"},{\"key\":\"answer\",\"value\":\"Ex Portland Pitchfork irure mustache. Eutra fap before they sold out literally. Aliquip ugh bicycle rights actually mlkshk, seitan squid craft beer tempor.\"}],[{\"key\":\"question\",\"value\":\"Do You Ship Internationally?\"},{\"key\":\"answer\",\"value\":\"Hoodie tote bag mixtape tofu. Typewriter jean shorts wolf quinoa, messenger bag organic freegan cray.\"}],[{\"key\":\"question\",\"value\":\"How Long Will It Take To Get My Package?\"},{\"key\":\"answer\",\"value\":\"Swag slow-carb quinoa VHS typewriter pork belly brunch, paleo single-origin coffee Wes Anderson. Flexitarian Pitchfork forage, literally paleo fap pour-over. Wes Anderson Pinterest YOLO fanny pack meggings, deep v XOXO chambray sustainable slow-carb raw denim church-key fap chillwave Etsy. +1 typewriter kitsch, American Apparel tofu Banksy Vice.\"}],[{\"key\":\"question\",\"value\":\"What Payment Methods Are Accepted?\"},{\"key\":\"answer\",\"value\":\"Fashion axe DIY jean shorts, swag kale chips meh polaroid kogi butcher Wes Anderson chambray next level semiotics gentrify yr. Voluptate photo booth fugiat Vice. Austin sed Williamsburg, ea labore raw denim voluptate cred proident mixtape excepteur mustache. Twee chia photo booth readymade food truck, hoodie roof party swag keytar PBR DIY.\"}],[{\"key\":\"question\",\"value\":\"Is Buying On-Line Safe?\"},{\"key\":\"answer\",\"value\":\"Art party authentic freegan semiotics jean shorts chia cred. Neutra Austin roof party Brooklyn, synth Thundercats swag 8-bit photo booth. Plaid letterpress leggings craft beer meh ethical Pinterest.\"}]]]',22,'Botble\\Ecommerce\\Models\\Product','2024-01-06 17:16:13','2024-01-06 17:16:13'),(84,'faq_schema_config','[[[{\"key\":\"question\",\"value\":\"What Shipping Methods Are Available?\"},{\"key\":\"answer\",\"value\":\"Ex Portland Pitchfork irure mustache. Eutra fap before they sold out literally. Aliquip ugh bicycle rights actually mlkshk, seitan squid craft beer tempor.\"}],[{\"key\":\"question\",\"value\":\"Do You Ship Internationally?\"},{\"key\":\"answer\",\"value\":\"Hoodie tote bag mixtape tofu. Typewriter jean shorts wolf quinoa, messenger bag organic freegan cray.\"}],[{\"key\":\"question\",\"value\":\"How Long Will It Take To Get My Package?\"},{\"key\":\"answer\",\"value\":\"Swag slow-carb quinoa VHS typewriter pork belly brunch, paleo single-origin coffee Wes Anderson. Flexitarian Pitchfork forage, literally paleo fap pour-over. Wes Anderson Pinterest YOLO fanny pack meggings, deep v XOXO chambray sustainable slow-carb raw denim church-key fap chillwave Etsy. +1 typewriter kitsch, American Apparel tofu Banksy Vice.\"}],[{\"key\":\"question\",\"value\":\"What Payment Methods Are Accepted?\"},{\"key\":\"answer\",\"value\":\"Fashion axe DIY jean shorts, swag kale chips meh polaroid kogi butcher Wes Anderson chambray next level semiotics gentrify yr. Voluptate photo booth fugiat Vice. Austin sed Williamsburg, ea labore raw denim voluptate cred proident mixtape excepteur mustache. Twee chia photo booth readymade food truck, hoodie roof party swag keytar PBR DIY.\"}],[{\"key\":\"question\",\"value\":\"Is Buying On-Line Safe?\"},{\"key\":\"answer\",\"value\":\"Art party authentic freegan semiotics jean shorts chia cred. Neutra Austin roof party Brooklyn, synth Thundercats swag 8-bit photo booth. Plaid letterpress leggings craft beer meh ethical Pinterest.\"}]]]',23,'Botble\\Ecommerce\\Models\\Product','2024-01-06 17:16:13','2024-01-06 17:16:13'),(85,'faq_schema_config','[[[{\"key\":\"question\",\"value\":\"What Shipping Methods Are Available?\"},{\"key\":\"answer\",\"value\":\"Ex Portland Pitchfork irure mustache. Eutra fap before they sold out literally. Aliquip ugh bicycle rights actually mlkshk, seitan squid craft beer tempor.\"}],[{\"key\":\"question\",\"value\":\"Do You Ship Internationally?\"},{\"key\":\"answer\",\"value\":\"Hoodie tote bag mixtape tofu. Typewriter jean shorts wolf quinoa, messenger bag organic freegan cray.\"}],[{\"key\":\"question\",\"value\":\"How Long Will It Take To Get My Package?\"},{\"key\":\"answer\",\"value\":\"Swag slow-carb quinoa VHS typewriter pork belly brunch, paleo single-origin coffee Wes Anderson. Flexitarian Pitchfork forage, literally paleo fap pour-over. Wes Anderson Pinterest YOLO fanny pack meggings, deep v XOXO chambray sustainable slow-carb raw denim church-key fap chillwave Etsy. +1 typewriter kitsch, American Apparel tofu Banksy Vice.\"}],[{\"key\":\"question\",\"value\":\"What Payment Methods Are Accepted?\"},{\"key\":\"answer\",\"value\":\"Fashion axe DIY jean shorts, swag kale chips meh polaroid kogi butcher Wes Anderson chambray next level semiotics gentrify yr. Voluptate photo booth fugiat Vice. Austin sed Williamsburg, ea labore raw denim voluptate cred proident mixtape excepteur mustache. Twee chia photo booth readymade food truck, hoodie roof party swag keytar PBR DIY.\"}],[{\"key\":\"question\",\"value\":\"Is Buying On-Line Safe?\"},{\"key\":\"answer\",\"value\":\"Art party authentic freegan semiotics jean shorts chia cred. Neutra Austin roof party Brooklyn, synth Thundercats swag 8-bit photo booth. Plaid letterpress leggings craft beer meh ethical Pinterest.\"}]]]',24,'Botble\\Ecommerce\\Models\\Product','2024-01-06 17:16:13','2024-01-06 17:16:13'),(86,'faq_schema_config','[[[{\"key\":\"question\",\"value\":\"What Shipping Methods Are Available?\"},{\"key\":\"answer\",\"value\":\"Ex Portland Pitchfork irure mustache. Eutra fap before they sold out literally. Aliquip ugh bicycle rights actually mlkshk, seitan squid craft beer tempor.\"}],[{\"key\":\"question\",\"value\":\"Do You Ship Internationally?\"},{\"key\":\"answer\",\"value\":\"Hoodie tote bag mixtape tofu. Typewriter jean shorts wolf quinoa, messenger bag organic freegan cray.\"}],[{\"key\":\"question\",\"value\":\"How Long Will It Take To Get My Package?\"},{\"key\":\"answer\",\"value\":\"Swag slow-carb quinoa VHS typewriter pork belly brunch, paleo single-origin coffee Wes Anderson. Flexitarian Pitchfork forage, literally paleo fap pour-over. Wes Anderson Pinterest YOLO fanny pack meggings, deep v XOXO chambray sustainable slow-carb raw denim church-key fap chillwave Etsy. +1 typewriter kitsch, American Apparel tofu Banksy Vice.\"}],[{\"key\":\"question\",\"value\":\"What Payment Methods Are Accepted?\"},{\"key\":\"answer\",\"value\":\"Fashion axe DIY jean shorts, swag kale chips meh polaroid kogi butcher Wes Anderson chambray next level semiotics gentrify yr. Voluptate photo booth fugiat Vice. Austin sed Williamsburg, ea labore raw denim voluptate cred proident mixtape excepteur mustache. Twee chia photo booth readymade food truck, hoodie roof party swag keytar PBR DIY.\"}],[{\"key\":\"question\",\"value\":\"Is Buying On-Line Safe?\"},{\"key\":\"answer\",\"value\":\"Art party authentic freegan semiotics jean shorts chia cred. Neutra Austin roof party Brooklyn, synth Thundercats swag 8-bit photo booth. Plaid letterpress leggings craft beer meh ethical Pinterest.\"}]]]',25,'Botble\\Ecommerce\\Models\\Product','2024-01-06 17:16:13','2024-01-06 17:16:13'),(87,'faq_schema_config','[[[{\"key\":\"question\",\"value\":\"What Shipping Methods Are Available?\"},{\"key\":\"answer\",\"value\":\"Ex Portland Pitchfork irure mustache. Eutra fap before they sold out literally. Aliquip ugh bicycle rights actually mlkshk, seitan squid craft beer tempor.\"}],[{\"key\":\"question\",\"value\":\"Do You Ship Internationally?\"},{\"key\":\"answer\",\"value\":\"Hoodie tote bag mixtape tofu. Typewriter jean shorts wolf quinoa, messenger bag organic freegan cray.\"}],[{\"key\":\"question\",\"value\":\"How Long Will It Take To Get My Package?\"},{\"key\":\"answer\",\"value\":\"Swag slow-carb quinoa VHS typewriter pork belly brunch, paleo single-origin coffee Wes Anderson. Flexitarian Pitchfork forage, literally paleo fap pour-over. Wes Anderson Pinterest YOLO fanny pack meggings, deep v XOXO chambray sustainable slow-carb raw denim church-key fap chillwave Etsy. +1 typewriter kitsch, American Apparel tofu Banksy Vice.\"}],[{\"key\":\"question\",\"value\":\"What Payment Methods Are Accepted?\"},{\"key\":\"answer\",\"value\":\"Fashion axe DIY jean shorts, swag kale chips meh polaroid kogi butcher Wes Anderson chambray next level semiotics gentrify yr. Voluptate photo booth fugiat Vice. Austin sed Williamsburg, ea labore raw denim voluptate cred proident mixtape excepteur mustache. Twee chia photo booth readymade food truck, hoodie roof party swag keytar PBR DIY.\"}],[{\"key\":\"question\",\"value\":\"Is Buying On-Line Safe?\"},{\"key\":\"answer\",\"value\":\"Art party authentic freegan semiotics jean shorts chia cred. Neutra Austin roof party Brooklyn, synth Thundercats swag 8-bit photo booth. Plaid letterpress leggings craft beer meh ethical Pinterest.\"}]]]',26,'Botble\\Ecommerce\\Models\\Product','2024-01-06 17:16:13','2024-01-06 17:16:13'),(88,'faq_schema_config','[[[{\"key\":\"question\",\"value\":\"What Shipping Methods Are Available?\"},{\"key\":\"answer\",\"value\":\"Ex Portland Pitchfork irure mustache. Eutra fap before they sold out literally. Aliquip ugh bicycle rights actually mlkshk, seitan squid craft beer tempor.\"}],[{\"key\":\"question\",\"value\":\"Do You Ship Internationally?\"},{\"key\":\"answer\",\"value\":\"Hoodie tote bag mixtape tofu. Typewriter jean shorts wolf quinoa, messenger bag organic freegan cray.\"}],[{\"key\":\"question\",\"value\":\"How Long Will It Take To Get My Package?\"},{\"key\":\"answer\",\"value\":\"Swag slow-carb quinoa VHS typewriter pork belly brunch, paleo single-origin coffee Wes Anderson. Flexitarian Pitchfork forage, literally paleo fap pour-over. Wes Anderson Pinterest YOLO fanny pack meggings, deep v XOXO chambray sustainable slow-carb raw denim church-key fap chillwave Etsy. +1 typewriter kitsch, American Apparel tofu Banksy Vice.\"}],[{\"key\":\"question\",\"value\":\"What Payment Methods Are Accepted?\"},{\"key\":\"answer\",\"value\":\"Fashion axe DIY jean shorts, swag kale chips meh polaroid kogi butcher Wes Anderson chambray next level semiotics gentrify yr. Voluptate photo booth fugiat Vice. Austin sed Williamsburg, ea labore raw denim voluptate cred proident mixtape excepteur mustache. Twee chia photo booth readymade food truck, hoodie roof party swag keytar PBR DIY.\"}],[{\"key\":\"question\",\"value\":\"Is Buying On-Line Safe?\"},{\"key\":\"answer\",\"value\":\"Art party authentic freegan semiotics jean shorts chia cred. Neutra Austin roof party Brooklyn, synth Thundercats swag 8-bit photo booth. Plaid letterpress leggings craft beer meh ethical Pinterest.\"}]]]',27,'Botble\\Ecommerce\\Models\\Product','2024-01-06 17:16:13','2024-01-06 17:16:13'),(89,'faq_schema_config','[[[{\"key\":\"question\",\"value\":\"What Shipping Methods Are Available?\"},{\"key\":\"answer\",\"value\":\"Ex Portland Pitchfork irure mustache. Eutra fap before they sold out literally. Aliquip ugh bicycle rights actually mlkshk, seitan squid craft beer tempor.\"}],[{\"key\":\"question\",\"value\":\"Do You Ship Internationally?\"},{\"key\":\"answer\",\"value\":\"Hoodie tote bag mixtape tofu. Typewriter jean shorts wolf quinoa, messenger bag organic freegan cray.\"}],[{\"key\":\"question\",\"value\":\"How Long Will It Take To Get My Package?\"},{\"key\":\"answer\",\"value\":\"Swag slow-carb quinoa VHS typewriter pork belly brunch, paleo single-origin coffee Wes Anderson. Flexitarian Pitchfork forage, literally paleo fap pour-over. Wes Anderson Pinterest YOLO fanny pack meggings, deep v XOXO chambray sustainable slow-carb raw denim church-key fap chillwave Etsy. +1 typewriter kitsch, American Apparel tofu Banksy Vice.\"}],[{\"key\":\"question\",\"value\":\"What Payment Methods Are Accepted?\"},{\"key\":\"answer\",\"value\":\"Fashion axe DIY jean shorts, swag kale chips meh polaroid kogi butcher Wes Anderson chambray next level semiotics gentrify yr. Voluptate photo booth fugiat Vice. Austin sed Williamsburg, ea labore raw denim voluptate cred proident mixtape excepteur mustache. Twee chia photo booth readymade food truck, hoodie roof party swag keytar PBR DIY.\"}],[{\"key\":\"question\",\"value\":\"Is Buying On-Line Safe?\"},{\"key\":\"answer\",\"value\":\"Art party authentic freegan semiotics jean shorts chia cred. Neutra Austin roof party Brooklyn, synth Thundercats swag 8-bit photo booth. Plaid letterpress leggings craft beer meh ethical Pinterest.\"}]]]',28,'Botble\\Ecommerce\\Models\\Product','2024-01-06 17:16:13','2024-01-06 17:16:13'),(90,'faq_schema_config','[[[{\"key\":\"question\",\"value\":\"What Shipping Methods Are Available?\"},{\"key\":\"answer\",\"value\":\"Ex Portland Pitchfork irure mustache. Eutra fap before they sold out literally. Aliquip ugh bicycle rights actually mlkshk, seitan squid craft beer tempor.\"}],[{\"key\":\"question\",\"value\":\"Do You Ship Internationally?\"},{\"key\":\"answer\",\"value\":\"Hoodie tote bag mixtape tofu. Typewriter jean shorts wolf quinoa, messenger bag organic freegan cray.\"}],[{\"key\":\"question\",\"value\":\"How Long Will It Take To Get My Package?\"},{\"key\":\"answer\",\"value\":\"Swag slow-carb quinoa VHS typewriter pork belly brunch, paleo single-origin coffee Wes Anderson. Flexitarian Pitchfork forage, literally paleo fap pour-over. Wes Anderson Pinterest YOLO fanny pack meggings, deep v XOXO chambray sustainable slow-carb raw denim church-key fap chillwave Etsy. +1 typewriter kitsch, American Apparel tofu Banksy Vice.\"}],[{\"key\":\"question\",\"value\":\"What Payment Methods Are Accepted?\"},{\"key\":\"answer\",\"value\":\"Fashion axe DIY jean shorts, swag kale chips meh polaroid kogi butcher Wes Anderson chambray next level semiotics gentrify yr. Voluptate photo booth fugiat Vice. Austin sed Williamsburg, ea labore raw denim voluptate cred proident mixtape excepteur mustache. Twee chia photo booth readymade food truck, hoodie roof party swag keytar PBR DIY.\"}],[{\"key\":\"question\",\"value\":\"Is Buying On-Line Safe?\"},{\"key\":\"answer\",\"value\":\"Art party authentic freegan semiotics jean shorts chia cred. Neutra Austin roof party Brooklyn, synth Thundercats swag 8-bit photo booth. Plaid letterpress leggings craft beer meh ethical Pinterest.\"}]]]',29,'Botble\\Ecommerce\\Models\\Product','2024-01-06 17:16:13','2024-01-06 17:16:13'),(91,'faq_schema_config','[[[{\"key\":\"question\",\"value\":\"What Shipping Methods Are Available?\"},{\"key\":\"answer\",\"value\":\"Ex Portland Pitchfork irure mustache. Eutra fap before they sold out literally. Aliquip ugh bicycle rights actually mlkshk, seitan squid craft beer tempor.\"}],[{\"key\":\"question\",\"value\":\"Do You Ship Internationally?\"},{\"key\":\"answer\",\"value\":\"Hoodie tote bag mixtape tofu. Typewriter jean shorts wolf quinoa, messenger bag organic freegan cray.\"}],[{\"key\":\"question\",\"value\":\"How Long Will It Take To Get My Package?\"},{\"key\":\"answer\",\"value\":\"Swag slow-carb quinoa VHS typewriter pork belly brunch, paleo single-origin coffee Wes Anderson. Flexitarian Pitchfork forage, literally paleo fap pour-over. Wes Anderson Pinterest YOLO fanny pack meggings, deep v XOXO chambray sustainable slow-carb raw denim church-key fap chillwave Etsy. +1 typewriter kitsch, American Apparel tofu Banksy Vice.\"}],[{\"key\":\"question\",\"value\":\"What Payment Methods Are Accepted?\"},{\"key\":\"answer\",\"value\":\"Fashion axe DIY jean shorts, swag kale chips meh polaroid kogi butcher Wes Anderson chambray next level semiotics gentrify yr. Voluptate photo booth fugiat Vice. Austin sed Williamsburg, ea labore raw denim voluptate cred proident mixtape excepteur mustache. Twee chia photo booth readymade food truck, hoodie roof party swag keytar PBR DIY.\"}],[{\"key\":\"question\",\"value\":\"Is Buying On-Line Safe?\"},{\"key\":\"answer\",\"value\":\"Art party authentic freegan semiotics jean shorts chia cred. Neutra Austin roof party Brooklyn, synth Thundercats swag 8-bit photo booth. Plaid letterpress leggings craft beer meh ethical Pinterest.\"}]]]',30,'Botble\\Ecommerce\\Models\\Product','2024-01-06 17:16:13','2024-01-06 17:16:13'),(92,'faq_schema_config','[[[{\"key\":\"question\",\"value\":\"What Shipping Methods Are Available?\"},{\"key\":\"answer\",\"value\":\"Ex Portland Pitchfork irure mustache. Eutra fap before they sold out literally. Aliquip ugh bicycle rights actually mlkshk, seitan squid craft beer tempor.\"}],[{\"key\":\"question\",\"value\":\"Do You Ship Internationally?\"},{\"key\":\"answer\",\"value\":\"Hoodie tote bag mixtape tofu. Typewriter jean shorts wolf quinoa, messenger bag organic freegan cray.\"}],[{\"key\":\"question\",\"value\":\"How Long Will It Take To Get My Package?\"},{\"key\":\"answer\",\"value\":\"Swag slow-carb quinoa VHS typewriter pork belly brunch, paleo single-origin coffee Wes Anderson. Flexitarian Pitchfork forage, literally paleo fap pour-over. Wes Anderson Pinterest YOLO fanny pack meggings, deep v XOXO chambray sustainable slow-carb raw denim church-key fap chillwave Etsy. +1 typewriter kitsch, American Apparel tofu Banksy Vice.\"}],[{\"key\":\"question\",\"value\":\"What Payment Methods Are Accepted?\"},{\"key\":\"answer\",\"value\":\"Fashion axe DIY jean shorts, swag kale chips meh polaroid kogi butcher Wes Anderson chambray next level semiotics gentrify yr. Voluptate photo booth fugiat Vice. Austin sed Williamsburg, ea labore raw denim voluptate cred proident mixtape excepteur mustache. Twee chia photo booth readymade food truck, hoodie roof party swag keytar PBR DIY.\"}],[{\"key\":\"question\",\"value\":\"Is Buying On-Line Safe?\"},{\"key\":\"answer\",\"value\":\"Art party authentic freegan semiotics jean shorts chia cred. Neutra Austin roof party Brooklyn, synth Thundercats swag 8-bit photo booth. Plaid letterpress leggings craft beer meh ethical Pinterest.\"}]]]',31,'Botble\\Ecommerce\\Models\\Product','2024-01-06 17:16:13','2024-01-06 17:16:13'),(93,'faq_schema_config','[[[{\"key\":\"question\",\"value\":\"What Shipping Methods Are Available?\"},{\"key\":\"answer\",\"value\":\"Ex Portland Pitchfork irure mustache. Eutra fap before they sold out literally. Aliquip ugh bicycle rights actually mlkshk, seitan squid craft beer tempor.\"}],[{\"key\":\"question\",\"value\":\"Do You Ship Internationally?\"},{\"key\":\"answer\",\"value\":\"Hoodie tote bag mixtape tofu. Typewriter jean shorts wolf quinoa, messenger bag organic freegan cray.\"}],[{\"key\":\"question\",\"value\":\"How Long Will It Take To Get My Package?\"},{\"key\":\"answer\",\"value\":\"Swag slow-carb quinoa VHS typewriter pork belly brunch, paleo single-origin coffee Wes Anderson. Flexitarian Pitchfork forage, literally paleo fap pour-over. Wes Anderson Pinterest YOLO fanny pack meggings, deep v XOXO chambray sustainable slow-carb raw denim church-key fap chillwave Etsy. +1 typewriter kitsch, American Apparel tofu Banksy Vice.\"}],[{\"key\":\"question\",\"value\":\"What Payment Methods Are Accepted?\"},{\"key\":\"answer\",\"value\":\"Fashion axe DIY jean shorts, swag kale chips meh polaroid kogi butcher Wes Anderson chambray next level semiotics gentrify yr. Voluptate photo booth fugiat Vice. Austin sed Williamsburg, ea labore raw denim voluptate cred proident mixtape excepteur mustache. Twee chia photo booth readymade food truck, hoodie roof party swag keytar PBR DIY.\"}],[{\"key\":\"question\",\"value\":\"Is Buying On-Line Safe?\"},{\"key\":\"answer\",\"value\":\"Art party authentic freegan semiotics jean shorts chia cred. Neutra Austin roof party Brooklyn, synth Thundercats swag 8-bit photo booth. Plaid letterpress leggings craft beer meh ethical Pinterest.\"}]]]',32,'Botble\\Ecommerce\\Models\\Product','2024-01-06 17:16:13','2024-01-06 17:16:13'),(94,'faq_schema_config','[[[{\"key\":\"question\",\"value\":\"What Shipping Methods Are Available?\"},{\"key\":\"answer\",\"value\":\"Ex Portland Pitchfork irure mustache. Eutra fap before they sold out literally. Aliquip ugh bicycle rights actually mlkshk, seitan squid craft beer tempor.\"}],[{\"key\":\"question\",\"value\":\"Do You Ship Internationally?\"},{\"key\":\"answer\",\"value\":\"Hoodie tote bag mixtape tofu. Typewriter jean shorts wolf quinoa, messenger bag organic freegan cray.\"}],[{\"key\":\"question\",\"value\":\"How Long Will It Take To Get My Package?\"},{\"key\":\"answer\",\"value\":\"Swag slow-carb quinoa VHS typewriter pork belly brunch, paleo single-origin coffee Wes Anderson. Flexitarian Pitchfork forage, literally paleo fap pour-over. Wes Anderson Pinterest YOLO fanny pack meggings, deep v XOXO chambray sustainable slow-carb raw denim church-key fap chillwave Etsy. +1 typewriter kitsch, American Apparel tofu Banksy Vice.\"}],[{\"key\":\"question\",\"value\":\"What Payment Methods Are Accepted?\"},{\"key\":\"answer\",\"value\":\"Fashion axe DIY jean shorts, swag kale chips meh polaroid kogi butcher Wes Anderson chambray next level semiotics gentrify yr. Voluptate photo booth fugiat Vice. Austin sed Williamsburg, ea labore raw denim voluptate cred proident mixtape excepteur mustache. Twee chia photo booth readymade food truck, hoodie roof party swag keytar PBR DIY.\"}],[{\"key\":\"question\",\"value\":\"Is Buying On-Line Safe?\"},{\"key\":\"answer\",\"value\":\"Art party authentic freegan semiotics jean shorts chia cred. Neutra Austin roof party Brooklyn, synth Thundercats swag 8-bit photo booth. Plaid letterpress leggings craft beer meh ethical Pinterest.\"}]]]',33,'Botble\\Ecommerce\\Models\\Product','2024-01-06 17:16:13','2024-01-06 17:16:13'),(95,'faq_schema_config','[[[{\"key\":\"question\",\"value\":\"What Shipping Methods Are Available?\"},{\"key\":\"answer\",\"value\":\"Ex Portland Pitchfork irure mustache. Eutra fap before they sold out literally. Aliquip ugh bicycle rights actually mlkshk, seitan squid craft beer tempor.\"}],[{\"key\":\"question\",\"value\":\"Do You Ship Internationally?\"},{\"key\":\"answer\",\"value\":\"Hoodie tote bag mixtape tofu. Typewriter jean shorts wolf quinoa, messenger bag organic freegan cray.\"}],[{\"key\":\"question\",\"value\":\"How Long Will It Take To Get My Package?\"},{\"key\":\"answer\",\"value\":\"Swag slow-carb quinoa VHS typewriter pork belly brunch, paleo single-origin coffee Wes Anderson. Flexitarian Pitchfork forage, literally paleo fap pour-over. Wes Anderson Pinterest YOLO fanny pack meggings, deep v XOXO chambray sustainable slow-carb raw denim church-key fap chillwave Etsy. +1 typewriter kitsch, American Apparel tofu Banksy Vice.\"}],[{\"key\":\"question\",\"value\":\"What Payment Methods Are Accepted?\"},{\"key\":\"answer\",\"value\":\"Fashion axe DIY jean shorts, swag kale chips meh polaroid kogi butcher Wes Anderson chambray next level semiotics gentrify yr. Voluptate photo booth fugiat Vice. Austin sed Williamsburg, ea labore raw denim voluptate cred proident mixtape excepteur mustache. Twee chia photo booth readymade food truck, hoodie roof party swag keytar PBR DIY.\"}],[{\"key\":\"question\",\"value\":\"Is Buying On-Line Safe?\"},{\"key\":\"answer\",\"value\":\"Art party authentic freegan semiotics jean shorts chia cred. Neutra Austin roof party Brooklyn, synth Thundercats swag 8-bit photo booth. Plaid letterpress leggings craft beer meh ethical Pinterest.\"}]]]',34,'Botble\\Ecommerce\\Models\\Product','2024-01-06 17:16:13','2024-01-06 17:16:13'),(96,'faq_schema_config','[[[{\"key\":\"question\",\"value\":\"What Shipping Methods Are Available?\"},{\"key\":\"answer\",\"value\":\"Ex Portland Pitchfork irure mustache. Eutra fap before they sold out literally. Aliquip ugh bicycle rights actually mlkshk, seitan squid craft beer tempor.\"}],[{\"key\":\"question\",\"value\":\"Do You Ship Internationally?\"},{\"key\":\"answer\",\"value\":\"Hoodie tote bag mixtape tofu. Typewriter jean shorts wolf quinoa, messenger bag organic freegan cray.\"}],[{\"key\":\"question\",\"value\":\"How Long Will It Take To Get My Package?\"},{\"key\":\"answer\",\"value\":\"Swag slow-carb quinoa VHS typewriter pork belly brunch, paleo single-origin coffee Wes Anderson. Flexitarian Pitchfork forage, literally paleo fap pour-over. Wes Anderson Pinterest YOLO fanny pack meggings, deep v XOXO chambray sustainable slow-carb raw denim church-key fap chillwave Etsy. +1 typewriter kitsch, American Apparel tofu Banksy Vice.\"}],[{\"key\":\"question\",\"value\":\"What Payment Methods Are Accepted?\"},{\"key\":\"answer\",\"value\":\"Fashion axe DIY jean shorts, swag kale chips meh polaroid kogi butcher Wes Anderson chambray next level semiotics gentrify yr. Voluptate photo booth fugiat Vice. Austin sed Williamsburg, ea labore raw denim voluptate cred proident mixtape excepteur mustache. Twee chia photo booth readymade food truck, hoodie roof party swag keytar PBR DIY.\"}],[{\"key\":\"question\",\"value\":\"Is Buying On-Line Safe?\"},{\"key\":\"answer\",\"value\":\"Art party authentic freegan semiotics jean shorts chia cred. Neutra Austin roof party Brooklyn, synth Thundercats swag 8-bit photo booth. Plaid letterpress leggings craft beer meh ethical Pinterest.\"}]]]',35,'Botble\\Ecommerce\\Models\\Product','2024-01-06 17:16:13','2024-01-06 17:16:13'),(97,'faq_schema_config','[[[{\"key\":\"question\",\"value\":\"What Shipping Methods Are Available?\"},{\"key\":\"answer\",\"value\":\"Ex Portland Pitchfork irure mustache. Eutra fap before they sold out literally. Aliquip ugh bicycle rights actually mlkshk, seitan squid craft beer tempor.\"}],[{\"key\":\"question\",\"value\":\"Do You Ship Internationally?\"},{\"key\":\"answer\",\"value\":\"Hoodie tote bag mixtape tofu. Typewriter jean shorts wolf quinoa, messenger bag organic freegan cray.\"}],[{\"key\":\"question\",\"value\":\"How Long Will It Take To Get My Package?\"},{\"key\":\"answer\",\"value\":\"Swag slow-carb quinoa VHS typewriter pork belly brunch, paleo single-origin coffee Wes Anderson. Flexitarian Pitchfork forage, literally paleo fap pour-over. Wes Anderson Pinterest YOLO fanny pack meggings, deep v XOXO chambray sustainable slow-carb raw denim church-key fap chillwave Etsy. +1 typewriter kitsch, American Apparel tofu Banksy Vice.\"}],[{\"key\":\"question\",\"value\":\"What Payment Methods Are Accepted?\"},{\"key\":\"answer\",\"value\":\"Fashion axe DIY jean shorts, swag kale chips meh polaroid kogi butcher Wes Anderson chambray next level semiotics gentrify yr. Voluptate photo booth fugiat Vice. Austin sed Williamsburg, ea labore raw denim voluptate cred proident mixtape excepteur mustache. Twee chia photo booth readymade food truck, hoodie roof party swag keytar PBR DIY.\"}],[{\"key\":\"question\",\"value\":\"Is Buying On-Line Safe?\"},{\"key\":\"answer\",\"value\":\"Art party authentic freegan semiotics jean shorts chia cred. Neutra Austin roof party Brooklyn, synth Thundercats swag 8-bit photo booth. Plaid letterpress leggings craft beer meh ethical Pinterest.\"}]]]',36,'Botble\\Ecommerce\\Models\\Product','2024-01-06 17:16:13','2024-01-06 17:16:13'),(98,'faq_schema_config','[[[{\"key\":\"question\",\"value\":\"What Shipping Methods Are Available?\"},{\"key\":\"answer\",\"value\":\"Ex Portland Pitchfork irure mustache. Eutra fap before they sold out literally. Aliquip ugh bicycle rights actually mlkshk, seitan squid craft beer tempor.\"}],[{\"key\":\"question\",\"value\":\"Do You Ship Internationally?\"},{\"key\":\"answer\",\"value\":\"Hoodie tote bag mixtape tofu. Typewriter jean shorts wolf quinoa, messenger bag organic freegan cray.\"}],[{\"key\":\"question\",\"value\":\"How Long Will It Take To Get My Package?\"},{\"key\":\"answer\",\"value\":\"Swag slow-carb quinoa VHS typewriter pork belly brunch, paleo single-origin coffee Wes Anderson. Flexitarian Pitchfork forage, literally paleo fap pour-over. Wes Anderson Pinterest YOLO fanny pack meggings, deep v XOXO chambray sustainable slow-carb raw denim church-key fap chillwave Etsy. +1 typewriter kitsch, American Apparel tofu Banksy Vice.\"}],[{\"key\":\"question\",\"value\":\"What Payment Methods Are Accepted?\"},{\"key\":\"answer\",\"value\":\"Fashion axe DIY jean shorts, swag kale chips meh polaroid kogi butcher Wes Anderson chambray next level semiotics gentrify yr. Voluptate photo booth fugiat Vice. Austin sed Williamsburg, ea labore raw denim voluptate cred proident mixtape excepteur mustache. Twee chia photo booth readymade food truck, hoodie roof party swag keytar PBR DIY.\"}],[{\"key\":\"question\",\"value\":\"Is Buying On-Line Safe?\"},{\"key\":\"answer\",\"value\":\"Art party authentic freegan semiotics jean shorts chia cred. Neutra Austin roof party Brooklyn, synth Thundercats swag 8-bit photo booth. Plaid letterpress leggings craft beer meh ethical Pinterest.\"}]]]',37,'Botble\\Ecommerce\\Models\\Product','2024-01-06 17:16:13','2024-01-06 17:16:13'),(99,'faq_schema_config','[[[{\"key\":\"question\",\"value\":\"What Shipping Methods Are Available?\"},{\"key\":\"answer\",\"value\":\"Ex Portland Pitchfork irure mustache. Eutra fap before they sold out literally. Aliquip ugh bicycle rights actually mlkshk, seitan squid craft beer tempor.\"}],[{\"key\":\"question\",\"value\":\"Do You Ship Internationally?\"},{\"key\":\"answer\",\"value\":\"Hoodie tote bag mixtape tofu. Typewriter jean shorts wolf quinoa, messenger bag organic freegan cray.\"}],[{\"key\":\"question\",\"value\":\"How Long Will It Take To Get My Package?\"},{\"key\":\"answer\",\"value\":\"Swag slow-carb quinoa VHS typewriter pork belly brunch, paleo single-origin coffee Wes Anderson. Flexitarian Pitchfork forage, literally paleo fap pour-over. Wes Anderson Pinterest YOLO fanny pack meggings, deep v XOXO chambray sustainable slow-carb raw denim church-key fap chillwave Etsy. +1 typewriter kitsch, American Apparel tofu Banksy Vice.\"}],[{\"key\":\"question\",\"value\":\"What Payment Methods Are Accepted?\"},{\"key\":\"answer\",\"value\":\"Fashion axe DIY jean shorts, swag kale chips meh polaroid kogi butcher Wes Anderson chambray next level semiotics gentrify yr. Voluptate photo booth fugiat Vice. Austin sed Williamsburg, ea labore raw denim voluptate cred proident mixtape excepteur mustache. Twee chia photo booth readymade food truck, hoodie roof party swag keytar PBR DIY.\"}],[{\"key\":\"question\",\"value\":\"Is Buying On-Line Safe?\"},{\"key\":\"answer\",\"value\":\"Art party authentic freegan semiotics jean shorts chia cred. Neutra Austin roof party Brooklyn, synth Thundercats swag 8-bit photo booth. Plaid letterpress leggings craft beer meh ethical Pinterest.\"}]]]',38,'Botble\\Ecommerce\\Models\\Product','2024-01-06 17:16:13','2024-01-06 17:16:13'),(100,'faq_schema_config','[[[{\"key\":\"question\",\"value\":\"What Shipping Methods Are Available?\"},{\"key\":\"answer\",\"value\":\"Ex Portland Pitchfork irure mustache. Eutra fap before they sold out literally. Aliquip ugh bicycle rights actually mlkshk, seitan squid craft beer tempor.\"}],[{\"key\":\"question\",\"value\":\"Do You Ship Internationally?\"},{\"key\":\"answer\",\"value\":\"Hoodie tote bag mixtape tofu. Typewriter jean shorts wolf quinoa, messenger bag organic freegan cray.\"}],[{\"key\":\"question\",\"value\":\"How Long Will It Take To Get My Package?\"},{\"key\":\"answer\",\"value\":\"Swag slow-carb quinoa VHS typewriter pork belly brunch, paleo single-origin coffee Wes Anderson. Flexitarian Pitchfork forage, literally paleo fap pour-over. Wes Anderson Pinterest YOLO fanny pack meggings, deep v XOXO chambray sustainable slow-carb raw denim church-key fap chillwave Etsy. +1 typewriter kitsch, American Apparel tofu Banksy Vice.\"}],[{\"key\":\"question\",\"value\":\"What Payment Methods Are Accepted?\"},{\"key\":\"answer\",\"value\":\"Fashion axe DIY jean shorts, swag kale chips meh polaroid kogi butcher Wes Anderson chambray next level semiotics gentrify yr. Voluptate photo booth fugiat Vice. Austin sed Williamsburg, ea labore raw denim voluptate cred proident mixtape excepteur mustache. Twee chia photo booth readymade food truck, hoodie roof party swag keytar PBR DIY.\"}],[{\"key\":\"question\",\"value\":\"Is Buying On-Line Safe?\"},{\"key\":\"answer\",\"value\":\"Art party authentic freegan semiotics jean shorts chia cred. Neutra Austin roof party Brooklyn, synth Thundercats swag 8-bit photo booth. Plaid letterpress leggings craft beer meh ethical Pinterest.\"}]]]',39,'Botble\\Ecommerce\\Models\\Product','2024-01-06 17:16:13','2024-01-06 17:16:13'),(101,'faq_schema_config','[[[{\"key\":\"question\",\"value\":\"What Shipping Methods Are Available?\"},{\"key\":\"answer\",\"value\":\"Ex Portland Pitchfork irure mustache. Eutra fap before they sold out literally. Aliquip ugh bicycle rights actually mlkshk, seitan squid craft beer tempor.\"}],[{\"key\":\"question\",\"value\":\"Do You Ship Internationally?\"},{\"key\":\"answer\",\"value\":\"Hoodie tote bag mixtape tofu. Typewriter jean shorts wolf quinoa, messenger bag organic freegan cray.\"}],[{\"key\":\"question\",\"value\":\"How Long Will It Take To Get My Package?\"},{\"key\":\"answer\",\"value\":\"Swag slow-carb quinoa VHS typewriter pork belly brunch, paleo single-origin coffee Wes Anderson. Flexitarian Pitchfork forage, literally paleo fap pour-over. Wes Anderson Pinterest YOLO fanny pack meggings, deep v XOXO chambray sustainable slow-carb raw denim church-key fap chillwave Etsy. +1 typewriter kitsch, American Apparel tofu Banksy Vice.\"}],[{\"key\":\"question\",\"value\":\"What Payment Methods Are Accepted?\"},{\"key\":\"answer\",\"value\":\"Fashion axe DIY jean shorts, swag kale chips meh polaroid kogi butcher Wes Anderson chambray next level semiotics gentrify yr. Voluptate photo booth fugiat Vice. Austin sed Williamsburg, ea labore raw denim voluptate cred proident mixtape excepteur mustache. Twee chia photo booth readymade food truck, hoodie roof party swag keytar PBR DIY.\"}],[{\"key\":\"question\",\"value\":\"Is Buying On-Line Safe?\"},{\"key\":\"answer\",\"value\":\"Art party authentic freegan semiotics jean shorts chia cred. Neutra Austin roof party Brooklyn, synth Thundercats swag 8-bit photo booth. Plaid letterpress leggings craft beer meh ethical Pinterest.\"}]]]',40,'Botble\\Ecommerce\\Models\\Product','2024-01-06 17:16:13','2024-01-06 17:16:13'),(102,'faq_schema_config','[[[{\"key\":\"question\",\"value\":\"What Shipping Methods Are Available?\"},{\"key\":\"answer\",\"value\":\"Ex Portland Pitchfork irure mustache. Eutra fap before they sold out literally. Aliquip ugh bicycle rights actually mlkshk, seitan squid craft beer tempor.\"}],[{\"key\":\"question\",\"value\":\"Do You Ship Internationally?\"},{\"key\":\"answer\",\"value\":\"Hoodie tote bag mixtape tofu. Typewriter jean shorts wolf quinoa, messenger bag organic freegan cray.\"}],[{\"key\":\"question\",\"value\":\"How Long Will It Take To Get My Package?\"},{\"key\":\"answer\",\"value\":\"Swag slow-carb quinoa VHS typewriter pork belly brunch, paleo single-origin coffee Wes Anderson. Flexitarian Pitchfork forage, literally paleo fap pour-over. Wes Anderson Pinterest YOLO fanny pack meggings, deep v XOXO chambray sustainable slow-carb raw denim church-key fap chillwave Etsy. +1 typewriter kitsch, American Apparel tofu Banksy Vice.\"}],[{\"key\":\"question\",\"value\":\"What Payment Methods Are Accepted?\"},{\"key\":\"answer\",\"value\":\"Fashion axe DIY jean shorts, swag kale chips meh polaroid kogi butcher Wes Anderson chambray next level semiotics gentrify yr. Voluptate photo booth fugiat Vice. Austin sed Williamsburg, ea labore raw denim voluptate cred proident mixtape excepteur mustache. Twee chia photo booth readymade food truck, hoodie roof party swag keytar PBR DIY.\"}],[{\"key\":\"question\",\"value\":\"Is Buying On-Line Safe?\"},{\"key\":\"answer\",\"value\":\"Art party authentic freegan semiotics jean shorts chia cred. Neutra Austin roof party Brooklyn, synth Thundercats swag 8-bit photo booth. Plaid letterpress leggings craft beer meh ethical Pinterest.\"}]]]',41,'Botble\\Ecommerce\\Models\\Product','2024-01-06 17:16:13','2024-01-06 17:16:13'),(103,'faq_schema_config','[[[{\"key\":\"question\",\"value\":\"What Shipping Methods Are Available?\"},{\"key\":\"answer\",\"value\":\"Ex Portland Pitchfork irure mustache. Eutra fap before they sold out literally. Aliquip ugh bicycle rights actually mlkshk, seitan squid craft beer tempor.\"}],[{\"key\":\"question\",\"value\":\"Do You Ship Internationally?\"},{\"key\":\"answer\",\"value\":\"Hoodie tote bag mixtape tofu. Typewriter jean shorts wolf quinoa, messenger bag organic freegan cray.\"}],[{\"key\":\"question\",\"value\":\"How Long Will It Take To Get My Package?\"},{\"key\":\"answer\",\"value\":\"Swag slow-carb quinoa VHS typewriter pork belly brunch, paleo single-origin coffee Wes Anderson. Flexitarian Pitchfork forage, literally paleo fap pour-over. Wes Anderson Pinterest YOLO fanny pack meggings, deep v XOXO chambray sustainable slow-carb raw denim church-key fap chillwave Etsy. +1 typewriter kitsch, American Apparel tofu Banksy Vice.\"}],[{\"key\":\"question\",\"value\":\"What Payment Methods Are Accepted?\"},{\"key\":\"answer\",\"value\":\"Fashion axe DIY jean shorts, swag kale chips meh polaroid kogi butcher Wes Anderson chambray next level semiotics gentrify yr. Voluptate photo booth fugiat Vice. Austin sed Williamsburg, ea labore raw denim voluptate cred proident mixtape excepteur mustache. Twee chia photo booth readymade food truck, hoodie roof party swag keytar PBR DIY.\"}],[{\"key\":\"question\",\"value\":\"Is Buying On-Line Safe?\"},{\"key\":\"answer\",\"value\":\"Art party authentic freegan semiotics jean shorts chia cred. Neutra Austin roof party Brooklyn, synth Thundercats swag 8-bit photo booth. Plaid letterpress leggings craft beer meh ethical Pinterest.\"}]]]',42,'Botble\\Ecommerce\\Models\\Product','2024-01-06 17:16:13','2024-01-06 17:16:13'),(104,'faq_schema_config','[[[{\"key\":\"question\",\"value\":\"What Shipping Methods Are Available?\"},{\"key\":\"answer\",\"value\":\"Ex Portland Pitchfork irure mustache. Eutra fap before they sold out literally. Aliquip ugh bicycle rights actually mlkshk, seitan squid craft beer tempor.\"}],[{\"key\":\"question\",\"value\":\"Do You Ship Internationally?\"},{\"key\":\"answer\",\"value\":\"Hoodie tote bag mixtape tofu. Typewriter jean shorts wolf quinoa, messenger bag organic freegan cray.\"}],[{\"key\":\"question\",\"value\":\"How Long Will It Take To Get My Package?\"},{\"key\":\"answer\",\"value\":\"Swag slow-carb quinoa VHS typewriter pork belly brunch, paleo single-origin coffee Wes Anderson. Flexitarian Pitchfork forage, literally paleo fap pour-over. Wes Anderson Pinterest YOLO fanny pack meggings, deep v XOXO chambray sustainable slow-carb raw denim church-key fap chillwave Etsy. +1 typewriter kitsch, American Apparel tofu Banksy Vice.\"}],[{\"key\":\"question\",\"value\":\"What Payment Methods Are Accepted?\"},{\"key\":\"answer\",\"value\":\"Fashion axe DIY jean shorts, swag kale chips meh polaroid kogi butcher Wes Anderson chambray next level semiotics gentrify yr. Voluptate photo booth fugiat Vice. Austin sed Williamsburg, ea labore raw denim voluptate cred proident mixtape excepteur mustache. Twee chia photo booth readymade food truck, hoodie roof party swag keytar PBR DIY.\"}],[{\"key\":\"question\",\"value\":\"Is Buying On-Line Safe?\"},{\"key\":\"answer\",\"value\":\"Art party authentic freegan semiotics jean shorts chia cred. Neutra Austin roof party Brooklyn, synth Thundercats swag 8-bit photo booth. Plaid letterpress leggings craft beer meh ethical Pinterest.\"}]]]',43,'Botble\\Ecommerce\\Models\\Product','2024-01-06 17:16:13','2024-01-06 17:16:13'),(105,'faq_schema_config','[[[{\"key\":\"question\",\"value\":\"What Shipping Methods Are Available?\"},{\"key\":\"answer\",\"value\":\"Ex Portland Pitchfork irure mustache. Eutra fap before they sold out literally. Aliquip ugh bicycle rights actually mlkshk, seitan squid craft beer tempor.\"}],[{\"key\":\"question\",\"value\":\"Do You Ship Internationally?\"},{\"key\":\"answer\",\"value\":\"Hoodie tote bag mixtape tofu. Typewriter jean shorts wolf quinoa, messenger bag organic freegan cray.\"}],[{\"key\":\"question\",\"value\":\"How Long Will It Take To Get My Package?\"},{\"key\":\"answer\",\"value\":\"Swag slow-carb quinoa VHS typewriter pork belly brunch, paleo single-origin coffee Wes Anderson. Flexitarian Pitchfork forage, literally paleo fap pour-over. Wes Anderson Pinterest YOLO fanny pack meggings, deep v XOXO chambray sustainable slow-carb raw denim church-key fap chillwave Etsy. +1 typewriter kitsch, American Apparel tofu Banksy Vice.\"}],[{\"key\":\"question\",\"value\":\"What Payment Methods Are Accepted?\"},{\"key\":\"answer\",\"value\":\"Fashion axe DIY jean shorts, swag kale chips meh polaroid kogi butcher Wes Anderson chambray next level semiotics gentrify yr. Voluptate photo booth fugiat Vice. Austin sed Williamsburg, ea labore raw denim voluptate cred proident mixtape excepteur mustache. Twee chia photo booth readymade food truck, hoodie roof party swag keytar PBR DIY.\"}],[{\"key\":\"question\",\"value\":\"Is Buying On-Line Safe?\"},{\"key\":\"answer\",\"value\":\"Art party authentic freegan semiotics jean shorts chia cred. Neutra Austin roof party Brooklyn, synth Thundercats swag 8-bit photo booth. Plaid letterpress leggings craft beer meh ethical Pinterest.\"}]]]',44,'Botble\\Ecommerce\\Models\\Product','2024-01-06 17:16:13','2024-01-06 17:16:13'),(106,'faq_schema_config','[[[{\"key\":\"question\",\"value\":\"What Shipping Methods Are Available?\"},{\"key\":\"answer\",\"value\":\"Ex Portland Pitchfork irure mustache. Eutra fap before they sold out literally. Aliquip ugh bicycle rights actually mlkshk, seitan squid craft beer tempor.\"}],[{\"key\":\"question\",\"value\":\"Do You Ship Internationally?\"},{\"key\":\"answer\",\"value\":\"Hoodie tote bag mixtape tofu. Typewriter jean shorts wolf quinoa, messenger bag organic freegan cray.\"}],[{\"key\":\"question\",\"value\":\"How Long Will It Take To Get My Package?\"},{\"key\":\"answer\",\"value\":\"Swag slow-carb quinoa VHS typewriter pork belly brunch, paleo single-origin coffee Wes Anderson. Flexitarian Pitchfork forage, literally paleo fap pour-over. Wes Anderson Pinterest YOLO fanny pack meggings, deep v XOXO chambray sustainable slow-carb raw denim church-key fap chillwave Etsy. +1 typewriter kitsch, American Apparel tofu Banksy Vice.\"}],[{\"key\":\"question\",\"value\":\"What Payment Methods Are Accepted?\"},{\"key\":\"answer\",\"value\":\"Fashion axe DIY jean shorts, swag kale chips meh polaroid kogi butcher Wes Anderson chambray next level semiotics gentrify yr. Voluptate photo booth fugiat Vice. Austin sed Williamsburg, ea labore raw denim voluptate cred proident mixtape excepteur mustache. Twee chia photo booth readymade food truck, hoodie roof party swag keytar PBR DIY.\"}],[{\"key\":\"question\",\"value\":\"Is Buying On-Line Safe?\"},{\"key\":\"answer\",\"value\":\"Art party authentic freegan semiotics jean shorts chia cred. Neutra Austin roof party Brooklyn, synth Thundercats swag 8-bit photo booth. Plaid letterpress leggings craft beer meh ethical Pinterest.\"}]]]',45,'Botble\\Ecommerce\\Models\\Product','2024-01-06 17:16:13','2024-01-06 17:16:13'),(107,'faq_schema_config','[[[{\"key\":\"question\",\"value\":\"What Shipping Methods Are Available?\"},{\"key\":\"answer\",\"value\":\"Ex Portland Pitchfork irure mustache. Eutra fap before they sold out literally. Aliquip ugh bicycle rights actually mlkshk, seitan squid craft beer tempor.\"}],[{\"key\":\"question\",\"value\":\"Do You Ship Internationally?\"},{\"key\":\"answer\",\"value\":\"Hoodie tote bag mixtape tofu. Typewriter jean shorts wolf quinoa, messenger bag organic freegan cray.\"}],[{\"key\":\"question\",\"value\":\"How Long Will It Take To Get My Package?\"},{\"key\":\"answer\",\"value\":\"Swag slow-carb quinoa VHS typewriter pork belly brunch, paleo single-origin coffee Wes Anderson. Flexitarian Pitchfork forage, literally paleo fap pour-over. Wes Anderson Pinterest YOLO fanny pack meggings, deep v XOXO chambray sustainable slow-carb raw denim church-key fap chillwave Etsy. +1 typewriter kitsch, American Apparel tofu Banksy Vice.\"}],[{\"key\":\"question\",\"value\":\"What Payment Methods Are Accepted?\"},{\"key\":\"answer\",\"value\":\"Fashion axe DIY jean shorts, swag kale chips meh polaroid kogi butcher Wes Anderson chambray next level semiotics gentrify yr. Voluptate photo booth fugiat Vice. Austin sed Williamsburg, ea labore raw denim voluptate cred proident mixtape excepteur mustache. Twee chia photo booth readymade food truck, hoodie roof party swag keytar PBR DIY.\"}],[{\"key\":\"question\",\"value\":\"Is Buying On-Line Safe?\"},{\"key\":\"answer\",\"value\":\"Art party authentic freegan semiotics jean shorts chia cred. Neutra Austin roof party Brooklyn, synth Thundercats swag 8-bit photo booth. Plaid letterpress leggings craft beer meh ethical Pinterest.\"}]]]',46,'Botble\\Ecommerce\\Models\\Product','2024-01-06 17:16:13','2024-01-06 17:16:13'),(108,'faq_schema_config','[[[{\"key\":\"question\",\"value\":\"What Shipping Methods Are Available?\"},{\"key\":\"answer\",\"value\":\"Ex Portland Pitchfork irure mustache. Eutra fap before they sold out literally. Aliquip ugh bicycle rights actually mlkshk, seitan squid craft beer tempor.\"}],[{\"key\":\"question\",\"value\":\"Do You Ship Internationally?\"},{\"key\":\"answer\",\"value\":\"Hoodie tote bag mixtape tofu. Typewriter jean shorts wolf quinoa, messenger bag organic freegan cray.\"}],[{\"key\":\"question\",\"value\":\"How Long Will It Take To Get My Package?\"},{\"key\":\"answer\",\"value\":\"Swag slow-carb quinoa VHS typewriter pork belly brunch, paleo single-origin coffee Wes Anderson. Flexitarian Pitchfork forage, literally paleo fap pour-over. Wes Anderson Pinterest YOLO fanny pack meggings, deep v XOXO chambray sustainable slow-carb raw denim church-key fap chillwave Etsy. +1 typewriter kitsch, American Apparel tofu Banksy Vice.\"}],[{\"key\":\"question\",\"value\":\"What Payment Methods Are Accepted?\"},{\"key\":\"answer\",\"value\":\"Fashion axe DIY jean shorts, swag kale chips meh polaroid kogi butcher Wes Anderson chambray next level semiotics gentrify yr. Voluptate photo booth fugiat Vice. Austin sed Williamsburg, ea labore raw denim voluptate cred proident mixtape excepteur mustache. Twee chia photo booth readymade food truck, hoodie roof party swag keytar PBR DIY.\"}],[{\"key\":\"question\",\"value\":\"Is Buying On-Line Safe?\"},{\"key\":\"answer\",\"value\":\"Art party authentic freegan semiotics jean shorts chia cred. Neutra Austin roof party Brooklyn, synth Thundercats swag 8-bit photo booth. Plaid letterpress leggings craft beer meh ethical Pinterest.\"}]]]',47,'Botble\\Ecommerce\\Models\\Product','2024-01-06 17:16:13','2024-01-06 17:16:13'),(109,'faq_schema_config','[[[{\"key\":\"question\",\"value\":\"What Shipping Methods Are Available?\"},{\"key\":\"answer\",\"value\":\"Ex Portland Pitchfork irure mustache. Eutra fap before they sold out literally. Aliquip ugh bicycle rights actually mlkshk, seitan squid craft beer tempor.\"}],[{\"key\":\"question\",\"value\":\"Do You Ship Internationally?\"},{\"key\":\"answer\",\"value\":\"Hoodie tote bag mixtape tofu. Typewriter jean shorts wolf quinoa, messenger bag organic freegan cray.\"}],[{\"key\":\"question\",\"value\":\"How Long Will It Take To Get My Package?\"},{\"key\":\"answer\",\"value\":\"Swag slow-carb quinoa VHS typewriter pork belly brunch, paleo single-origin coffee Wes Anderson. Flexitarian Pitchfork forage, literally paleo fap pour-over. Wes Anderson Pinterest YOLO fanny pack meggings, deep v XOXO chambray sustainable slow-carb raw denim church-key fap chillwave Etsy. +1 typewriter kitsch, American Apparel tofu Banksy Vice.\"}],[{\"key\":\"question\",\"value\":\"What Payment Methods Are Accepted?\"},{\"key\":\"answer\",\"value\":\"Fashion axe DIY jean shorts, swag kale chips meh polaroid kogi butcher Wes Anderson chambray next level semiotics gentrify yr. Voluptate photo booth fugiat Vice. Austin sed Williamsburg, ea labore raw denim voluptate cred proident mixtape excepteur mustache. Twee chia photo booth readymade food truck, hoodie roof party swag keytar PBR DIY.\"}],[{\"key\":\"question\",\"value\":\"Is Buying On-Line Safe?\"},{\"key\":\"answer\",\"value\":\"Art party authentic freegan semiotics jean shorts chia cred. Neutra Austin roof party Brooklyn, synth Thundercats swag 8-bit photo booth. Plaid letterpress leggings craft beer meh ethical Pinterest.\"}]]]',48,'Botble\\Ecommerce\\Models\\Product','2024-01-06 17:16:13','2024-01-06 17:16:13'),(110,'faq_schema_config','[[[{\"key\":\"question\",\"value\":\"What Shipping Methods Are Available?\"},{\"key\":\"answer\",\"value\":\"Ex Portland Pitchfork irure mustache. Eutra fap before they sold out literally. Aliquip ugh bicycle rights actually mlkshk, seitan squid craft beer tempor.\"}],[{\"key\":\"question\",\"value\":\"Do You Ship Internationally?\"},{\"key\":\"answer\",\"value\":\"Hoodie tote bag mixtape tofu. Typewriter jean shorts wolf quinoa, messenger bag organic freegan cray.\"}],[{\"key\":\"question\",\"value\":\"How Long Will It Take To Get My Package?\"},{\"key\":\"answer\",\"value\":\"Swag slow-carb quinoa VHS typewriter pork belly brunch, paleo single-origin coffee Wes Anderson. Flexitarian Pitchfork forage, literally paleo fap pour-over. Wes Anderson Pinterest YOLO fanny pack meggings, deep v XOXO chambray sustainable slow-carb raw denim church-key fap chillwave Etsy. +1 typewriter kitsch, American Apparel tofu Banksy Vice.\"}],[{\"key\":\"question\",\"value\":\"What Payment Methods Are Accepted?\"},{\"key\":\"answer\",\"value\":\"Fashion axe DIY jean shorts, swag kale chips meh polaroid kogi butcher Wes Anderson chambray next level semiotics gentrify yr. Voluptate photo booth fugiat Vice. Austin sed Williamsburg, ea labore raw denim voluptate cred proident mixtape excepteur mustache. Twee chia photo booth readymade food truck, hoodie roof party swag keytar PBR DIY.\"}],[{\"key\":\"question\",\"value\":\"Is Buying On-Line Safe?\"},{\"key\":\"answer\",\"value\":\"Art party authentic freegan semiotics jean shorts chia cred. Neutra Austin roof party Brooklyn, synth Thundercats swag 8-bit photo booth. Plaid letterpress leggings craft beer meh ethical Pinterest.\"}]]]',49,'Botble\\Ecommerce\\Models\\Product','2024-01-06 17:16:13','2024-01-06 17:16:13'),(111,'faq_schema_config','[[[{\"key\":\"question\",\"value\":\"What Shipping Methods Are Available?\"},{\"key\":\"answer\",\"value\":\"Ex Portland Pitchfork irure mustache. Eutra fap before they sold out literally. Aliquip ugh bicycle rights actually mlkshk, seitan squid craft beer tempor.\"}],[{\"key\":\"question\",\"value\":\"Do You Ship Internationally?\"},{\"key\":\"answer\",\"value\":\"Hoodie tote bag mixtape tofu. Typewriter jean shorts wolf quinoa, messenger bag organic freegan cray.\"}],[{\"key\":\"question\",\"value\":\"How Long Will It Take To Get My Package?\"},{\"key\":\"answer\",\"value\":\"Swag slow-carb quinoa VHS typewriter pork belly brunch, paleo single-origin coffee Wes Anderson. Flexitarian Pitchfork forage, literally paleo fap pour-over. Wes Anderson Pinterest YOLO fanny pack meggings, deep v XOXO chambray sustainable slow-carb raw denim church-key fap chillwave Etsy. +1 typewriter kitsch, American Apparel tofu Banksy Vice.\"}],[{\"key\":\"question\",\"value\":\"What Payment Methods Are Accepted?\"},{\"key\":\"answer\",\"value\":\"Fashion axe DIY jean shorts, swag kale chips meh polaroid kogi butcher Wes Anderson chambray next level semiotics gentrify yr. Voluptate photo booth fugiat Vice. Austin sed Williamsburg, ea labore raw denim voluptate cred proident mixtape excepteur mustache. Twee chia photo booth readymade food truck, hoodie roof party swag keytar PBR DIY.\"}],[{\"key\":\"question\",\"value\":\"Is Buying On-Line Safe?\"},{\"key\":\"answer\",\"value\":\"Art party authentic freegan semiotics jean shorts chia cred. Neutra Austin roof party Brooklyn, synth Thundercats swag 8-bit photo booth. Plaid letterpress leggings craft beer meh ethical Pinterest.\"}]]]',50,'Botble\\Ecommerce\\Models\\Product','2024-01-06 17:16:13','2024-01-06 17:16:13'),(112,'faq_schema_config','[[[{\"key\":\"question\",\"value\":\"What Shipping Methods Are Available?\"},{\"key\":\"answer\",\"value\":\"Ex Portland Pitchfork irure mustache. Eutra fap before they sold out literally. Aliquip ugh bicycle rights actually mlkshk, seitan squid craft beer tempor.\"}],[{\"key\":\"question\",\"value\":\"Do You Ship Internationally?\"},{\"key\":\"answer\",\"value\":\"Hoodie tote bag mixtape tofu. Typewriter jean shorts wolf quinoa, messenger bag organic freegan cray.\"}],[{\"key\":\"question\",\"value\":\"How Long Will It Take To Get My Package?\"},{\"key\":\"answer\",\"value\":\"Swag slow-carb quinoa VHS typewriter pork belly brunch, paleo single-origin coffee Wes Anderson. Flexitarian Pitchfork forage, literally paleo fap pour-over. Wes Anderson Pinterest YOLO fanny pack meggings, deep v XOXO chambray sustainable slow-carb raw denim church-key fap chillwave Etsy. +1 typewriter kitsch, American Apparel tofu Banksy Vice.\"}],[{\"key\":\"question\",\"value\":\"What Payment Methods Are Accepted?\"},{\"key\":\"answer\",\"value\":\"Fashion axe DIY jean shorts, swag kale chips meh polaroid kogi butcher Wes Anderson chambray next level semiotics gentrify yr. Voluptate photo booth fugiat Vice. Austin sed Williamsburg, ea labore raw denim voluptate cred proident mixtape excepteur mustache. Twee chia photo booth readymade food truck, hoodie roof party swag keytar PBR DIY.\"}],[{\"key\":\"question\",\"value\":\"Is Buying On-Line Safe?\"},{\"key\":\"answer\",\"value\":\"Art party authentic freegan semiotics jean shorts chia cred. Neutra Austin roof party Brooklyn, synth Thundercats swag 8-bit photo booth. Plaid letterpress leggings craft beer meh ethical Pinterest.\"}]]]',51,'Botble\\Ecommerce\\Models\\Product','2024-01-06 17:16:13','2024-01-06 17:16:13'),(113,'faq_schema_config','[[[{\"key\":\"question\",\"value\":\"What Shipping Methods Are Available?\"},{\"key\":\"answer\",\"value\":\"Ex Portland Pitchfork irure mustache. Eutra fap before they sold out literally. Aliquip ugh bicycle rights actually mlkshk, seitan squid craft beer tempor.\"}],[{\"key\":\"question\",\"value\":\"Do You Ship Internationally?\"},{\"key\":\"answer\",\"value\":\"Hoodie tote bag mixtape tofu. Typewriter jean shorts wolf quinoa, messenger bag organic freegan cray.\"}],[{\"key\":\"question\",\"value\":\"How Long Will It Take To Get My Package?\"},{\"key\":\"answer\",\"value\":\"Swag slow-carb quinoa VHS typewriter pork belly brunch, paleo single-origin coffee Wes Anderson. Flexitarian Pitchfork forage, literally paleo fap pour-over. Wes Anderson Pinterest YOLO fanny pack meggings, deep v XOXO chambray sustainable slow-carb raw denim church-key fap chillwave Etsy. +1 typewriter kitsch, American Apparel tofu Banksy Vice.\"}],[{\"key\":\"question\",\"value\":\"What Payment Methods Are Accepted?\"},{\"key\":\"answer\",\"value\":\"Fashion axe DIY jean shorts, swag kale chips meh polaroid kogi butcher Wes Anderson chambray next level semiotics gentrify yr. Voluptate photo booth fugiat Vice. Austin sed Williamsburg, ea labore raw denim voluptate cred proident mixtape excepteur mustache. Twee chia photo booth readymade food truck, hoodie roof party swag keytar PBR DIY.\"}],[{\"key\":\"question\",\"value\":\"Is Buying On-Line Safe?\"},{\"key\":\"answer\",\"value\":\"Art party authentic freegan semiotics jean shorts chia cred. Neutra Austin roof party Brooklyn, synth Thundercats swag 8-bit photo booth. Plaid letterpress leggings craft beer meh ethical Pinterest.\"}]]]',52,'Botble\\Ecommerce\\Models\\Product','2024-01-06 17:16:13','2024-01-06 17:16:13'),(114,'faq_schema_config','[[[{\"key\":\"question\",\"value\":\"What Shipping Methods Are Available?\"},{\"key\":\"answer\",\"value\":\"Ex Portland Pitchfork irure mustache. Eutra fap before they sold out literally. Aliquip ugh bicycle rights actually mlkshk, seitan squid craft beer tempor.\"}],[{\"key\":\"question\",\"value\":\"Do You Ship Internationally?\"},{\"key\":\"answer\",\"value\":\"Hoodie tote bag mixtape tofu. Typewriter jean shorts wolf quinoa, messenger bag organic freegan cray.\"}],[{\"key\":\"question\",\"value\":\"How Long Will It Take To Get My Package?\"},{\"key\":\"answer\",\"value\":\"Swag slow-carb quinoa VHS typewriter pork belly brunch, paleo single-origin coffee Wes Anderson. Flexitarian Pitchfork forage, literally paleo fap pour-over. Wes Anderson Pinterest YOLO fanny pack meggings, deep v XOXO chambray sustainable slow-carb raw denim church-key fap chillwave Etsy. +1 typewriter kitsch, American Apparel tofu Banksy Vice.\"}],[{\"key\":\"question\",\"value\":\"What Payment Methods Are Accepted?\"},{\"key\":\"answer\",\"value\":\"Fashion axe DIY jean shorts, swag kale chips meh polaroid kogi butcher Wes Anderson chambray next level semiotics gentrify yr. Voluptate photo booth fugiat Vice. Austin sed Williamsburg, ea labore raw denim voluptate cred proident mixtape excepteur mustache. Twee chia photo booth readymade food truck, hoodie roof party swag keytar PBR DIY.\"}],[{\"key\":\"question\",\"value\":\"Is Buying On-Line Safe?\"},{\"key\":\"answer\",\"value\":\"Art party authentic freegan semiotics jean shorts chia cred. Neutra Austin roof party Brooklyn, synth Thundercats swag 8-bit photo booth. Plaid letterpress leggings craft beer meh ethical Pinterest.\"}]]]',53,'Botble\\Ecommerce\\Models\\Product','2024-01-06 17:16:13','2024-01-06 17:16:13'),(115,'faq_schema_config','[[[{\"key\":\"question\",\"value\":\"What Shipping Methods Are Available?\"},{\"key\":\"answer\",\"value\":\"Ex Portland Pitchfork irure mustache. Eutra fap before they sold out literally. Aliquip ugh bicycle rights actually mlkshk, seitan squid craft beer tempor.\"}],[{\"key\":\"question\",\"value\":\"Do You Ship Internationally?\"},{\"key\":\"answer\",\"value\":\"Hoodie tote bag mixtape tofu. Typewriter jean shorts wolf quinoa, messenger bag organic freegan cray.\"}],[{\"key\":\"question\",\"value\":\"How Long Will It Take To Get My Package?\"},{\"key\":\"answer\",\"value\":\"Swag slow-carb quinoa VHS typewriter pork belly brunch, paleo single-origin coffee Wes Anderson. Flexitarian Pitchfork forage, literally paleo fap pour-over. Wes Anderson Pinterest YOLO fanny pack meggings, deep v XOXO chambray sustainable slow-carb raw denim church-key fap chillwave Etsy. +1 typewriter kitsch, American Apparel tofu Banksy Vice.\"}],[{\"key\":\"question\",\"value\":\"What Payment Methods Are Accepted?\"},{\"key\":\"answer\",\"value\":\"Fashion axe DIY jean shorts, swag kale chips meh polaroid kogi butcher Wes Anderson chambray next level semiotics gentrify yr. Voluptate photo booth fugiat Vice. Austin sed Williamsburg, ea labore raw denim voluptate cred proident mixtape excepteur mustache. Twee chia photo booth readymade food truck, hoodie roof party swag keytar PBR DIY.\"}],[{\"key\":\"question\",\"value\":\"Is Buying On-Line Safe?\"},{\"key\":\"answer\",\"value\":\"Art party authentic freegan semiotics jean shorts chia cred. Neutra Austin roof party Brooklyn, synth Thundercats swag 8-bit photo booth. Plaid letterpress leggings craft beer meh ethical Pinterest.\"}]]]',54,'Botble\\Ecommerce\\Models\\Product','2024-01-06 17:16:13','2024-01-06 17:16:13'),(116,'faq_schema_config','[[[{\"key\":\"question\",\"value\":\"What Shipping Methods Are Available?\"},{\"key\":\"answer\",\"value\":\"Ex Portland Pitchfork irure mustache. Eutra fap before they sold out literally. Aliquip ugh bicycle rights actually mlkshk, seitan squid craft beer tempor.\"}],[{\"key\":\"question\",\"value\":\"Do You Ship Internationally?\"},{\"key\":\"answer\",\"value\":\"Hoodie tote bag mixtape tofu. Typewriter jean shorts wolf quinoa, messenger bag organic freegan cray.\"}],[{\"key\":\"question\",\"value\":\"How Long Will It Take To Get My Package?\"},{\"key\":\"answer\",\"value\":\"Swag slow-carb quinoa VHS typewriter pork belly brunch, paleo single-origin coffee Wes Anderson. Flexitarian Pitchfork forage, literally paleo fap pour-over. Wes Anderson Pinterest YOLO fanny pack meggings, deep v XOXO chambray sustainable slow-carb raw denim church-key fap chillwave Etsy. +1 typewriter kitsch, American Apparel tofu Banksy Vice.\"}],[{\"key\":\"question\",\"value\":\"What Payment Methods Are Accepted?\"},{\"key\":\"answer\",\"value\":\"Fashion axe DIY jean shorts, swag kale chips meh polaroid kogi butcher Wes Anderson chambray next level semiotics gentrify yr. Voluptate photo booth fugiat Vice. Austin sed Williamsburg, ea labore raw denim voluptate cred proident mixtape excepteur mustache. Twee chia photo booth readymade food truck, hoodie roof party swag keytar PBR DIY.\"}],[{\"key\":\"question\",\"value\":\"Is Buying On-Line Safe?\"},{\"key\":\"answer\",\"value\":\"Art party authentic freegan semiotics jean shorts chia cred. Neutra Austin roof party Brooklyn, synth Thundercats swag 8-bit photo booth. Plaid letterpress leggings craft beer meh ethical Pinterest.\"}]]]',55,'Botble\\Ecommerce\\Models\\Product','2024-01-06 17:16:13','2024-01-06 17:16:13'),(117,'faq_schema_config','[[[{\"key\":\"question\",\"value\":\"What Shipping Methods Are Available?\"},{\"key\":\"answer\",\"value\":\"Ex Portland Pitchfork irure mustache. Eutra fap before they sold out literally. Aliquip ugh bicycle rights actually mlkshk, seitan squid craft beer tempor.\"}],[{\"key\":\"question\",\"value\":\"Do You Ship Internationally?\"},{\"key\":\"answer\",\"value\":\"Hoodie tote bag mixtape tofu. Typewriter jean shorts wolf quinoa, messenger bag organic freegan cray.\"}],[{\"key\":\"question\",\"value\":\"How Long Will It Take To Get My Package?\"},{\"key\":\"answer\",\"value\":\"Swag slow-carb quinoa VHS typewriter pork belly brunch, paleo single-origin coffee Wes Anderson. Flexitarian Pitchfork forage, literally paleo fap pour-over. Wes Anderson Pinterest YOLO fanny pack meggings, deep v XOXO chambray sustainable slow-carb raw denim church-key fap chillwave Etsy. +1 typewriter kitsch, American Apparel tofu Banksy Vice.\"}],[{\"key\":\"question\",\"value\":\"What Payment Methods Are Accepted?\"},{\"key\":\"answer\",\"value\":\"Fashion axe DIY jean shorts, swag kale chips meh polaroid kogi butcher Wes Anderson chambray next level semiotics gentrify yr. Voluptate photo booth fugiat Vice. Austin sed Williamsburg, ea labore raw denim voluptate cred proident mixtape excepteur mustache. Twee chia photo booth readymade food truck, hoodie roof party swag keytar PBR DIY.\"}],[{\"key\":\"question\",\"value\":\"Is Buying On-Line Safe?\"},{\"key\":\"answer\",\"value\":\"Art party authentic freegan semiotics jean shorts chia cred. Neutra Austin roof party Brooklyn, synth Thundercats swag 8-bit photo booth. Plaid letterpress leggings craft beer meh ethical Pinterest.\"}]]]',56,'Botble\\Ecommerce\\Models\\Product','2024-01-06 17:16:13','2024-01-06 17:16:13'),(118,'faq_schema_config','[[[{\"key\":\"question\",\"value\":\"What Shipping Methods Are Available?\"},{\"key\":\"answer\",\"value\":\"Ex Portland Pitchfork irure mustache. Eutra fap before they sold out literally. Aliquip ugh bicycle rights actually mlkshk, seitan squid craft beer tempor.\"}],[{\"key\":\"question\",\"value\":\"Do You Ship Internationally?\"},{\"key\":\"answer\",\"value\":\"Hoodie tote bag mixtape tofu. Typewriter jean shorts wolf quinoa, messenger bag organic freegan cray.\"}],[{\"key\":\"question\",\"value\":\"How Long Will It Take To Get My Package?\"},{\"key\":\"answer\",\"value\":\"Swag slow-carb quinoa VHS typewriter pork belly brunch, paleo single-origin coffee Wes Anderson. Flexitarian Pitchfork forage, literally paleo fap pour-over. Wes Anderson Pinterest YOLO fanny pack meggings, deep v XOXO chambray sustainable slow-carb raw denim church-key fap chillwave Etsy. +1 typewriter kitsch, American Apparel tofu Banksy Vice.\"}],[{\"key\":\"question\",\"value\":\"What Payment Methods Are Accepted?\"},{\"key\":\"answer\",\"value\":\"Fashion axe DIY jean shorts, swag kale chips meh polaroid kogi butcher Wes Anderson chambray next level semiotics gentrify yr. Voluptate photo booth fugiat Vice. Austin sed Williamsburg, ea labore raw denim voluptate cred proident mixtape excepteur mustache. Twee chia photo booth readymade food truck, hoodie roof party swag keytar PBR DIY.\"}],[{\"key\":\"question\",\"value\":\"Is Buying On-Line Safe?\"},{\"key\":\"answer\",\"value\":\"Art party authentic freegan semiotics jean shorts chia cred. Neutra Austin roof party Brooklyn, synth Thundercats swag 8-bit photo booth. Plaid letterpress leggings craft beer meh ethical Pinterest.\"}]]]',57,'Botble\\Ecommerce\\Models\\Product','2024-01-06 17:16:13','2024-01-06 17:16:13'),(119,'faq_schema_config','[[[{\"key\":\"question\",\"value\":\"What Shipping Methods Are Available?\"},{\"key\":\"answer\",\"value\":\"Ex Portland Pitchfork irure mustache. Eutra fap before they sold out literally. Aliquip ugh bicycle rights actually mlkshk, seitan squid craft beer tempor.\"}],[{\"key\":\"question\",\"value\":\"Do You Ship Internationally?\"},{\"key\":\"answer\",\"value\":\"Hoodie tote bag mixtape tofu. Typewriter jean shorts wolf quinoa, messenger bag organic freegan cray.\"}],[{\"key\":\"question\",\"value\":\"How Long Will It Take To Get My Package?\"},{\"key\":\"answer\",\"value\":\"Swag slow-carb quinoa VHS typewriter pork belly brunch, paleo single-origin coffee Wes Anderson. Flexitarian Pitchfork forage, literally paleo fap pour-over. Wes Anderson Pinterest YOLO fanny pack meggings, deep v XOXO chambray sustainable slow-carb raw denim church-key fap chillwave Etsy. +1 typewriter kitsch, American Apparel tofu Banksy Vice.\"}],[{\"key\":\"question\",\"value\":\"What Payment Methods Are Accepted?\"},{\"key\":\"answer\",\"value\":\"Fashion axe DIY jean shorts, swag kale chips meh polaroid kogi butcher Wes Anderson chambray next level semiotics gentrify yr. Voluptate photo booth fugiat Vice. Austin sed Williamsburg, ea labore raw denim voluptate cred proident mixtape excepteur mustache. Twee chia photo booth readymade food truck, hoodie roof party swag keytar PBR DIY.\"}],[{\"key\":\"question\",\"value\":\"Is Buying On-Line Safe?\"},{\"key\":\"answer\",\"value\":\"Art party authentic freegan semiotics jean shorts chia cred. Neutra Austin roof party Brooklyn, synth Thundercats swag 8-bit photo booth. Plaid letterpress leggings craft beer meh ethical Pinterest.\"}]]]',58,'Botble\\Ecommerce\\Models\\Product','2024-01-06 17:16:13','2024-01-06 17:16:13'),(120,'faq_schema_config','[[[{\"key\":\"question\",\"value\":\"What Shipping Methods Are Available?\"},{\"key\":\"answer\",\"value\":\"Ex Portland Pitchfork irure mustache. Eutra fap before they sold out literally. Aliquip ugh bicycle rights actually mlkshk, seitan squid craft beer tempor.\"}],[{\"key\":\"question\",\"value\":\"Do You Ship Internationally?\"},{\"key\":\"answer\",\"value\":\"Hoodie tote bag mixtape tofu. Typewriter jean shorts wolf quinoa, messenger bag organic freegan cray.\"}],[{\"key\":\"question\",\"value\":\"How Long Will It Take To Get My Package?\"},{\"key\":\"answer\",\"value\":\"Swag slow-carb quinoa VHS typewriter pork belly brunch, paleo single-origin coffee Wes Anderson. Flexitarian Pitchfork forage, literally paleo fap pour-over. Wes Anderson Pinterest YOLO fanny pack meggings, deep v XOXO chambray sustainable slow-carb raw denim church-key fap chillwave Etsy. +1 typewriter kitsch, American Apparel tofu Banksy Vice.\"}],[{\"key\":\"question\",\"value\":\"What Payment Methods Are Accepted?\"},{\"key\":\"answer\",\"value\":\"Fashion axe DIY jean shorts, swag kale chips meh polaroid kogi butcher Wes Anderson chambray next level semiotics gentrify yr. Voluptate photo booth fugiat Vice. Austin sed Williamsburg, ea labore raw denim voluptate cred proident mixtape excepteur mustache. Twee chia photo booth readymade food truck, hoodie roof party swag keytar PBR DIY.\"}],[{\"key\":\"question\",\"value\":\"Is Buying On-Line Safe?\"},{\"key\":\"answer\",\"value\":\"Art party authentic freegan semiotics jean shorts chia cred. Neutra Austin roof party Brooklyn, synth Thundercats swag 8-bit photo booth. Plaid letterpress leggings craft beer meh ethical Pinterest.\"}]]]',59,'Botble\\Ecommerce\\Models\\Product','2024-01-06 17:16:13','2024-01-06 17:16:13'),(121,'faq_schema_config','[[[{\"key\":\"question\",\"value\":\"What Shipping Methods Are Available?\"},{\"key\":\"answer\",\"value\":\"Ex Portland Pitchfork irure mustache. Eutra fap before they sold out literally. Aliquip ugh bicycle rights actually mlkshk, seitan squid craft beer tempor.\"}],[{\"key\":\"question\",\"value\":\"Do You Ship Internationally?\"},{\"key\":\"answer\",\"value\":\"Hoodie tote bag mixtape tofu. Typewriter jean shorts wolf quinoa, messenger bag organic freegan cray.\"}],[{\"key\":\"question\",\"value\":\"How Long Will It Take To Get My Package?\"},{\"key\":\"answer\",\"value\":\"Swag slow-carb quinoa VHS typewriter pork belly brunch, paleo single-origin coffee Wes Anderson. Flexitarian Pitchfork forage, literally paleo fap pour-over. Wes Anderson Pinterest YOLO fanny pack meggings, deep v XOXO chambray sustainable slow-carb raw denim church-key fap chillwave Etsy. +1 typewriter kitsch, American Apparel tofu Banksy Vice.\"}],[{\"key\":\"question\",\"value\":\"What Payment Methods Are Accepted?\"},{\"key\":\"answer\",\"value\":\"Fashion axe DIY jean shorts, swag kale chips meh polaroid kogi butcher Wes Anderson chambray next level semiotics gentrify yr. Voluptate photo booth fugiat Vice. Austin sed Williamsburg, ea labore raw denim voluptate cred proident mixtape excepteur mustache. Twee chia photo booth readymade food truck, hoodie roof party swag keytar PBR DIY.\"}],[{\"key\":\"question\",\"value\":\"Is Buying On-Line Safe?\"},{\"key\":\"answer\",\"value\":\"Art party authentic freegan semiotics jean shorts chia cred. Neutra Austin roof party Brooklyn, synth Thundercats swag 8-bit photo booth. Plaid letterpress leggings craft beer meh ethical Pinterest.\"}]]]',60,'Botble\\Ecommerce\\Models\\Product','2024-01-06 17:16:13','2024-01-06 17:16:13'),(122,'faq_schema_config','[[[{\"key\":\"question\",\"value\":\"What Shipping Methods Are Available?\"},{\"key\":\"answer\",\"value\":\"Ex Portland Pitchfork irure mustache. Eutra fap before they sold out literally. Aliquip ugh bicycle rights actually mlkshk, seitan squid craft beer tempor.\"}],[{\"key\":\"question\",\"value\":\"Do You Ship Internationally?\"},{\"key\":\"answer\",\"value\":\"Hoodie tote bag mixtape tofu. Typewriter jean shorts wolf quinoa, messenger bag organic freegan cray.\"}],[{\"key\":\"question\",\"value\":\"How Long Will It Take To Get My Package?\"},{\"key\":\"answer\",\"value\":\"Swag slow-carb quinoa VHS typewriter pork belly brunch, paleo single-origin coffee Wes Anderson. Flexitarian Pitchfork forage, literally paleo fap pour-over. Wes Anderson Pinterest YOLO fanny pack meggings, deep v XOXO chambray sustainable slow-carb raw denim church-key fap chillwave Etsy. +1 typewriter kitsch, American Apparel tofu Banksy Vice.\"}],[{\"key\":\"question\",\"value\":\"What Payment Methods Are Accepted?\"},{\"key\":\"answer\",\"value\":\"Fashion axe DIY jean shorts, swag kale chips meh polaroid kogi butcher Wes Anderson chambray next level semiotics gentrify yr. Voluptate photo booth fugiat Vice. Austin sed Williamsburg, ea labore raw denim voluptate cred proident mixtape excepteur mustache. Twee chia photo booth readymade food truck, hoodie roof party swag keytar PBR DIY.\"}],[{\"key\":\"question\",\"value\":\"Is Buying On-Line Safe?\"},{\"key\":\"answer\",\"value\":\"Art party authentic freegan semiotics jean shorts chia cred. Neutra Austin roof party Brooklyn, synth Thundercats swag 8-bit photo booth. Plaid letterpress leggings craft beer meh ethical Pinterest.\"}]]]',61,'Botble\\Ecommerce\\Models\\Product','2024-01-06 17:16:13','2024-01-06 17:16:13'),(123,'faq_schema_config','[[[{\"key\":\"question\",\"value\":\"What Shipping Methods Are Available?\"},{\"key\":\"answer\",\"value\":\"Ex Portland Pitchfork irure mustache. Eutra fap before they sold out literally. Aliquip ugh bicycle rights actually mlkshk, seitan squid craft beer tempor.\"}],[{\"key\":\"question\",\"value\":\"Do You Ship Internationally?\"},{\"key\":\"answer\",\"value\":\"Hoodie tote bag mixtape tofu. Typewriter jean shorts wolf quinoa, messenger bag organic freegan cray.\"}],[{\"key\":\"question\",\"value\":\"How Long Will It Take To Get My Package?\"},{\"key\":\"answer\",\"value\":\"Swag slow-carb quinoa VHS typewriter pork belly brunch, paleo single-origin coffee Wes Anderson. Flexitarian Pitchfork forage, literally paleo fap pour-over. Wes Anderson Pinterest YOLO fanny pack meggings, deep v XOXO chambray sustainable slow-carb raw denim church-key fap chillwave Etsy. +1 typewriter kitsch, American Apparel tofu Banksy Vice.\"}],[{\"key\":\"question\",\"value\":\"What Payment Methods Are Accepted?\"},{\"key\":\"answer\",\"value\":\"Fashion axe DIY jean shorts, swag kale chips meh polaroid kogi butcher Wes Anderson chambray next level semiotics gentrify yr. Voluptate photo booth fugiat Vice. Austin sed Williamsburg, ea labore raw denim voluptate cred proident mixtape excepteur mustache. Twee chia photo booth readymade food truck, hoodie roof party swag keytar PBR DIY.\"}],[{\"key\":\"question\",\"value\":\"Is Buying On-Line Safe?\"},{\"key\":\"answer\",\"value\":\"Art party authentic freegan semiotics jean shorts chia cred. Neutra Austin roof party Brooklyn, synth Thundercats swag 8-bit photo booth. Plaid letterpress leggings craft beer meh ethical Pinterest.\"}]]]',62,'Botble\\Ecommerce\\Models\\Product','2024-01-06 17:16:13','2024-01-06 17:16:13'),(124,'faq_schema_config','[[[{\"key\":\"question\",\"value\":\"What Shipping Methods Are Available?\"},{\"key\":\"answer\",\"value\":\"Ex Portland Pitchfork irure mustache. Eutra fap before they sold out literally. Aliquip ugh bicycle rights actually mlkshk, seitan squid craft beer tempor.\"}],[{\"key\":\"question\",\"value\":\"Do You Ship Internationally?\"},{\"key\":\"answer\",\"value\":\"Hoodie tote bag mixtape tofu. Typewriter jean shorts wolf quinoa, messenger bag organic freegan cray.\"}],[{\"key\":\"question\",\"value\":\"How Long Will It Take To Get My Package?\"},{\"key\":\"answer\",\"value\":\"Swag slow-carb quinoa VHS typewriter pork belly brunch, paleo single-origin coffee Wes Anderson. Flexitarian Pitchfork forage, literally paleo fap pour-over. Wes Anderson Pinterest YOLO fanny pack meggings, deep v XOXO chambray sustainable slow-carb raw denim church-key fap chillwave Etsy. +1 typewriter kitsch, American Apparel tofu Banksy Vice.\"}],[{\"key\":\"question\",\"value\":\"What Payment Methods Are Accepted?\"},{\"key\":\"answer\",\"value\":\"Fashion axe DIY jean shorts, swag kale chips meh polaroid kogi butcher Wes Anderson chambray next level semiotics gentrify yr. Voluptate photo booth fugiat Vice. Austin sed Williamsburg, ea labore raw denim voluptate cred proident mixtape excepteur mustache. Twee chia photo booth readymade food truck, hoodie roof party swag keytar PBR DIY.\"}],[{\"key\":\"question\",\"value\":\"Is Buying On-Line Safe?\"},{\"key\":\"answer\",\"value\":\"Art party authentic freegan semiotics jean shorts chia cred. Neutra Austin roof party Brooklyn, synth Thundercats swag 8-bit photo booth. Plaid letterpress leggings craft beer meh ethical Pinterest.\"}]]]',63,'Botble\\Ecommerce\\Models\\Product','2024-01-06 17:16:13','2024-01-06 17:16:13'),(125,'faq_schema_config','[[[{\"key\":\"question\",\"value\":\"What Shipping Methods Are Available?\"},{\"key\":\"answer\",\"value\":\"Ex Portland Pitchfork irure mustache. Eutra fap before they sold out literally. Aliquip ugh bicycle rights actually mlkshk, seitan squid craft beer tempor.\"}],[{\"key\":\"question\",\"value\":\"Do You Ship Internationally?\"},{\"key\":\"answer\",\"value\":\"Hoodie tote bag mixtape tofu. Typewriter jean shorts wolf quinoa, messenger bag organic freegan cray.\"}],[{\"key\":\"question\",\"value\":\"How Long Will It Take To Get My Package?\"},{\"key\":\"answer\",\"value\":\"Swag slow-carb quinoa VHS typewriter pork belly brunch, paleo single-origin coffee Wes Anderson. Flexitarian Pitchfork forage, literally paleo fap pour-over. Wes Anderson Pinterest YOLO fanny pack meggings, deep v XOXO chambray sustainable slow-carb raw denim church-key fap chillwave Etsy. +1 typewriter kitsch, American Apparel tofu Banksy Vice.\"}],[{\"key\":\"question\",\"value\":\"What Payment Methods Are Accepted?\"},{\"key\":\"answer\",\"value\":\"Fashion axe DIY jean shorts, swag kale chips meh polaroid kogi butcher Wes Anderson chambray next level semiotics gentrify yr. Voluptate photo booth fugiat Vice. Austin sed Williamsburg, ea labore raw denim voluptate cred proident mixtape excepteur mustache. Twee chia photo booth readymade food truck, hoodie roof party swag keytar PBR DIY.\"}],[{\"key\":\"question\",\"value\":\"Is Buying On-Line Safe?\"},{\"key\":\"answer\",\"value\":\"Art party authentic freegan semiotics jean shorts chia cred. Neutra Austin roof party Brooklyn, synth Thundercats swag 8-bit photo booth. Plaid letterpress leggings craft beer meh ethical Pinterest.\"}]]]',64,'Botble\\Ecommerce\\Models\\Product','2024-01-06 17:16:13','2024-01-06 17:16:13'),(126,'faq_schema_config','[[[{\"key\":\"question\",\"value\":\"What Shipping Methods Are Available?\"},{\"key\":\"answer\",\"value\":\"Ex Portland Pitchfork irure mustache. Eutra fap before they sold out literally. Aliquip ugh bicycle rights actually mlkshk, seitan squid craft beer tempor.\"}],[{\"key\":\"question\",\"value\":\"Do You Ship Internationally?\"},{\"key\":\"answer\",\"value\":\"Hoodie tote bag mixtape tofu. Typewriter jean shorts wolf quinoa, messenger bag organic freegan cray.\"}],[{\"key\":\"question\",\"value\":\"How Long Will It Take To Get My Package?\"},{\"key\":\"answer\",\"value\":\"Swag slow-carb quinoa VHS typewriter pork belly brunch, paleo single-origin coffee Wes Anderson. Flexitarian Pitchfork forage, literally paleo fap pour-over. Wes Anderson Pinterest YOLO fanny pack meggings, deep v XOXO chambray sustainable slow-carb raw denim church-key fap chillwave Etsy. +1 typewriter kitsch, American Apparel tofu Banksy Vice.\"}],[{\"key\":\"question\",\"value\":\"What Payment Methods Are Accepted?\"},{\"key\":\"answer\",\"value\":\"Fashion axe DIY jean shorts, swag kale chips meh polaroid kogi butcher Wes Anderson chambray next level semiotics gentrify yr. Voluptate photo booth fugiat Vice. Austin sed Williamsburg, ea labore raw denim voluptate cred proident mixtape excepteur mustache. Twee chia photo booth readymade food truck, hoodie roof party swag keytar PBR DIY.\"}],[{\"key\":\"question\",\"value\":\"Is Buying On-Line Safe?\"},{\"key\":\"answer\",\"value\":\"Art party authentic freegan semiotics jean shorts chia cred. Neutra Austin roof party Brooklyn, synth Thundercats swag 8-bit photo booth. Plaid letterpress leggings craft beer meh ethical Pinterest.\"}]]]',65,'Botble\\Ecommerce\\Models\\Product','2024-01-06 17:16:13','2024-01-06 17:16:13'),(127,'faq_schema_config','[[[{\"key\":\"question\",\"value\":\"What Shipping Methods Are Available?\"},{\"key\":\"answer\",\"value\":\"Ex Portland Pitchfork irure mustache. Eutra fap before they sold out literally. Aliquip ugh bicycle rights actually mlkshk, seitan squid craft beer tempor.\"}],[{\"key\":\"question\",\"value\":\"Do You Ship Internationally?\"},{\"key\":\"answer\",\"value\":\"Hoodie tote bag mixtape tofu. Typewriter jean shorts wolf quinoa, messenger bag organic freegan cray.\"}],[{\"key\":\"question\",\"value\":\"How Long Will It Take To Get My Package?\"},{\"key\":\"answer\",\"value\":\"Swag slow-carb quinoa VHS typewriter pork belly brunch, paleo single-origin coffee Wes Anderson. Flexitarian Pitchfork forage, literally paleo fap pour-over. Wes Anderson Pinterest YOLO fanny pack meggings, deep v XOXO chambray sustainable slow-carb raw denim church-key fap chillwave Etsy. +1 typewriter kitsch, American Apparel tofu Banksy Vice.\"}],[{\"key\":\"question\",\"value\":\"What Payment Methods Are Accepted?\"},{\"key\":\"answer\",\"value\":\"Fashion axe DIY jean shorts, swag kale chips meh polaroid kogi butcher Wes Anderson chambray next level semiotics gentrify yr. Voluptate photo booth fugiat Vice. Austin sed Williamsburg, ea labore raw denim voluptate cred proident mixtape excepteur mustache. Twee chia photo booth readymade food truck, hoodie roof party swag keytar PBR DIY.\"}],[{\"key\":\"question\",\"value\":\"Is Buying On-Line Safe?\"},{\"key\":\"answer\",\"value\":\"Art party authentic freegan semiotics jean shorts chia cred. Neutra Austin roof party Brooklyn, synth Thundercats swag 8-bit photo booth. Plaid letterpress leggings craft beer meh ethical Pinterest.\"}]]]',66,'Botble\\Ecommerce\\Models\\Product','2024-01-06 17:16:13','2024-01-06 17:16:13'),(128,'faq_schema_config','[[[{\"key\":\"question\",\"value\":\"What Shipping Methods Are Available?\"},{\"key\":\"answer\",\"value\":\"Ex Portland Pitchfork irure mustache. Eutra fap before they sold out literally. Aliquip ugh bicycle rights actually mlkshk, seitan squid craft beer tempor.\"}],[{\"key\":\"question\",\"value\":\"Do You Ship Internationally?\"},{\"key\":\"answer\",\"value\":\"Hoodie tote bag mixtape tofu. Typewriter jean shorts wolf quinoa, messenger bag organic freegan cray.\"}],[{\"key\":\"question\",\"value\":\"How Long Will It Take To Get My Package?\"},{\"key\":\"answer\",\"value\":\"Swag slow-carb quinoa VHS typewriter pork belly brunch, paleo single-origin coffee Wes Anderson. Flexitarian Pitchfork forage, literally paleo fap pour-over. Wes Anderson Pinterest YOLO fanny pack meggings, deep v XOXO chambray sustainable slow-carb raw denim church-key fap chillwave Etsy. +1 typewriter kitsch, American Apparel tofu Banksy Vice.\"}],[{\"key\":\"question\",\"value\":\"What Payment Methods Are Accepted?\"},{\"key\":\"answer\",\"value\":\"Fashion axe DIY jean shorts, swag kale chips meh polaroid kogi butcher Wes Anderson chambray next level semiotics gentrify yr. Voluptate photo booth fugiat Vice. Austin sed Williamsburg, ea labore raw denim voluptate cred proident mixtape excepteur mustache. Twee chia photo booth readymade food truck, hoodie roof party swag keytar PBR DIY.\"}],[{\"key\":\"question\",\"value\":\"Is Buying On-Line Safe?\"},{\"key\":\"answer\",\"value\":\"Art party authentic freegan semiotics jean shorts chia cred. Neutra Austin roof party Brooklyn, synth Thundercats swag 8-bit photo booth. Plaid letterpress leggings craft beer meh ethical Pinterest.\"}]]]',67,'Botble\\Ecommerce\\Models\\Product','2024-01-06 17:16:13','2024-01-06 17:16:13'),(129,'faq_schema_config','[[[{\"key\":\"question\",\"value\":\"What Shipping Methods Are Available?\"},{\"key\":\"answer\",\"value\":\"Ex Portland Pitchfork irure mustache. Eutra fap before they sold out literally. Aliquip ugh bicycle rights actually mlkshk, seitan squid craft beer tempor.\"}],[{\"key\":\"question\",\"value\":\"Do You Ship Internationally?\"},{\"key\":\"answer\",\"value\":\"Hoodie tote bag mixtape tofu. Typewriter jean shorts wolf quinoa, messenger bag organic freegan cray.\"}],[{\"key\":\"question\",\"value\":\"How Long Will It Take To Get My Package?\"},{\"key\":\"answer\",\"value\":\"Swag slow-carb quinoa VHS typewriter pork belly brunch, paleo single-origin coffee Wes Anderson. Flexitarian Pitchfork forage, literally paleo fap pour-over. Wes Anderson Pinterest YOLO fanny pack meggings, deep v XOXO chambray sustainable slow-carb raw denim church-key fap chillwave Etsy. +1 typewriter kitsch, American Apparel tofu Banksy Vice.\"}],[{\"key\":\"question\",\"value\":\"What Payment Methods Are Accepted?\"},{\"key\":\"answer\",\"value\":\"Fashion axe DIY jean shorts, swag kale chips meh polaroid kogi butcher Wes Anderson chambray next level semiotics gentrify yr. Voluptate photo booth fugiat Vice. Austin sed Williamsburg, ea labore raw denim voluptate cred proident mixtape excepteur mustache. Twee chia photo booth readymade food truck, hoodie roof party swag keytar PBR DIY.\"}],[{\"key\":\"question\",\"value\":\"Is Buying On-Line Safe?\"},{\"key\":\"answer\",\"value\":\"Art party authentic freegan semiotics jean shorts chia cred. Neutra Austin roof party Brooklyn, synth Thundercats swag 8-bit photo booth. Plaid letterpress leggings craft beer meh ethical Pinterest.\"}]]]',68,'Botble\\Ecommerce\\Models\\Product','2024-01-06 17:16:13','2024-01-06 17:16:13'),(130,'faq_schema_config','[[[{\"key\":\"question\",\"value\":\"What Shipping Methods Are Available?\"},{\"key\":\"answer\",\"value\":\"Ex Portland Pitchfork irure mustache. Eutra fap before they sold out literally. Aliquip ugh bicycle rights actually mlkshk, seitan squid craft beer tempor.\"}],[{\"key\":\"question\",\"value\":\"Do You Ship Internationally?\"},{\"key\":\"answer\",\"value\":\"Hoodie tote bag mixtape tofu. Typewriter jean shorts wolf quinoa, messenger bag organic freegan cray.\"}],[{\"key\":\"question\",\"value\":\"How Long Will It Take To Get My Package?\"},{\"key\":\"answer\",\"value\":\"Swag slow-carb quinoa VHS typewriter pork belly brunch, paleo single-origin coffee Wes Anderson. Flexitarian Pitchfork forage, literally paleo fap pour-over. Wes Anderson Pinterest YOLO fanny pack meggings, deep v XOXO chambray sustainable slow-carb raw denim church-key fap chillwave Etsy. +1 typewriter kitsch, American Apparel tofu Banksy Vice.\"}],[{\"key\":\"question\",\"value\":\"What Payment Methods Are Accepted?\"},{\"key\":\"answer\",\"value\":\"Fashion axe DIY jean shorts, swag kale chips meh polaroid kogi butcher Wes Anderson chambray next level semiotics gentrify yr. Voluptate photo booth fugiat Vice. Austin sed Williamsburg, ea labore raw denim voluptate cred proident mixtape excepteur mustache. Twee chia photo booth readymade food truck, hoodie roof party swag keytar PBR DIY.\"}],[{\"key\":\"question\",\"value\":\"Is Buying On-Line Safe?\"},{\"key\":\"answer\",\"value\":\"Art party authentic freegan semiotics jean shorts chia cred. Neutra Austin roof party Brooklyn, synth Thundercats swag 8-bit photo booth. Plaid letterpress leggings craft beer meh ethical Pinterest.\"}]]]',69,'Botble\\Ecommerce\\Models\\Product','2024-01-06 17:16:13','2024-01-06 17:16:13'),(131,'faq_schema_config','[[[{\"key\":\"question\",\"value\":\"What Shipping Methods Are Available?\"},{\"key\":\"answer\",\"value\":\"Ex Portland Pitchfork irure mustache. Eutra fap before they sold out literally. Aliquip ugh bicycle rights actually mlkshk, seitan squid craft beer tempor.\"}],[{\"key\":\"question\",\"value\":\"Do You Ship Internationally?\"},{\"key\":\"answer\",\"value\":\"Hoodie tote bag mixtape tofu. Typewriter jean shorts wolf quinoa, messenger bag organic freegan cray.\"}],[{\"key\":\"question\",\"value\":\"How Long Will It Take To Get My Package?\"},{\"key\":\"answer\",\"value\":\"Swag slow-carb quinoa VHS typewriter pork belly brunch, paleo single-origin coffee Wes Anderson. Flexitarian Pitchfork forage, literally paleo fap pour-over. Wes Anderson Pinterest YOLO fanny pack meggings, deep v XOXO chambray sustainable slow-carb raw denim church-key fap chillwave Etsy. +1 typewriter kitsch, American Apparel tofu Banksy Vice.\"}],[{\"key\":\"question\",\"value\":\"What Payment Methods Are Accepted?\"},{\"key\":\"answer\",\"value\":\"Fashion axe DIY jean shorts, swag kale chips meh polaroid kogi butcher Wes Anderson chambray next level semiotics gentrify yr. Voluptate photo booth fugiat Vice. Austin sed Williamsburg, ea labore raw denim voluptate cred proident mixtape excepteur mustache. Twee chia photo booth readymade food truck, hoodie roof party swag keytar PBR DIY.\"}],[{\"key\":\"question\",\"value\":\"Is Buying On-Line Safe?\"},{\"key\":\"answer\",\"value\":\"Art party authentic freegan semiotics jean shorts chia cred. Neutra Austin roof party Brooklyn, synth Thundercats swag 8-bit photo booth. Plaid letterpress leggings craft beer meh ethical Pinterest.\"}]]]',70,'Botble\\Ecommerce\\Models\\Product','2024-01-06 17:16:13','2024-01-06 17:16:13'),(132,'faq_schema_config','[[[{\"key\":\"question\",\"value\":\"What Shipping Methods Are Available?\"},{\"key\":\"answer\",\"value\":\"Ex Portland Pitchfork irure mustache. Eutra fap before they sold out literally. Aliquip ugh bicycle rights actually mlkshk, seitan squid craft beer tempor.\"}],[{\"key\":\"question\",\"value\":\"Do You Ship Internationally?\"},{\"key\":\"answer\",\"value\":\"Hoodie tote bag mixtape tofu. Typewriter jean shorts wolf quinoa, messenger bag organic freegan cray.\"}],[{\"key\":\"question\",\"value\":\"How Long Will It Take To Get My Package?\"},{\"key\":\"answer\",\"value\":\"Swag slow-carb quinoa VHS typewriter pork belly brunch, paleo single-origin coffee Wes Anderson. Flexitarian Pitchfork forage, literally paleo fap pour-over. Wes Anderson Pinterest YOLO fanny pack meggings, deep v XOXO chambray sustainable slow-carb raw denim church-key fap chillwave Etsy. +1 typewriter kitsch, American Apparel tofu Banksy Vice.\"}],[{\"key\":\"question\",\"value\":\"What Payment Methods Are Accepted?\"},{\"key\":\"answer\",\"value\":\"Fashion axe DIY jean shorts, swag kale chips meh polaroid kogi butcher Wes Anderson chambray next level semiotics gentrify yr. Voluptate photo booth fugiat Vice. Austin sed Williamsburg, ea labore raw denim voluptate cred proident mixtape excepteur mustache. Twee chia photo booth readymade food truck, hoodie roof party swag keytar PBR DIY.\"}],[{\"key\":\"question\",\"value\":\"Is Buying On-Line Safe?\"},{\"key\":\"answer\",\"value\":\"Art party authentic freegan semiotics jean shorts chia cred. Neutra Austin roof party Brooklyn, synth Thundercats swag 8-bit photo booth. Plaid letterpress leggings craft beer meh ethical Pinterest.\"}]]]',71,'Botble\\Ecommerce\\Models\\Product','2024-01-06 17:16:13','2024-01-06 17:16:13'),(133,'faq_schema_config','[[[{\"key\":\"question\",\"value\":\"What Shipping Methods Are Available?\"},{\"key\":\"answer\",\"value\":\"Ex Portland Pitchfork irure mustache. Eutra fap before they sold out literally. Aliquip ugh bicycle rights actually mlkshk, seitan squid craft beer tempor.\"}],[{\"key\":\"question\",\"value\":\"Do You Ship Internationally?\"},{\"key\":\"answer\",\"value\":\"Hoodie tote bag mixtape tofu. Typewriter jean shorts wolf quinoa, messenger bag organic freegan cray.\"}],[{\"key\":\"question\",\"value\":\"How Long Will It Take To Get My Package?\"},{\"key\":\"answer\",\"value\":\"Swag slow-carb quinoa VHS typewriter pork belly brunch, paleo single-origin coffee Wes Anderson. Flexitarian Pitchfork forage, literally paleo fap pour-over. Wes Anderson Pinterest YOLO fanny pack meggings, deep v XOXO chambray sustainable slow-carb raw denim church-key fap chillwave Etsy. +1 typewriter kitsch, American Apparel tofu Banksy Vice.\"}],[{\"key\":\"question\",\"value\":\"What Payment Methods Are Accepted?\"},{\"key\":\"answer\",\"value\":\"Fashion axe DIY jean shorts, swag kale chips meh polaroid kogi butcher Wes Anderson chambray next level semiotics gentrify yr. Voluptate photo booth fugiat Vice. Austin sed Williamsburg, ea labore raw denim voluptate cred proident mixtape excepteur mustache. Twee chia photo booth readymade food truck, hoodie roof party swag keytar PBR DIY.\"}],[{\"key\":\"question\",\"value\":\"Is Buying On-Line Safe?\"},{\"key\":\"answer\",\"value\":\"Art party authentic freegan semiotics jean shorts chia cred. Neutra Austin roof party Brooklyn, synth Thundercats swag 8-bit photo booth. Plaid letterpress leggings craft beer meh ethical Pinterest.\"}]]]',72,'Botble\\Ecommerce\\Models\\Product','2024-01-06 17:16:13','2024-01-06 17:16:13'),(134,'faq_schema_config','[[[{\"key\":\"question\",\"value\":\"What Shipping Methods Are Available?\"},{\"key\":\"answer\",\"value\":\"Ex Portland Pitchfork irure mustache. Eutra fap before they sold out literally. Aliquip ugh bicycle rights actually mlkshk, seitan squid craft beer tempor.\"}],[{\"key\":\"question\",\"value\":\"Do You Ship Internationally?\"},{\"key\":\"answer\",\"value\":\"Hoodie tote bag mixtape tofu. Typewriter jean shorts wolf quinoa, messenger bag organic freegan cray.\"}],[{\"key\":\"question\",\"value\":\"How Long Will It Take To Get My Package?\"},{\"key\":\"answer\",\"value\":\"Swag slow-carb quinoa VHS typewriter pork belly brunch, paleo single-origin coffee Wes Anderson. Flexitarian Pitchfork forage, literally paleo fap pour-over. Wes Anderson Pinterest YOLO fanny pack meggings, deep v XOXO chambray sustainable slow-carb raw denim church-key fap chillwave Etsy. +1 typewriter kitsch, American Apparel tofu Banksy Vice.\"}],[{\"key\":\"question\",\"value\":\"What Payment Methods Are Accepted?\"},{\"key\":\"answer\",\"value\":\"Fashion axe DIY jean shorts, swag kale chips meh polaroid kogi butcher Wes Anderson chambray next level semiotics gentrify yr. Voluptate photo booth fugiat Vice. Austin sed Williamsburg, ea labore raw denim voluptate cred proident mixtape excepteur mustache. Twee chia photo booth readymade food truck, hoodie roof party swag keytar PBR DIY.\"}],[{\"key\":\"question\",\"value\":\"Is Buying On-Line Safe?\"},{\"key\":\"answer\",\"value\":\"Art party authentic freegan semiotics jean shorts chia cred. Neutra Austin roof party Brooklyn, synth Thundercats swag 8-bit photo booth. Plaid letterpress leggings craft beer meh ethical Pinterest.\"}]]]',73,'Botble\\Ecommerce\\Models\\Product','2024-01-06 17:16:13','2024-01-06 17:16:13'),(135,'faq_schema_config','[[[{\"key\":\"question\",\"value\":\"What Shipping Methods Are Available?\"},{\"key\":\"answer\",\"value\":\"Ex Portland Pitchfork irure mustache. Eutra fap before they sold out literally. Aliquip ugh bicycle rights actually mlkshk, seitan squid craft beer tempor.\"}],[{\"key\":\"question\",\"value\":\"Do You Ship Internationally?\"},{\"key\":\"answer\",\"value\":\"Hoodie tote bag mixtape tofu. Typewriter jean shorts wolf quinoa, messenger bag organic freegan cray.\"}],[{\"key\":\"question\",\"value\":\"How Long Will It Take To Get My Package?\"},{\"key\":\"answer\",\"value\":\"Swag slow-carb quinoa VHS typewriter pork belly brunch, paleo single-origin coffee Wes Anderson. Flexitarian Pitchfork forage, literally paleo fap pour-over. Wes Anderson Pinterest YOLO fanny pack meggings, deep v XOXO chambray sustainable slow-carb raw denim church-key fap chillwave Etsy. +1 typewriter kitsch, American Apparel tofu Banksy Vice.\"}],[{\"key\":\"question\",\"value\":\"What Payment Methods Are Accepted?\"},{\"key\":\"answer\",\"value\":\"Fashion axe DIY jean shorts, swag kale chips meh polaroid kogi butcher Wes Anderson chambray next level semiotics gentrify yr. Voluptate photo booth fugiat Vice. Austin sed Williamsburg, ea labore raw denim voluptate cred proident mixtape excepteur mustache. Twee chia photo booth readymade food truck, hoodie roof party swag keytar PBR DIY.\"}],[{\"key\":\"question\",\"value\":\"Is Buying On-Line Safe?\"},{\"key\":\"answer\",\"value\":\"Art party authentic freegan semiotics jean shorts chia cred. Neutra Austin roof party Brooklyn, synth Thundercats swag 8-bit photo booth. Plaid letterpress leggings craft beer meh ethical Pinterest.\"}]]]',74,'Botble\\Ecommerce\\Models\\Product','2024-01-06 17:16:13','2024-01-06 17:16:13'),(136,'faq_schema_config','[[[{\"key\":\"question\",\"value\":\"What Shipping Methods Are Available?\"},{\"key\":\"answer\",\"value\":\"Ex Portland Pitchfork irure mustache. Eutra fap before they sold out literally. Aliquip ugh bicycle rights actually mlkshk, seitan squid craft beer tempor.\"}],[{\"key\":\"question\",\"value\":\"Do You Ship Internationally?\"},{\"key\":\"answer\",\"value\":\"Hoodie tote bag mixtape tofu. Typewriter jean shorts wolf quinoa, messenger bag organic freegan cray.\"}],[{\"key\":\"question\",\"value\":\"How Long Will It Take To Get My Package?\"},{\"key\":\"answer\",\"value\":\"Swag slow-carb quinoa VHS typewriter pork belly brunch, paleo single-origin coffee Wes Anderson. Flexitarian Pitchfork forage, literally paleo fap pour-over. Wes Anderson Pinterest YOLO fanny pack meggings, deep v XOXO chambray sustainable slow-carb raw denim church-key fap chillwave Etsy. +1 typewriter kitsch, American Apparel tofu Banksy Vice.\"}],[{\"key\":\"question\",\"value\":\"What Payment Methods Are Accepted?\"},{\"key\":\"answer\",\"value\":\"Fashion axe DIY jean shorts, swag kale chips meh polaroid kogi butcher Wes Anderson chambray next level semiotics gentrify yr. Voluptate photo booth fugiat Vice. Austin sed Williamsburg, ea labore raw denim voluptate cred proident mixtape excepteur mustache. Twee chia photo booth readymade food truck, hoodie roof party swag keytar PBR DIY.\"}],[{\"key\":\"question\",\"value\":\"Is Buying On-Line Safe?\"},{\"key\":\"answer\",\"value\":\"Art party authentic freegan semiotics jean shorts chia cred. Neutra Austin roof party Brooklyn, synth Thundercats swag 8-bit photo booth. Plaid letterpress leggings craft beer meh ethical Pinterest.\"}]]]',75,'Botble\\Ecommerce\\Models\\Product','2024-01-06 17:16:13','2024-01-06 17:16:13'),(137,'title','[\"Satisfied client testimonial\"]',1,'Botble\\Testimonial\\Models\\Testimonial','2024-01-06 17:16:25','2024-01-06 17:16:25'),(138,'star','[5]',1,'Botble\\Testimonial\\Models\\Testimonial','2024-01-06 17:16:25','2024-01-06 17:16:25'),(139,'title','[\"98% of residents recommend us\"]',2,'Botble\\Testimonial\\Models\\Testimonial','2024-01-06 17:16:25','2024-01-06 17:16:25'),(140,'star','[5]',2,'Botble\\Testimonial\\Models\\Testimonial','2024-01-06 17:16:25','2024-01-06 17:16:25'),(141,'title','[\"Our success stories\"]',3,'Botble\\Testimonial\\Models\\Testimonial','2024-01-06 17:16:25','2024-01-06 17:16:25'),(142,'star','[5]',3,'Botble\\Testimonial\\Models\\Testimonial','2024-01-06 17:16:25','2024-01-06 17:16:25'),(143,'title','[\"This is simply unbelievable\"]',4,'Botble\\Testimonial\\Models\\Testimonial','2024-01-06 17:16:25','2024-01-06 17:16:25'),(144,'star','[5]',4,'Botble\\Testimonial\\Models\\Testimonial','2024-01-06 17:16:25','2024-01-06 17:16:25');
/*!40000 ALTER TABLE `meta_boxes` ENABLE KEYS */;
UNLOCK TABLES;

--
-- Table structure for table `migrations`
--

DROP TABLE IF EXISTS `migrations`;
/*!40101 SET @saved_cs_client     = @@character_set_client */;
/*!50503 SET character_set_client = utf8mb4 */;
CREATE TABLE `migrations` (
  `id` int unsigned NOT NULL AUTO_INCREMENT,
  `migration` varchar(191) COLLATE utf8mb4_unicode_ci NOT NULL,
  `batch` int NOT NULL,
  PRIMARY KEY (`id`)
) ENGINE=InnoDB AUTO_INCREMENT=164 DEFAULT CHARSET=utf8mb4 COLLATE=utf8mb4_unicode_ci;
/*!40101 SET character_set_client = @saved_cs_client */;

--
-- Dumping data for table `migrations`
--

LOCK TABLES `migrations` WRITE;
/*!40000 ALTER TABLE `migrations` DISABLE KEYS */;
INSERT INTO `migrations` VALUES (1,'2013_04_09_032329_create_base_tables',1),(2,'2013_04_09_062329_create_revisions_table',1),(3,'2014_10_12_000000_create_users_table',1),(4,'2014_10_12_100000_create_password_reset_tokens_table',1),(5,'2016_06_10_230148_create_acl_tables',1),(6,'2016_06_14_230857_create_menus_table',1),(7,'2016_06_28_221418_create_pages_table',1),(8,'2016_10_05_074239_create_setting_table',1),(9,'2016_11_28_032840_create_dashboard_widget_tables',1),(10,'2016_12_16_084601_create_widgets_table',1),(11,'2017_05_09_070343_create_media_tables',1),(12,'2017_11_03_070450_create_slug_table',1),(13,'2019_01_05_053554_create_jobs_table',1),(14,'2019_08_19_000000_create_failed_jobs_table',1),(15,'2019_12_14_000001_create_personal_access_tokens_table',1),(16,'2022_04_20_100851_add_index_to_media_table',1),(17,'2022_04_20_101046_add_index_to_menu_table',1),(18,'2022_07_10_034813_move_lang_folder_to_root',1),(19,'2022_08_04_051940_add_missing_column_expires_at',1),(20,'2022_09_01_000001_create_admin_notifications_tables',1),(21,'2022_10_14_024629_drop_column_is_featured',1),(22,'2022_11_18_063357_add_missing_timestamp_in_table_settings',1),(23,'2022_12_02_093615_update_slug_index_columns',1),(24,'2023_01_30_024431_add_alt_to_media_table',1),(25,'2023_02_16_042611_drop_table_password_resets',1),(26,'2023_04_23_005903_add_column_permissions_to_admin_notifications',1),(27,'2023_05_10_075124_drop_column_id_in_role_users_table',1),(28,'2023_08_21_090810_make_page_content_nullable',1),(29,'2023_08_26_080444_fix_missing_copyright_widget',1),(30,'2023_09_07_025340_activate_mollie_and_sale_popup_plugin',1),(31,'2023_09_14_021936_update_index_for_slugs_table',1),(32,'2023_10_27_023808_update_page_metabox',1),(33,'2023_11_22_071805_migrate_header_messages_to_announcements_table',1),(34,'2023_12_06_100448_change_random_hash_for_media',1),(35,'2023_12_07_095130_add_color_column_to_media_folders_table',1),(36,'2023_12_17_162208_make_sure_column_color_in_media_folders_nullable',1),(37,'2020_11_18_150916_ads_create_ads_table',2),(38,'2021_12_02_035301_add_ads_translations_table',2),(39,'2023_04_17_062645_add_open_in_new_tab',2),(40,'2023_11_07_023805_add_tablet_mobile_image',2),(41,'2023_08_11_060908_create_announcements_table',3),(42,'2015_06_29_025744_create_audit_history',4),(43,'2023_11_14_033417_change_request_column_in_table_audit_histories',4),(44,'2015_06_18_033822_create_blog_table',5),(45,'2021_02_16_092633_remove_default_value_for_author_type',5),(46,'2021_12_03_030600_create_blog_translations',5),(47,'2022_04_19_113923_add_index_to_table_posts',5),(48,'2023_08_29_074620_make_column_author_id_nullable',5),(49,'2016_06_17_091537_create_contacts_table',6),(50,'2023_11_10_080225_migrate_contact_blacklist_email_domains_to_core',6),(51,'2020_03_05_041139_create_ecommerce_tables',7),(52,'2021_01_01_044147_ecommerce_create_flash_sale_table',7),(53,'2021_01_17_082713_add_column_is_featured_to_product_collections_table',7),(54,'2021_01_18_024333_add_zip_code_into_table_customer_addresses',7),(55,'2021_02_18_073505_update_table_ec_reviews',7),(56,'2021_03_10_024419_add_column_confirmed_at_to_table_ec_customers',7),(57,'2021_03_10_025153_change_column_tax_amount',7),(58,'2021_03_20_033103_add_column_availability_to_table_ec_products',7),(59,'2021_04_28_074008_ecommerce_create_product_label_table',7),(60,'2021_05_31_173037_ecommerce_create_ec_products_translations',7),(61,'2021_08_17_105016_remove_column_currency_id_in_some_tables',7),(62,'2021_08_30_142128_add_images_column_to_ec_reviews_table',7),(63,'2021_10_04_030050_add_column_created_by_to_table_ec_products',7),(64,'2021_10_05_122616_add_status_column_to_ec_customers_table',7),(65,'2021_11_03_025806_nullable_phone_number_in_ec_customer_addresses',7),(66,'2021_11_23_071403_correct_languages_for_product_variations',7),(67,'2021_11_28_031808_add_product_tags_translations',7),(68,'2021_12_01_031123_add_featured_image_to_ec_products',7),(69,'2022_01_01_033107_update_table_ec_shipments',7),(70,'2022_02_16_042457_improve_product_attribute_sets',7),(71,'2022_03_22_075758_correct_product_name',7),(72,'2022_04_19_113334_add_index_to_ec_products',7),(73,'2022_04_28_144405_remove_unused_table',7),(74,'2022_05_05_115015_create_ec_customer_recently_viewed_products_table',7),(75,'2022_05_18_143720_add_index_to_table_ec_product_categories',7),(76,'2022_06_16_095633_add_index_to_some_tables',7),(77,'2022_06_30_035148_create_order_referrals_table',7),(78,'2022_07_24_153815_add_completed_at_to_ec_orders_table',7),(79,'2022_08_14_032836_create_ec_order_returns_table',7),(80,'2022_08_14_033554_create_ec_order_return_items_table',7),(81,'2022_08_15_040324_add_billing_address',7),(82,'2022_08_30_091114_support_digital_products_table',7),(83,'2022_09_13_095744_create_options_table',7),(84,'2022_09_13_104347_create_option_value_table',7),(85,'2022_10_05_163518_alter_table_ec_order_product',7),(86,'2022_10_12_041517_create_invoices_table',7),(87,'2022_10_12_142226_update_orders_table',7),(88,'2022_10_13_024916_update_table_order_returns',7),(89,'2022_10_21_030830_update_columns_in_ec_shipments_table',7),(90,'2022_10_28_021046_update_columns_in_ec_shipments_table',7),(91,'2022_11_16_034522_update_type_column_in_ec_shipping_rules_table',7),(92,'2022_11_19_041643_add_ec_tax_product_table',7),(93,'2022_12_12_063830_update_tax_defadult_in_ec_tax_products_table',7),(94,'2022_12_17_041532_fix_address_in_order_invoice',7),(95,'2022_12_26_070329_create_ec_product_views_table',7),(96,'2023_01_04_033051_fix_product_categories',7),(97,'2023_01_09_050400_add_ec_global_options_translations_table',7),(98,'2023_01_10_093754_add_missing_option_value_id',7),(99,'2023_01_17_082713_add_column_barcode_and_cost_per_item_to_product_table',7),(100,'2023_01_26_021854_add_ec_customer_used_coupons_table',7),(101,'2023_02_08_015900_update_options_column_in_ec_order_product_table',7),(102,'2023_02_27_095752_remove_duplicate_reviews',7),(103,'2023_03_20_115757_add_user_type_column_to_ec_shipment_histories_table',7),(104,'2023_04_21_082427_create_ec_product_categorizables_table',7),(105,'2023_05_03_011331_add_missing_column_price_into_invoice_items_table',7),(106,'2023_05_17_025812_fix_invoice_issue',7),(107,'2023_05_26_073140_move_option_make_phone_field_optional_at_checkout_page_to_mandatory_fields',7),(108,'2023_05_27_144611_fix_exchange_rate_setting',7),(109,'2023_06_22_084331_add_generate_license_code_to_ec_products_table',7),(110,'2023_06_30_042512_create_ec_order_tax_information_table',7),(111,'2023_07_14_022724_remove_column_id_from_ec_product_collection_products',7),(112,'2023_08_09_012940_remove_column_status_in_ec_product_attributes',7),(113,'2023_08_15_064505_create_ec_tax_rules_table',7),(114,'2023_08_21_021819_make_column_address_in_ec_customer_addresses_nullable',7),(115,'2023_08_22_094114_drop_unique_for_barcode',7),(116,'2023_08_30_031811_add_apply_via_url_column_to_ec_discounts_table',7),(117,'2023_09_07_094312_add_index_to_product_sku_and_translations',7),(118,'2023_09_19_024955_create_discount_product_categories_table',7),(119,'2023_10_17_070728_add_icon_and_icon_image_to_product_categories_table',7),(120,'2023_11_22_154643_add_unique_in_table_ec_products_variations',7),(121,'2023_11_27_032313_add_price_columns_to_ec_product_cross_sale_relations_table',7),(122,'2023_12_06_023945_add_display_on_checkout_column_to_ec_discounts_table',7),(123,'2023_12_25_040604_ec_create_review_replies_table',7),(124,'2023_12_26_090340_add_private_notes_column_to_ec_customers_table',7),(125,'2018_07_09_221238_create_faq_table',8),(126,'2021_12_03_082134_create_faq_translations',8),(127,'2023_11_17_063408_add_description_column_to_faq_categories_table',8),(128,'2016_10_13_150201_create_galleries_table',9),(129,'2021_12_03_082953_create_gallery_translations',9),(130,'2022_04_30_034048_create_gallery_meta_translations_table',9),(131,'2023_08_29_075308_make_column_user_id_nullable',9),(132,'2016_10_03_032336_create_languages_table',10),(133,'2023_09_14_022423_add_index_for_language_table',10),(134,'2021_10_25_021023_fix-priority-load-for-language-advanced',11),(135,'2021_12_03_075608_create_page_translations',11),(136,'2023_07_06_011444_create_slug_translations_table',11),(137,'2019_11_18_061011_create_country_table',12),(138,'2021_12_03_084118_create_location_translations',12),(139,'2021_12_03_094518_migrate_old_location_data',12),(140,'2021_12_10_034440_switch_plugin_location_to_use_language_advanced',12),(141,'2022_01_16_085908_improve_plugin_location',12),(142,'2022_08_04_052122_delete_location_backup_tables',12),(143,'2023_04_23_061847_increase_state_translations_abbreviation_column',12),(144,'2023_07_26_041451_add_more_columns_to_location_table',12),(145,'2023_07_27_041451_add_more_columns_to_location_translation_table',12),(146,'2023_08_15_073307_drop_unique_in_states_cities_translations',12),(147,'2023_10_21_065016_make_state_id_in_table_cities_nullable',12),(148,'2017_10_24_154832_create_newsletter_table',13),(149,'2017_05_18_080441_create_payment_tables',14),(150,'2021_03_27_144913_add_customer_type_into_table_payments',14),(151,'2021_05_24_034720_make_column_currency_nullable',14),(152,'2021_08_09_161302_add_metadata_column_to_payments_table',14),(153,'2021_10_19_020859_update_metadata_field',14),(154,'2022_06_28_151901_activate_paypal_stripe_plugin',14),(155,'2022_07_07_153354_update_charge_id_in_table_payments',14),(156,'2017_07_11_140018_create_simple_slider_table',15),(157,'2022_11_02_092723_team_create_team_table',16),(158,'2023_08_11_094574_update_team_table',16),(159,'2023_11_30_085354_add_missing_description_to_team',16),(160,'2018_07_09_214610_create_testimonial_table',17),(161,'2021_12_03_083642_create_testimonials_translations',17),(162,'2016_10_07_193005_create_translations_table',18),(163,'2023_12_12_105220_drop_translations_table',18);
/*!40000 ALTER TABLE `migrations` ENABLE KEYS */;
UNLOCK TABLES;

--
-- Table structure for table `newsletters`
--

DROP TABLE IF EXISTS `newsletters`;
/*!40101 SET @saved_cs_client     = @@character_set_client */;
/*!50503 SET character_set_client = utf8mb4 */;
CREATE TABLE `newsletters` (
  `id` bigint unsigned NOT NULL AUTO_INCREMENT,
  `email` varchar(120) COLLATE utf8mb4_unicode_ci NOT NULL,
  `name` varchar(120) COLLATE utf8mb4_unicode_ci DEFAULT NULL,
  `status` varchar(60) COLLATE utf8mb4_unicode_ci NOT NULL DEFAULT 'subscribed',
  `created_at` timestamp NULL DEFAULT NULL,
  `updated_at` timestamp NULL DEFAULT NULL,
  PRIMARY KEY (`id`)
) ENGINE=InnoDB DEFAULT CHARSET=utf8mb4 COLLATE=utf8mb4_unicode_ci;
/*!40101 SET character_set_client = @saved_cs_client */;

--
-- Dumping data for table `newsletters`
--

LOCK TABLES `newsletters` WRITE;
/*!40000 ALTER TABLE `newsletters` DISABLE KEYS */;
/*!40000 ALTER TABLE `newsletters` ENABLE KEYS */;
UNLOCK TABLES;

--
-- Table structure for table `pages`
--

DROP TABLE IF EXISTS `pages`;
/*!40101 SET @saved_cs_client     = @@character_set_client */;
/*!50503 SET character_set_client = utf8mb4 */;
CREATE TABLE `pages` (
  `id` bigint unsigned NOT NULL AUTO_INCREMENT,
  `name` varchar(120) COLLATE utf8mb4_unicode_ci NOT NULL,
  `content` longtext COLLATE utf8mb4_unicode_ci,
  `user_id` bigint unsigned DEFAULT NULL,
  `image` varchar(255) COLLATE utf8mb4_unicode_ci DEFAULT NULL,
  `template` varchar(60) COLLATE utf8mb4_unicode_ci DEFAULT NULL,
  `description` varchar(400) COLLATE utf8mb4_unicode_ci DEFAULT NULL,
  `status` varchar(60) COLLATE utf8mb4_unicode_ci NOT NULL DEFAULT 'published',
  `created_at` timestamp NULL DEFAULT NULL,
  `updated_at` timestamp NULL DEFAULT NULL,
  PRIMARY KEY (`id`),
  KEY `pages_user_id_index` (`user_id`)
) ENGINE=InnoDB AUTO_INCREMENT=12 DEFAULT CHARSET=utf8mb4 COLLATE=utf8mb4_unicode_ci;
/*!40101 SET character_set_client = @saved_cs_client */;

--
-- Dumping data for table `pages`
--

LOCK TABLES `pages` WRITE;
/*!40000 ALTER TABLE `pages` DISABLE KEYS */;
INSERT INTO `pages` VALUES (1,'Wooden Home','[simple-slider key=\"slider-home-1\" style=\"wooden\" ads_1=\"IYHICPADQD5X\" ads_2=\"R4YAV9FECJUS\"][/simple-slider][product-categories title=&quot;Top &lt;span&gt;Categories&lt;/span&gt;&quot; category_ids=&quot;10,11,12,13,14,15&quot; style=&quot;wooden&quot;][/product-categories][products style=&quot;wooden&quot; title=&quot;Popular &lt;span&gt;Products&lt;/span&gt;&quot; limit=&quot;10&quot;][/products][deal-product flash_sale_id=\"1\" style=\"wooden\"][/deal-product][gallery title=\"ninico-shop\" limit=\"6\" subtitle=\"Follow On\"][/gallery]',2,NULL,'full-width',NULL,'published','2024-01-06 17:15:59','2024-01-06 17:15:59'),(2,'Fashion Home','[simple-slider key=\"slider-home-2\" style=\"fashion\"][/simple-slider][product-categories title=&quot;Top &lt;span&gt;Categories&lt;/span&gt;&quot; category_ids=&quot;1,2,3,4&quot; style=&quot;fashion&quot;][/product-categories][products style=&quot;fashion&quot; title=&quot;Popular &lt;span&gt;Products&lt;/span&gt;&quot; limit=&quot;10&quot;][/products][theme-ads key_1=\"QPTCBJBOJOSY\" key_2=\"T2VFLDYYIJEH\"][/theme-ads][featured-posts title=\"Popular Posts\" limit=\"4\"][/featured-posts][brands title=\"Happy Sponsors\" quantity=\"6\" name_1=\"Bustle\" image_1=\"brands/brand-01.png\" link_1=\"#\" name_2=\"Bazaar\" image_2=\"brands/brand-02.png\" link_2=\"#\" name_3=\"goop\" image_3=\"brands/brand-03.png\" link_3=\"#\" name_4=\"Brit + Co\" image_4=\"brands/brand-04.png\" link_4=\"#\" name_5=\"The Coveteur\" image_5=\"brands/brand-05.png\" link_5=\"#\" name_6=\"allure\" image_6=\"brands/brand-06.png\" link_6=\"#\"][/brands]',2,NULL,'full-width',NULL,'published','2024-01-06 17:15:59','2024-01-06 17:15:59'),(3,'Furniture Home','[simple-slider key=\"slider-furniture\" style=\"furniture\"][/simple-slider][services quantity=\"4\" title_1=\"Free shipping\" description_1=\"Free shipping on orders over.\" image_1=\"icons/box.png\" title_2=\"Free Returns\" description_2=\"30-days free return policy\" image_2=\"icons/car.png\" title_3=\"Secured Payments\" description_3=\"We accept all major credit cards\" image_3=\"icons/payment.png\" title_4=\"Customer Service\" description_4=\"Top notch customer service\" image_4=\"icons/hours.png\"][/services][products style=&quot;wooden&quot; title=&quot;Popular &lt;span&gt;Products&lt;/span&gt;&quot; limit=&quot;10&quot;][/products][theme-ads style=\"furniture\" key_1=\"JO7LLJHFH1RO\" key_2=\"L8GDJUBVD2TQ\" key_3=\"PXJPAXLOCVRS\"][/theme-ads][deal-product flash_sale_id=\"1\"][/deal-product][products-slide title=\"Top Sell In Month\" limit=\"5\" type=\"trending\"][/products-slide][brands title=\"Happy Sponsors\" background_color=\"#040404\" quantity=\"6\" name_1=\"Bustle\" image_1=\"brands/brand-w-01.png\" link_1=\"https://www.bustle.com\" name_2=\"Bazaar\" image_2=\"brands/brand-w-02.png\" link_2=\"https://www.harpersbazaar.com\" name_3=\"Goop\" image_3=\"brands/brand-w-03.png\" link_3=\"https://goop.com/\" name_4=\"Brit + Co\" image_4=\"brands/brand-w-04.png\" link_4=\"https://www.brit.co\" name_5=\"The Couture Club\" image_5=\"brands/brand-w-05.png\" link_5=\"https://www.thecoutureclub.com\" name_6=\"Allure\" image_6=\"brands/brand-w-06.png\" link_6=\"https://www.allure.com\"][/brands][featured-posts title=\"Blog & Insights\" limit=\"4\" type=\"popular\" url=\"/blog\"][/featured-posts]',2,NULL,'full-width',NULL,'published','2024-01-06 17:16:00','2024-01-06 17:16:00'),(4,'Cosmetics Home','[simple-slider key=\"slider-cosmetics\" style=\"cosmetics\"][/simple-slider][brands background_color=\"#F7EFEC\" quantity=\"6\" name_1=\"Bustle\" image_1=\"brands/pla-brand-01.png\" link_1=\"https://www.bustle.com\" name_2=\"Bazaar\" image_2=\"brands/pla-brand-02.png\" link_2=\"https://www.harpersbazaar.com\" name_3=\"Goop\" image_3=\"brands/pla-brand-03.png\" link_3=\"https://goop.com/\" name_4=\"Brit + Co\" image_4=\"brands/pla-brand-04.png\" link_4=\"https://www.brit.co\" name_5=\"The Couture Club\" image_5=\"brands/pla-brand-05.png\" link_5=\"https://www.thecoutureclub.com\" name_6=\"Allure\" image_6=\"brands/pla-brand-06.png\" link_6=\"https://www.allure.com\"][/brands][product-collections collection_ids=\"4,5,6,7\"][/product-collections][products style=&quot;wooden&quot; title=&quot;Popular &lt;span&gt;Products&lt;/span&gt;&quot; limit=&quot;4&quot;][/products][product-categories category_ids=\"10,11,12,13,14,15\" style=\"cosmetics\"][/product-categories][deal-product flash_sale_id=\"1\" style=\"cosmetics\" marque_text=\"Great Deal Of The Day Shop Now\" marque_highlight_text=\"Shop Now\" marque_highlight_url=\"/products\" highlight_background=\"blog/9.jpg\"][/deal-product][testimonials title=\"User Feedbacks\" limit=\"3\"][/testimonials][featured-posts title=\"Blog & Insights\" limit=\"4\" type=\"popular\" url=\"/blog\"][/featured-posts]',2,NULL,'full-width',NULL,'published','2024-01-06 17:16:00','2024-01-06 17:16:00'),(5,'Food Grocery Home','[simple-slider key=\"slider-grocery\" style=\"grocery\" ads_1=\"EMRCINED6AX9\" ads_2=\"JVMDAIB9HO2I\" background_image=\"banners/banner-bg-05.jpg\"][/simple-slider][services quantity=\"4\" title_1=\"Free shipping\" description_1=\"Free shipping on orders over.\" image_1=\"icons/box.png\" title_2=\"Free Returns\" description_2=\"30-days free return policy\" image_2=\"icons/car.png\" title_3=\"Secured Payments\" description_3=\"We accept all major credit cards\" image_3=\"icons/payment.png\" title_4=\"Customer Service\" description_4=\"Top notch customer service\" image_4=\"icons/hours.png\"][/services][products style=&quot;wooden&quot; title=&quot;Popular &lt;span&gt;Products&lt;/span&gt;&quot; limit=&quot;10&quot;][/products][deal-product flash_sale_id=\"1\" style=\"cosmetics\"][/deal-product][products-by-categories category_ids=\"2,3,6,11\" number_of_products=\"4\"][/products-by-categories][testimonials title=\"User Feedbacks\" limit=\"3\" background_color=\"#F7EFEC\" card_color=\"#FFFFFF\"][/testimonials][featured-posts title=\"Blog & Insights\" limit=\"4\" url=\"/blog\"][/featured-posts]',2,NULL,'full-width',NULL,'published','2024-01-06 17:16:00','2024-01-06 17:16:00'),(6,'Blog',NULL,2,NULL,NULL,NULL,'published','2024-01-06 17:16:00','2024-01-06 17:16:00'),(7,'About','[about image_1=\"banners/about-img-1.jpg\" image_2=\"banners/about-img-2.jpg\" logo=\"banners/about-img-3.png\" title=\"About Our Story\" subtitle=\"About Us\" story_text_1=\"Publish your eCommerce site quickly with our easy-to-use store builder— no coding required. Migrate your items from your point of sale system or turn your Instagram feed into a shopping site and start selling fast. Square Online works for all kinds of businesses—retail, restaurants, services without costly customization or add ons. Get orders to your customers in lots of ways by offering shipping, pickup, delivery, and even QR code ordering.\" story_text_2=\"Expand your reach and sell more using seamless integrations with Google, Instagram, Facebook, and more. Built- in SEO tools make it easy for shoppers to find your business on search engines. Get access to the entire suite of integrated Square solutions to help you run your business. Integration between Square Online and all Square point of sale systems makes inventory management easy. Subscribe to Square Marketing and easily send email promotions to your customers using the contact information.\" list_item_1=\"Orders go right to your restaurant point of sale, KDS, and kitchen\" list_item_url_1=\"#\" list_item_2=\"Provide in-person pickup, & delivery by professional couriers\" list_item_url_2=\"#\" list_item_3=\"Offer in-person diners self-serve, contactless ordering via QR codes.\" list_item_url_3=\"#\"][/about][team title=\"Meet With Team\" subtitle=\"Team\" team_ids=\"1,2,3,4\"][/team][features quantity=\"2\" title_1=\"Solutions that work together\" subtitle_1=\"Features #01\" description_1=\"Publish your eCommerce site quickly with our easy-to-use store builder— no coding required. Migrate your items from your point of sale system or turn your Instagram feed into a shopping site and start selling fast. Square Online works for all kinds of businesses—retail, restaurants, services.\" image_1=\"banners/about-banner-1.jpg\" button_label_1=\"Get In Touch\" button_url_1=\"#\" title_2=\"All kinds of payments securely\" subtitle_2=\"Features #02\" description_2=\"Publish your eCommerce site quickly with our easy-to-use store builder— no coding required. Migrate your items from your point of sale system or turn your Instagram feed into a shopping site and start selling fast. Square Online works for all kinds of businesses—retail, restaurants, services.\" image_2=\"banners/about-banner-2.jpg\" button_label_2=\"Contact With Us\" button_url_2=\"#\"][/features]',2,NULL,'default',NULL,'published','2024-01-06 17:16:00','2024-01-06 17:16:00'),(8,'Contact','[contact-box title=\"Get In Touch\" address=\"24/26 Strait Bargate, Boston, PE21, United Kingdom\" phone=\" +098 (905) 786 897 8\" email=\"ninico@example.com\" hours=\"10 am - 10 pm EST, 7 days a week\" show_contact_form=\"1\" button_label_1=\"Get Support On Call\" button_url_1=\"#\" button_icon_1=\"fa fa-headphones-alt\" button_label_2=\"Get Direction\" button_url_2=\"#\" button_icon_2=\"fa fa-map-marker-alt\"][/contact-box][google-map]24/26 Strait Bargate, Boston, PE21, United Kingdom[/google-map]',2,NULL,NULL,NULL,'published','2024-01-06 17:16:00','2024-01-06 17:16:00'),(9,'Coming soon','[coming-soon title=\"We are Coming Soon\" subtitle=\"Coming Soon!\" time=\"2025-10-24\" background_image=\"banners/coming-soon.jpg\" logo_style=\"general/logo-white.png\" show_subscribe_form=\"1\"][/coming-soon]',2,NULL,'blank',NULL,'published','2024-01-06 17:16:00','2024-01-06 17:16:00'),(10,'Store Locator','[shop-location quantity=\"4\" name_1=\"Baldwin Hills Crenshaw Plaza\" address_1=\"24/26 Strait Bargate, Boston, PE21, United Kingdom\" phone_1=\"+098 (905) 786 897 8\" hours_1=\"10 am - 10 pm EST, 7 days a week\" image_1=\"shop/location-1.png\" name_2=\"Ninico Hills Crenshaw Plaza\" address_2=\" 36/26 Strait Bargate, Boston, PE21, United Kingdom\" phone_2=\"+098 112 786 897 8\" hours_2=\"9 am - 10 pm EST, 5 days a week\" image_2=\"shop/location-2.png\" name_3=\"Vegas BGM Crenshaw Plaza\" address_3=\"40/26 Strait Bargate, Vegas, PE21, United Kingdom\" phone_3=\" +098 (905) 786 897 8\" hours_3=\"10 am - 10 pm EST, 7 days a week\" image_3=\"shop/location-3.png\" name_4=\"Bargate Cine Crenshaw Plaza\" address_4=\"38/26 Strait Bargate, Point, PE21, United Kingdom\" phone_4=\"6 - 146 - 389 - 5748\" hours_4=\"10 am - 10 pm EST, 7 days a week\" image_4=\"shop/location-4.png\"][/shop-location][google-map]New York, USA[/google-map]',2,NULL,NULL,NULL,'published','2024-01-06 17:16:00','2024-01-06 17:16:00'),(11,'FAQs','[faqs category_ids=\"1,2,3\"][/faqs]Get in touch<p>&nbsp;</p>\n                    <p>&nbsp;</p>\n                    <p><span style=\"font-size:24px;\"><strong>Get in touch</strong></span></p>[contact-form][/contact-form]',2,NULL,NULL,NULL,'published','2024-01-06 17:16:00','2024-01-06 17:16:00');
/*!40000 ALTER TABLE `pages` ENABLE KEYS */;
UNLOCK TABLES;

--
-- Table structure for table `pages_translations`
--

DROP TABLE IF EXISTS `pages_translations`;
/*!40101 SET @saved_cs_client     = @@character_set_client */;
/*!50503 SET character_set_client = utf8mb4 */;
CREATE TABLE `pages_translations` (
  `lang_code` varchar(20) COLLATE utf8mb4_unicode_ci NOT NULL,
  `pages_id` bigint unsigned NOT NULL,
  `name` varchar(255) COLLATE utf8mb4_unicode_ci DEFAULT NULL,
  `description` varchar(400) COLLATE utf8mb4_unicode_ci DEFAULT NULL,
  `content` longtext COLLATE utf8mb4_unicode_ci,
  PRIMARY KEY (`lang_code`,`pages_id`)
) ENGINE=InnoDB DEFAULT CHARSET=utf8mb4 COLLATE=utf8mb4_unicode_ci;
/*!40101 SET character_set_client = @saved_cs_client */;

--
-- Dumping data for table `pages_translations`
--

LOCK TABLES `pages_translations` WRITE;
/*!40000 ALTER TABLE `pages_translations` DISABLE KEYS */;
/*!40000 ALTER TABLE `pages_translations` ENABLE KEYS */;
UNLOCK TABLES;

--
-- Table structure for table `password_reset_tokens`
--

DROP TABLE IF EXISTS `password_reset_tokens`;
/*!40101 SET @saved_cs_client     = @@character_set_client */;
/*!50503 SET character_set_client = utf8mb4 */;
CREATE TABLE `password_reset_tokens` (
  `email` varchar(191) COLLATE utf8mb4_unicode_ci NOT NULL,
  `token` varchar(191) COLLATE utf8mb4_unicode_ci NOT NULL,
  `created_at` timestamp NULL DEFAULT NULL,
  PRIMARY KEY (`email`)
) ENGINE=InnoDB DEFAULT CHARSET=utf8mb4 COLLATE=utf8mb4_unicode_ci;
/*!40101 SET character_set_client = @saved_cs_client */;

--
-- Dumping data for table `password_reset_tokens`
--

LOCK TABLES `password_reset_tokens` WRITE;
/*!40000 ALTER TABLE `password_reset_tokens` DISABLE KEYS */;
/*!40000 ALTER TABLE `password_reset_tokens` ENABLE KEYS */;
UNLOCK TABLES;

--
-- Table structure for table `payments`
--

DROP TABLE IF EXISTS `payments`;
/*!40101 SET @saved_cs_client     = @@character_set_client */;
/*!50503 SET character_set_client = utf8mb4 */;
CREATE TABLE `payments` (
  `id` bigint unsigned NOT NULL AUTO_INCREMENT,
  `currency` varchar(120) COLLATE utf8mb4_unicode_ci DEFAULT NULL,
  `user_id` bigint unsigned NOT NULL DEFAULT '0',
  `charge_id` varchar(255) COLLATE utf8mb4_unicode_ci DEFAULT NULL,
  `payment_channel` varchar(60) COLLATE utf8mb4_unicode_ci DEFAULT NULL,
  `description` varchar(255) COLLATE utf8mb4_unicode_ci DEFAULT NULL,
  `amount` decimal(15,2) unsigned NOT NULL,
  `order_id` bigint unsigned DEFAULT NULL,
  `status` varchar(60) COLLATE utf8mb4_unicode_ci DEFAULT 'pending',
  `payment_type` varchar(191) COLLATE utf8mb4_unicode_ci DEFAULT 'confirm',
  `customer_id` bigint unsigned DEFAULT NULL,
  `refunded_amount` decimal(15,2) unsigned DEFAULT NULL,
  `refund_note` varchar(255) COLLATE utf8mb4_unicode_ci DEFAULT NULL,
  `created_at` timestamp NULL DEFAULT NULL,
  `updated_at` timestamp NULL DEFAULT NULL,
  `customer_type` varchar(255) COLLATE utf8mb4_unicode_ci DEFAULT NULL,
  `metadata` mediumtext COLLATE utf8mb4_unicode_ci,
  PRIMARY KEY (`id`)
) ENGINE=InnoDB AUTO_INCREMENT=21 DEFAULT CHARSET=utf8mb4 COLLATE=utf8mb4_unicode_ci;
/*!40101 SET character_set_client = @saved_cs_client */;

--
-- Dumping data for table `payments`
--

LOCK TABLES `payments` WRITE;
/*!40000 ALTER TABLE `payments` DISABLE KEYS */;
INSERT INTO `payments` VALUES (1,'USD',0,'CG5ODKTY4I','bank_transfer',NULL,2358.00,1,'pending','confirm',4,NULL,NULL,'2024-01-06 17:16:20','2024-01-06 17:16:20','Botble\\Ecommerce\\Models\\Customer',NULL),(2,'USD',0,'OKBCBASQQ3','stripe',NULL,2869.00,2,'completed','confirm',4,NULL,NULL,'2024-01-06 17:16:20','2024-01-06 17:16:20','Botble\\Ecommerce\\Models\\Customer',NULL),(3,'USD',0,'QOFISR8CV5','stripe',NULL,3405.00,3,'completed','confirm',2,NULL,NULL,'2024-01-06 17:16:21','2024-01-06 17:16:21','Botble\\Ecommerce\\Models\\Customer',NULL),(4,'USD',0,'H6LEH0Q9QV','bank_transfer',NULL,2396.00,4,'pending','confirm',6,NULL,NULL,'2024-01-06 17:16:21','2024-01-06 17:16:21','Botble\\Ecommerce\\Models\\Customer',NULL),(5,'USD',0,'EWIQ2KNSQT','stripe',NULL,427.00,5,'completed','confirm',9,NULL,NULL,'2024-01-06 17:16:21','2024-01-06 17:16:21','Botble\\Ecommerce\\Models\\Customer',NULL),(6,'USD',0,'974LQWSAAS','mollie',NULL,1060.00,6,'completed','confirm',5,NULL,NULL,'2024-01-06 17:16:21','2024-01-06 17:16:21','Botble\\Ecommerce\\Models\\Customer',NULL),(7,'USD',0,'HUJNNYHHOD','paypal',NULL,862.00,7,'completed','confirm',8,NULL,NULL,'2024-01-06 17:16:21','2024-01-06 17:16:21','Botble\\Ecommerce\\Models\\Customer',NULL),(8,'USD',0,'2ZL9ZV36NQ','paystack',NULL,1652.00,8,'completed','confirm',6,NULL,NULL,'2024-01-06 17:16:22','2024-01-06 17:16:22','Botble\\Ecommerce\\Models\\Customer',NULL),(9,'USD',0,'5MTNCVLUAP','paypal',NULL,2340.00,9,'completed','confirm',5,NULL,NULL,'2024-01-06 17:16:22','2024-01-06 17:16:22','Botble\\Ecommerce\\Models\\Customer',NULL),(10,'USD',0,'LR6WTMTZWS','mollie',NULL,1516.00,10,'completed','confirm',5,NULL,NULL,'2024-01-06 17:16:22','2024-01-06 17:16:22','Botble\\Ecommerce\\Models\\Customer',NULL),(11,'USD',0,'7BUPHCIG5W','paystack',NULL,830.00,11,'completed','confirm',2,NULL,NULL,'2024-01-06 17:16:22','2024-01-06 17:16:22','Botble\\Ecommerce\\Models\\Customer',NULL),(12,'USD',0,'9LFQD6EACX','paystack',NULL,3355.00,12,'completed','confirm',4,NULL,NULL,'2024-01-06 17:16:22','2024-01-06 17:16:22','Botble\\Ecommerce\\Models\\Customer',NULL),(13,'USD',0,'WQXZM1RWKC','mollie',NULL,2788.00,13,'completed','confirm',4,NULL,NULL,'2024-01-06 17:16:22','2024-01-06 17:16:22','Botble\\Ecommerce\\Models\\Customer',NULL),(14,'USD',0,'05XVW3UGIS','cod',NULL,634.00,14,'pending','confirm',1,NULL,NULL,'2024-01-06 17:16:23','2024-01-06 17:16:23','Botble\\Ecommerce\\Models\\Customer',NULL),(15,'USD',0,'HIYBQE9ZUK','cod',NULL,1685.00,15,'pending','confirm',1,NULL,NULL,'2024-01-06 17:16:23','2024-01-06 17:16:23','Botble\\Ecommerce\\Models\\Customer',NULL),(16,'USD',0,'OK2MWRJTUZ','bank_transfer',NULL,832.00,16,'pending','confirm',6,NULL,NULL,'2024-01-06 17:16:23','2024-01-06 17:16:23','Botble\\Ecommerce\\Models\\Customer',NULL),(17,'USD',0,'BZ57KBR1YZ','cod',NULL,1911.00,17,'pending','confirm',10,NULL,NULL,'2024-01-06 17:16:23','2024-01-06 17:16:23','Botble\\Ecommerce\\Models\\Customer',NULL),(18,'USD',0,'SWUKOT4KHJ','stripe',NULL,2756.00,18,'completed','confirm',10,NULL,NULL,'2024-01-06 17:16:23','2024-01-06 17:16:23','Botble\\Ecommerce\\Models\\Customer',NULL),(19,'USD',0,'NX6DPXN8KY','razorpay',NULL,1351.00,19,'completed','confirm',10,NULL,NULL,'2024-01-06 17:16:23','2024-01-06 17:16:23','Botble\\Ecommerce\\Models\\Customer',NULL),(20,'USD',0,'USEEKTV2HS','stripe',NULL,1947.00,20,'completed','confirm',3,NULL,NULL,'2024-01-06 17:16:24','2024-01-06 17:16:24','Botble\\Ecommerce\\Models\\Customer',NULL);
/*!40000 ALTER TABLE `payments` ENABLE KEYS */;
UNLOCK TABLES;

--
-- Table structure for table `personal_access_tokens`
--

DROP TABLE IF EXISTS `personal_access_tokens`;
/*!40101 SET @saved_cs_client     = @@character_set_client */;
/*!50503 SET character_set_client = utf8mb4 */;
CREATE TABLE `personal_access_tokens` (
  `id` bigint unsigned NOT NULL AUTO_INCREMENT,
  `tokenable_type` varchar(191) COLLATE utf8mb4_unicode_ci NOT NULL,
  `tokenable_id` bigint unsigned NOT NULL,
  `name` varchar(191) COLLATE utf8mb4_unicode_ci NOT NULL,
  `token` varchar(64) COLLATE utf8mb4_unicode_ci NOT NULL,
  `abilities` text COLLATE utf8mb4_unicode_ci,
  `last_used_at` timestamp NULL DEFAULT NULL,
  `expires_at` timestamp NULL DEFAULT NULL,
  `created_at` timestamp NULL DEFAULT NULL,
  `updated_at` timestamp NULL DEFAULT NULL,
  PRIMARY KEY (`id`),
  UNIQUE KEY `personal_access_tokens_token_unique` (`token`),
  KEY `personal_access_tokens_tokenable_type_tokenable_id_index` (`tokenable_type`,`tokenable_id`)
) ENGINE=InnoDB DEFAULT CHARSET=utf8mb4 COLLATE=utf8mb4_unicode_ci;
/*!40101 SET character_set_client = @saved_cs_client */;

--
-- Dumping data for table `personal_access_tokens`
--

LOCK TABLES `personal_access_tokens` WRITE;
/*!40000 ALTER TABLE `personal_access_tokens` DISABLE KEYS */;
/*!40000 ALTER TABLE `personal_access_tokens` ENABLE KEYS */;
UNLOCK TABLES;

--
-- Table structure for table `post_categories`
--

DROP TABLE IF EXISTS `post_categories`;
/*!40101 SET @saved_cs_client     = @@character_set_client */;
/*!50503 SET character_set_client = utf8mb4 */;
CREATE TABLE `post_categories` (
  `category_id` bigint unsigned NOT NULL,
  `post_id` bigint unsigned NOT NULL,
  KEY `post_categories_category_id_index` (`category_id`),
  KEY `post_categories_post_id_index` (`post_id`)
) ENGINE=InnoDB DEFAULT CHARSET=utf8mb4 COLLATE=utf8mb4_unicode_ci;
/*!40101 SET character_set_client = @saved_cs_client */;

--
-- Dumping data for table `post_categories`
--

LOCK TABLES `post_categories` WRITE;
/*!40000 ALTER TABLE `post_categories` DISABLE KEYS */;
INSERT INTO `post_categories` VALUES (2,1),(3,1),(4,2),(1,2),(1,3),(3,4),(1,4),(1,5),(3,5),(2,6),(1,6),(3,7),(4,7),(2,8),(1,8),(4,9),(3,9),(2,10),(1,10),(3,11),(2,11);
/*!40000 ALTER TABLE `post_categories` ENABLE KEYS */;
UNLOCK TABLES;

--
-- Table structure for table `post_tags`
--

DROP TABLE IF EXISTS `post_tags`;
/*!40101 SET @saved_cs_client     = @@character_set_client */;
/*!50503 SET character_set_client = utf8mb4 */;
CREATE TABLE `post_tags` (
  `tag_id` bigint unsigned NOT NULL,
  `post_id` bigint unsigned NOT NULL,
  KEY `post_tags_tag_id_index` (`tag_id`),
  KEY `post_tags_post_id_index` (`post_id`)
) ENGINE=InnoDB DEFAULT CHARSET=utf8mb4 COLLATE=utf8mb4_unicode_ci;
/*!40101 SET character_set_client = @saved_cs_client */;

--
-- Dumping data for table `post_tags`
--

LOCK TABLES `post_tags` WRITE;
/*!40000 ALTER TABLE `post_tags` DISABLE KEYS */;
INSERT INTO `post_tags` VALUES (3,1),(5,1),(5,2),(1,2),(1,3),(4,3),(5,3),(5,4),(2,5),(1,5),(3,5),(5,6),(2,6),(3,6),(3,7),(4,7),(5,8),(1,8),(3,9),(5,9),(1,10),(2,10),(3,10),(4,11),(3,11),(2,11);
/*!40000 ALTER TABLE `post_tags` ENABLE KEYS */;
UNLOCK TABLES;

--
-- Table structure for table `posts`
--

DROP TABLE IF EXISTS `posts`;
/*!40101 SET @saved_cs_client     = @@character_set_client */;
/*!50503 SET character_set_client = utf8mb4 */;
CREATE TABLE `posts` (
  `id` bigint unsigned NOT NULL AUTO_INCREMENT,
  `name` varchar(255) COLLATE utf8mb4_unicode_ci NOT NULL,
  `description` varchar(400) COLLATE utf8mb4_unicode_ci DEFAULT NULL,
  `content` longtext COLLATE utf8mb4_unicode_ci,
  `status` varchar(60) COLLATE utf8mb4_unicode_ci NOT NULL DEFAULT 'published',
  `author_id` bigint unsigned DEFAULT NULL,
  `author_type` varchar(255) COLLATE utf8mb4_unicode_ci NOT NULL DEFAULT 'Botble\\ACL\\Models\\User',
  `is_featured` tinyint unsigned NOT NULL DEFAULT '0',
  `image` varchar(255) COLLATE utf8mb4_unicode_ci DEFAULT NULL,
  `views` int unsigned NOT NULL DEFAULT '0',
  `format_type` varchar(30) COLLATE utf8mb4_unicode_ci DEFAULT NULL,
  `created_at` timestamp NULL DEFAULT NULL,
  `updated_at` timestamp NULL DEFAULT NULL,
  PRIMARY KEY (`id`),
  KEY `posts_status_index` (`status`),
  KEY `posts_author_id_index` (`author_id`),
  KEY `posts_author_type_index` (`author_type`),
  KEY `posts_created_at_index` (`created_at`)
) ENGINE=InnoDB AUTO_INCREMENT=12 DEFAULT CHARSET=utf8mb4 COLLATE=utf8mb4_unicode_ci;
/*!40101 SET character_set_client = @saved_cs_client */;

--
-- Dumping data for table `posts`
--

LOCK TABLES `posts` WRITE;
/*!40000 ALTER TABLE `posts` DISABLE KEYS */;
INSERT INTO `posts` VALUES (1,'4 Expert Tips On How To Choose The Right Men’s Wallet','After a while, finding that nothing more happened, she decided on going into the court, arm-in-arm with the other: the Duchess and the cool fountains. CHAPTER VIII. The Queen\'s argument was, that.','<p>I have seen many people underestimating the power of their wallets. To them, they are just a functional item they use to carry. As a result, they often end up with the wallets which are not really suitable for them.</p>\n\n<p>You should pay more attention when you choose your wallets. There are a lot of them on the market with the different designs and styles. When you choose carefully, you would be able to buy a wallet that is catered to your needs. Not to mention that it will help to enhance your style significantly.</p>\n\n<p style=\"text-align:center\"><img alt=\"f4\" src=\"/storage/blog/blog-in-01.jpg\" /></p>\n\n<p><br />\n    &nbsp;</p>\n\n<p><strong><em>For all of the reason above, here are 7 expert tips to help you pick up the right men&rsquo;s wallet for you:</em></strong></p>\n\n<h4><strong>Number 1: Choose A Neat Wallet</strong></h4>\n\n<p>The wallet is an essential accessory that you should go simple. Simplicity is the best in this case. A simple and neat wallet with the plain color and even&nbsp;<strong>minimalist style</strong>&nbsp;is versatile. It can be used for both formal and casual events. In addition, that wallet will go well with most of the clothes in your wardrobe.</p>\n\n<p>Keep in mind that a wallet will tell other people about your personality and your fashion sense as much as other clothes you put on. Hence, don&rsquo;t go cheesy on your wallet or else people will think that you have a funny and particular style.</p>\n\n<p style=\"text-align:center\"><img alt=\"f5\" src=\"/storage/blog/blog-in-02.jpg\" /></p>\n\n<p><br />\n    &nbsp;</p>\n<hr />\n<h4><strong>Number 2: Choose The Right Size For Your Wallet</strong></h4>\n\n<p>You should avoid having an over-sized wallet. Don&rsquo;t think that you need to buy a big wallet because you have a lot to carry with you. In addition, a fat wallet is very ugly. It will make it harder for you to slide the wallet into your trousers&rsquo; pocket. In addition, it will create a bulge and ruin your look.</p>\n\n<p>Before you go on to buy a new wallet, clean out your wallet and place all the items from your wallet on a table. Throw away things that you would never need any more such as the old bills or the expired gift cards. Remember to check your wallet on a frequent basis to get rid of all of the old stuff that you don&rsquo;t need anymore.</p>\n\n<p style=\"text-align:center\"><img alt=\"f1\" src=\"/storage/blog/blog-in-03.jpg\" /></p>\n\n<p><br />\n    &nbsp;</p>\n\n<hr />\n<h4><strong>Number 3: Don&rsquo;t Limit Your Options Of Materials</strong></h4>\n\n<p>The types and designs of wallets are not the only things that you should consider when you go out searching for your best wallet. You have more than 1 option of material rather than leather to choose from as well.</p>\n\n<p>You can experiment with other available options such as cotton, polyester and canvas. They all have their own pros and cons. As a result, they will be suitable for different needs and requirements. You should think about them all in order to choose the material which you would like the most.</p>\n\n<p style=\"text-align:center\"><img alt=\"f6\" src=\"/storage/blog/blog-in-04.jpg\" /></p>\n\n<p><br />\n    &nbsp;</p>\n\n<hr />\n<h4><strong>Number 4: Consider A Wallet As A Long Term Investment</strong></h4>\n\n<p>Your wallet is indeed an investment that you should consider spending a decent amount of time and effort on it. Another factor that you need to consider is how much you want to spend on your wallet. The price ranges of wallets on the market vary a great deal. You can find a wallet which is as cheap as about 5 to 7 dollars. On the other hand, you should expect to pay around 250 to 300 dollars for a high-quality wallet.</p>\n\n<p>In case you need a wallet to use for a long time, it is a good idea that you should invest a decent amount of money on a wallet. A high quality wallet from a reputational brand with the premium quality such as cowhide leather will last for a long time. In addition, it is an accessory to show off your fashion sense and your social status.</p>\n\n<p style=\"text-align:center\"><img alt=\"f2\" src=\"/storage/blog/blog-in-05.jpg\" /></p>\n\n<p>&nbsp;</p>\n','published',1,'Botble\\ACL\\Models\\User',1,'blog/1.jpg',573,NULL,'2024-01-06 17:15:58','2024-01-06 17:15:58'),(2,'Sexy Clutches: How to Buy &amp; Wear a Designer Clutch Bag','YOU like cats if you want to go and get in at the window.\' \'THAT you won\'t\' thought Alice, \'they\'re sure to make herself useful, and looking anxiously round to see how the game began. Alice gave a.','<p>I have seen many people underestimating the power of their wallets. To them, they are just a functional item they use to carry. As a result, they often end up with the wallets which are not really suitable for them.</p>\n\n<p>You should pay more attention when you choose your wallets. There are a lot of them on the market with the different designs and styles. When you choose carefully, you would be able to buy a wallet that is catered to your needs. Not to mention that it will help to enhance your style significantly.</p>\n\n<p style=\"text-align:center\"><img alt=\"f4\" src=\"/storage/blog/blog-in-01.jpg\" /></p>\n\n<p><br />\n    &nbsp;</p>\n\n<p><strong><em>For all of the reason above, here are 7 expert tips to help you pick up the right men&rsquo;s wallet for you:</em></strong></p>\n\n<h4><strong>Number 1: Choose A Neat Wallet</strong></h4>\n\n<p>The wallet is an essential accessory that you should go simple. Simplicity is the best in this case. A simple and neat wallet with the plain color and even&nbsp;<strong>minimalist style</strong>&nbsp;is versatile. It can be used for both formal and casual events. In addition, that wallet will go well with most of the clothes in your wardrobe.</p>\n\n<p>Keep in mind that a wallet will tell other people about your personality and your fashion sense as much as other clothes you put on. Hence, don&rsquo;t go cheesy on your wallet or else people will think that you have a funny and particular style.</p>\n\n<p style=\"text-align:center\"><img alt=\"f5\" src=\"/storage/blog/blog-in-02.jpg\" /></p>\n\n<p><br />\n    &nbsp;</p>\n<hr />\n<h4><strong>Number 2: Choose The Right Size For Your Wallet</strong></h4>\n\n<p>You should avoid having an over-sized wallet. Don&rsquo;t think that you need to buy a big wallet because you have a lot to carry with you. In addition, a fat wallet is very ugly. It will make it harder for you to slide the wallet into your trousers&rsquo; pocket. In addition, it will create a bulge and ruin your look.</p>\n\n<p>Before you go on to buy a new wallet, clean out your wallet and place all the items from your wallet on a table. Throw away things that you would never need any more such as the old bills or the expired gift cards. Remember to check your wallet on a frequent basis to get rid of all of the old stuff that you don&rsquo;t need anymore.</p>\n\n<p style=\"text-align:center\"><img alt=\"f1\" src=\"/storage/blog/blog-in-03.jpg\" /></p>\n\n<p><br />\n    &nbsp;</p>\n\n<hr />\n<h4><strong>Number 3: Don&rsquo;t Limit Your Options Of Materials</strong></h4>\n\n<p>The types and designs of wallets are not the only things that you should consider when you go out searching for your best wallet. You have more than 1 option of material rather than leather to choose from as well.</p>\n\n<p>You can experiment with other available options such as cotton, polyester and canvas. They all have their own pros and cons. As a result, they will be suitable for different needs and requirements. You should think about them all in order to choose the material which you would like the most.</p>\n\n<p style=\"text-align:center\"><img alt=\"f6\" src=\"/storage/blog/blog-in-04.jpg\" /></p>\n\n<p><br />\n    &nbsp;</p>\n\n<hr />\n<h4><strong>Number 4: Consider A Wallet As A Long Term Investment</strong></h4>\n\n<p>Your wallet is indeed an investment that you should consider spending a decent amount of time and effort on it. Another factor that you need to consider is how much you want to spend on your wallet. The price ranges of wallets on the market vary a great deal. You can find a wallet which is as cheap as about 5 to 7 dollars. On the other hand, you should expect to pay around 250 to 300 dollars for a high-quality wallet.</p>\n\n<p>In case you need a wallet to use for a long time, it is a good idea that you should invest a decent amount of money on a wallet. A high quality wallet from a reputational brand with the premium quality such as cowhide leather will last for a long time. In addition, it is an accessory to show off your fashion sense and your social status.</p>\n\n<p style=\"text-align:center\"><img alt=\"f2\" src=\"/storage/blog/blog-in-05.jpg\" /></p>\n\n<p>&nbsp;</p>\n','published',1,'Botble\\ACL\\Models\\User',1,'blog/2.jpg',2452,NULL,'2024-01-06 17:15:58','2024-01-06 17:15:58'),(3,'The Top 2020 Handbag Trends to Know','This answer so confused poor Alice, and her eyes anxiously fixed on it, (\'which certainly was not easy to take out of the Rabbit\'s voice; and Alice looked up, but it was a most extraordinary noise.','<p>I have seen many people underestimating the power of their wallets. To them, they are just a functional item they use to carry. As a result, they often end up with the wallets which are not really suitable for them.</p>\n\n<p>You should pay more attention when you choose your wallets. There are a lot of them on the market with the different designs and styles. When you choose carefully, you would be able to buy a wallet that is catered to your needs. Not to mention that it will help to enhance your style significantly.</p>\n\n<p style=\"text-align:center\"><img alt=\"f4\" src=\"/storage/blog/blog-in-01.jpg\" /></p>\n\n<p><br />\n    &nbsp;</p>\n\n<p><strong><em>For all of the reason above, here are 7 expert tips to help you pick up the right men&rsquo;s wallet for you:</em></strong></p>\n\n<h4><strong>Number 1: Choose A Neat Wallet</strong></h4>\n\n<p>The wallet is an essential accessory that you should go simple. Simplicity is the best in this case. A simple and neat wallet with the plain color and even&nbsp;<strong>minimalist style</strong>&nbsp;is versatile. It can be used for both formal and casual events. In addition, that wallet will go well with most of the clothes in your wardrobe.</p>\n\n<p>Keep in mind that a wallet will tell other people about your personality and your fashion sense as much as other clothes you put on. Hence, don&rsquo;t go cheesy on your wallet or else people will think that you have a funny and particular style.</p>\n\n<p style=\"text-align:center\"><img alt=\"f5\" src=\"/storage/blog/blog-in-02.jpg\" /></p>\n\n<p><br />\n    &nbsp;</p>\n<hr />\n<h4><strong>Number 2: Choose The Right Size For Your Wallet</strong></h4>\n\n<p>You should avoid having an over-sized wallet. Don&rsquo;t think that you need to buy a big wallet because you have a lot to carry with you. In addition, a fat wallet is very ugly. It will make it harder for you to slide the wallet into your trousers&rsquo; pocket. In addition, it will create a bulge and ruin your look.</p>\n\n<p>Before you go on to buy a new wallet, clean out your wallet and place all the items from your wallet on a table. Throw away things that you would never need any more such as the old bills or the expired gift cards. Remember to check your wallet on a frequent basis to get rid of all of the old stuff that you don&rsquo;t need anymore.</p>\n\n<p style=\"text-align:center\"><img alt=\"f1\" src=\"/storage/blog/blog-in-03.jpg\" /></p>\n\n<p><br />\n    &nbsp;</p>\n\n<hr />\n<h4><strong>Number 3: Don&rsquo;t Limit Your Options Of Materials</strong></h4>\n\n<p>The types and designs of wallets are not the only things that you should consider when you go out searching for your best wallet. You have more than 1 option of material rather than leather to choose from as well.</p>\n\n<p>You can experiment with other available options such as cotton, polyester and canvas. They all have their own pros and cons. As a result, they will be suitable for different needs and requirements. You should think about them all in order to choose the material which you would like the most.</p>\n\n<p style=\"text-align:center\"><img alt=\"f6\" src=\"/storage/blog/blog-in-04.jpg\" /></p>\n\n<p><br />\n    &nbsp;</p>\n\n<hr />\n<h4><strong>Number 4: Consider A Wallet As A Long Term Investment</strong></h4>\n\n<p>Your wallet is indeed an investment that you should consider spending a decent amount of time and effort on it. Another factor that you need to consider is how much you want to spend on your wallet. The price ranges of wallets on the market vary a great deal. You can find a wallet which is as cheap as about 5 to 7 dollars. On the other hand, you should expect to pay around 250 to 300 dollars for a high-quality wallet.</p>\n\n<p>In case you need a wallet to use for a long time, it is a good idea that you should invest a decent amount of money on a wallet. A high quality wallet from a reputational brand with the premium quality such as cowhide leather will last for a long time. In addition, it is an accessory to show off your fashion sense and your social status.</p>\n\n<p style=\"text-align:center\"><img alt=\"f2\" src=\"/storage/blog/blog-in-05.jpg\" /></p>\n\n<p>&nbsp;</p>\n','published',2,'Botble\\ACL\\Models\\User',0,'blog/3.jpg',1707,NULL,'2024-01-06 17:15:58','2024-01-06 17:15:58'),(4,'How to Match the Color of Your Handbag With an Outfit','Alice indignantly. \'Ah! then yours wasn\'t a really good school,\' said the Mock Turtle; \'but it seems to like her, down here, that I should say \"With what porpoise?\"\' \'Don\'t you mean that you have of.','<p>I have seen many people underestimating the power of their wallets. To them, they are just a functional item they use to carry. As a result, they often end up with the wallets which are not really suitable for them.</p>\n\n<p>You should pay more attention when you choose your wallets. There are a lot of them on the market with the different designs and styles. When you choose carefully, you would be able to buy a wallet that is catered to your needs. Not to mention that it will help to enhance your style significantly.</p>\n\n<p style=\"text-align:center\"><img alt=\"f4\" src=\"/storage/blog/blog-in-01.jpg\" /></p>\n\n<p><br />\n    &nbsp;</p>\n\n<p><strong><em>For all of the reason above, here are 7 expert tips to help you pick up the right men&rsquo;s wallet for you:</em></strong></p>\n\n<h4><strong>Number 1: Choose A Neat Wallet</strong></h4>\n\n<p>The wallet is an essential accessory that you should go simple. Simplicity is the best in this case. A simple and neat wallet with the plain color and even&nbsp;<strong>minimalist style</strong>&nbsp;is versatile. It can be used for both formal and casual events. In addition, that wallet will go well with most of the clothes in your wardrobe.</p>\n\n<p>Keep in mind that a wallet will tell other people about your personality and your fashion sense as much as other clothes you put on. Hence, don&rsquo;t go cheesy on your wallet or else people will think that you have a funny and particular style.</p>\n\n<p style=\"text-align:center\"><img alt=\"f5\" src=\"/storage/blog/blog-in-02.jpg\" /></p>\n\n<p><br />\n    &nbsp;</p>\n<hr />\n<h4><strong>Number 2: Choose The Right Size For Your Wallet</strong></h4>\n\n<p>You should avoid having an over-sized wallet. Don&rsquo;t think that you need to buy a big wallet because you have a lot to carry with you. In addition, a fat wallet is very ugly. It will make it harder for you to slide the wallet into your trousers&rsquo; pocket. In addition, it will create a bulge and ruin your look.</p>\n\n<p>Before you go on to buy a new wallet, clean out your wallet and place all the items from your wallet on a table. Throw away things that you would never need any more such as the old bills or the expired gift cards. Remember to check your wallet on a frequent basis to get rid of all of the old stuff that you don&rsquo;t need anymore.</p>\n\n<p style=\"text-align:center\"><img alt=\"f1\" src=\"/storage/blog/blog-in-03.jpg\" /></p>\n\n<p><br />\n    &nbsp;</p>\n\n<hr />\n<h4><strong>Number 3: Don&rsquo;t Limit Your Options Of Materials</strong></h4>\n\n<p>The types and designs of wallets are not the only things that you should consider when you go out searching for your best wallet. You have more than 1 option of material rather than leather to choose from as well.</p>\n\n<p>You can experiment with other available options such as cotton, polyester and canvas. They all have their own pros and cons. As a result, they will be suitable for different needs and requirements. You should think about them all in order to choose the material which you would like the most.</p>\n\n<p style=\"text-align:center\"><img alt=\"f6\" src=\"/storage/blog/blog-in-04.jpg\" /></p>\n\n<p><br />\n    &nbsp;</p>\n\n<hr />\n<h4><strong>Number 4: Consider A Wallet As A Long Term Investment</strong></h4>\n\n<p>Your wallet is indeed an investment that you should consider spending a decent amount of time and effort on it. Another factor that you need to consider is how much you want to spend on your wallet. The price ranges of wallets on the market vary a great deal. You can find a wallet which is as cheap as about 5 to 7 dollars. On the other hand, you should expect to pay around 250 to 300 dollars for a high-quality wallet.</p>\n\n<p>In case you need a wallet to use for a long time, it is a good idea that you should invest a decent amount of money on a wallet. A high quality wallet from a reputational brand with the premium quality such as cowhide leather will last for a long time. In addition, it is an accessory to show off your fashion sense and your social status.</p>\n\n<p style=\"text-align:center\"><img alt=\"f2\" src=\"/storage/blog/blog-in-05.jpg\" /></p>\n\n<p>&nbsp;</p>\n','published',2,'Botble\\ACL\\Models\\User',1,'blog/4.jpg',872,NULL,'2024-01-06 17:15:58','2024-01-06 17:15:58'),(5,'How to Care for Leather Bags','I\'ll never go THERE again!\' said Alice thoughtfully: \'but then--I shouldn\'t be hungry for it, you may stand down,\' continued the King. \'It began with the tea,\' the Hatter added as an unusually large.','<p>I have seen many people underestimating the power of their wallets. To them, they are just a functional item they use to carry. As a result, they often end up with the wallets which are not really suitable for them.</p>\n\n<p>You should pay more attention when you choose your wallets. There are a lot of them on the market with the different designs and styles. When you choose carefully, you would be able to buy a wallet that is catered to your needs. Not to mention that it will help to enhance your style significantly.</p>\n\n<p style=\"text-align:center\"><img alt=\"f4\" src=\"/storage/blog/blog-in-01.jpg\" /></p>\n\n<p><br />\n    &nbsp;</p>\n\n<p><strong><em>For all of the reason above, here are 7 expert tips to help you pick up the right men&rsquo;s wallet for you:</em></strong></p>\n\n<h4><strong>Number 1: Choose A Neat Wallet</strong></h4>\n\n<p>The wallet is an essential accessory that you should go simple. Simplicity is the best in this case. A simple and neat wallet with the plain color and even&nbsp;<strong>minimalist style</strong>&nbsp;is versatile. It can be used for both formal and casual events. In addition, that wallet will go well with most of the clothes in your wardrobe.</p>\n\n<p>Keep in mind that a wallet will tell other people about your personality and your fashion sense as much as other clothes you put on. Hence, don&rsquo;t go cheesy on your wallet or else people will think that you have a funny and particular style.</p>\n\n<p style=\"text-align:center\"><img alt=\"f5\" src=\"/storage/blog/blog-in-02.jpg\" /></p>\n\n<p><br />\n    &nbsp;</p>\n<hr />\n<h4><strong>Number 2: Choose The Right Size For Your Wallet</strong></h4>\n\n<p>You should avoid having an over-sized wallet. Don&rsquo;t think that you need to buy a big wallet because you have a lot to carry with you. In addition, a fat wallet is very ugly. It will make it harder for you to slide the wallet into your trousers&rsquo; pocket. In addition, it will create a bulge and ruin your look.</p>\n\n<p>Before you go on to buy a new wallet, clean out your wallet and place all the items from your wallet on a table. Throw away things that you would never need any more such as the old bills or the expired gift cards. Remember to check your wallet on a frequent basis to get rid of all of the old stuff that you don&rsquo;t need anymore.</p>\n\n<p style=\"text-align:center\"><img alt=\"f1\" src=\"/storage/blog/blog-in-03.jpg\" /></p>\n\n<p><br />\n    &nbsp;</p>\n\n<hr />\n<h4><strong>Number 3: Don&rsquo;t Limit Your Options Of Materials</strong></h4>\n\n<p>The types and designs of wallets are not the only things that you should consider when you go out searching for your best wallet. You have more than 1 option of material rather than leather to choose from as well.</p>\n\n<p>You can experiment with other available options such as cotton, polyester and canvas. They all have their own pros and cons. As a result, they will be suitable for different needs and requirements. You should think about them all in order to choose the material which you would like the most.</p>\n\n<p style=\"text-align:center\"><img alt=\"f6\" src=\"/storage/blog/blog-in-04.jpg\" /></p>\n\n<p><br />\n    &nbsp;</p>\n\n<hr />\n<h4><strong>Number 4: Consider A Wallet As A Long Term Investment</strong></h4>\n\n<p>Your wallet is indeed an investment that you should consider spending a decent amount of time and effort on it. Another factor that you need to consider is how much you want to spend on your wallet. The price ranges of wallets on the market vary a great deal. You can find a wallet which is as cheap as about 5 to 7 dollars. On the other hand, you should expect to pay around 250 to 300 dollars for a high-quality wallet.</p>\n\n<p>In case you need a wallet to use for a long time, it is a good idea that you should invest a decent amount of money on a wallet. A high quality wallet from a reputational brand with the premium quality such as cowhide leather will last for a long time. In addition, it is an accessory to show off your fashion sense and your social status.</p>\n\n<p style=\"text-align:center\"><img alt=\"f2\" src=\"/storage/blog/blog-in-05.jpg\" /></p>\n\n<p>&nbsp;</p>\n','published',1,'Botble\\ACL\\Models\\User',0,'blog/5.jpg',1104,NULL,'2024-01-06 17:15:58','2024-01-06 17:15:58'),(6,'We\'re Crushing Hard on Summer\'s 10 Biggest Bag Trends','CHAPTER V. Advice from a bottle marked \'poison,\' so Alice ventured to remark. \'Tut, tut, child!\' said the Queen. An invitation for the hedgehogs; and in THAT direction,\' waving the other was sitting.','<p>I have seen many people underestimating the power of their wallets. To them, they are just a functional item they use to carry. As a result, they often end up with the wallets which are not really suitable for them.</p>\n\n<p>You should pay more attention when you choose your wallets. There are a lot of them on the market with the different designs and styles. When you choose carefully, you would be able to buy a wallet that is catered to your needs. Not to mention that it will help to enhance your style significantly.</p>\n\n<p style=\"text-align:center\"><img alt=\"f4\" src=\"/storage/blog/blog-in-01.jpg\" /></p>\n\n<p><br />\n    &nbsp;</p>\n\n<p><strong><em>For all of the reason above, here are 7 expert tips to help you pick up the right men&rsquo;s wallet for you:</em></strong></p>\n\n<h4><strong>Number 1: Choose A Neat Wallet</strong></h4>\n\n<p>The wallet is an essential accessory that you should go simple. Simplicity is the best in this case. A simple and neat wallet with the plain color and even&nbsp;<strong>minimalist style</strong>&nbsp;is versatile. It can be used for both formal and casual events. In addition, that wallet will go well with most of the clothes in your wardrobe.</p>\n\n<p>Keep in mind that a wallet will tell other people about your personality and your fashion sense as much as other clothes you put on. Hence, don&rsquo;t go cheesy on your wallet or else people will think that you have a funny and particular style.</p>\n\n<p style=\"text-align:center\"><img alt=\"f5\" src=\"/storage/blog/blog-in-02.jpg\" /></p>\n\n<p><br />\n    &nbsp;</p>\n<hr />\n<h4><strong>Number 2: Choose The Right Size For Your Wallet</strong></h4>\n\n<p>You should avoid having an over-sized wallet. Don&rsquo;t think that you need to buy a big wallet because you have a lot to carry with you. In addition, a fat wallet is very ugly. It will make it harder for you to slide the wallet into your trousers&rsquo; pocket. In addition, it will create a bulge and ruin your look.</p>\n\n<p>Before you go on to buy a new wallet, clean out your wallet and place all the items from your wallet on a table. Throw away things that you would never need any more such as the old bills or the expired gift cards. Remember to check your wallet on a frequent basis to get rid of all of the old stuff that you don&rsquo;t need anymore.</p>\n\n<p style=\"text-align:center\"><img alt=\"f1\" src=\"/storage/blog/blog-in-03.jpg\" /></p>\n\n<p><br />\n    &nbsp;</p>\n\n<hr />\n<h4><strong>Number 3: Don&rsquo;t Limit Your Options Of Materials</strong></h4>\n\n<p>The types and designs of wallets are not the only things that you should consider when you go out searching for your best wallet. You have more than 1 option of material rather than leather to choose from as well.</p>\n\n<p>You can experiment with other available options such as cotton, polyester and canvas. They all have their own pros and cons. As a result, they will be suitable for different needs and requirements. You should think about them all in order to choose the material which you would like the most.</p>\n\n<p style=\"text-align:center\"><img alt=\"f6\" src=\"/storage/blog/blog-in-04.jpg\" /></p>\n\n<p><br />\n    &nbsp;</p>\n\n<hr />\n<h4><strong>Number 4: Consider A Wallet As A Long Term Investment</strong></h4>\n\n<p>Your wallet is indeed an investment that you should consider spending a decent amount of time and effort on it. Another factor that you need to consider is how much you want to spend on your wallet. The price ranges of wallets on the market vary a great deal. You can find a wallet which is as cheap as about 5 to 7 dollars. On the other hand, you should expect to pay around 250 to 300 dollars for a high-quality wallet.</p>\n\n<p>In case you need a wallet to use for a long time, it is a good idea that you should invest a decent amount of money on a wallet. A high quality wallet from a reputational brand with the premium quality such as cowhide leather will last for a long time. In addition, it is an accessory to show off your fashion sense and your social status.</p>\n\n<p style=\"text-align:center\"><img alt=\"f2\" src=\"/storage/blog/blog-in-05.jpg\" /></p>\n\n<p>&nbsp;</p>\n','published',2,'Botble\\ACL\\Models\\User',1,'blog/6.jpg',100,NULL,'2024-01-06 17:15:58','2024-01-06 17:15:58'),(7,'Essential Qualities of Highly Successful Music','However, she soon found out that one of the other side of WHAT? The other side of the party were placed along the course, here and there was a very little use, as it didn\'t much matter which way she.','<p>I have seen many people underestimating the power of their wallets. To them, they are just a functional item they use to carry. As a result, they often end up with the wallets which are not really suitable for them.</p>\n\n<p>You should pay more attention when you choose your wallets. There are a lot of them on the market with the different designs and styles. When you choose carefully, you would be able to buy a wallet that is catered to your needs. Not to mention that it will help to enhance your style significantly.</p>\n\n<p style=\"text-align:center\"><img alt=\"f4\" src=\"/storage/blog/blog-in-01.jpg\" /></p>\n\n<p><br />\n    &nbsp;</p>\n\n<p><strong><em>For all of the reason above, here are 7 expert tips to help you pick up the right men&rsquo;s wallet for you:</em></strong></p>\n\n<h4><strong>Number 1: Choose A Neat Wallet</strong></h4>\n\n<p>The wallet is an essential accessory that you should go simple. Simplicity is the best in this case. A simple and neat wallet with the plain color and even&nbsp;<strong>minimalist style</strong>&nbsp;is versatile. It can be used for both formal and casual events. In addition, that wallet will go well with most of the clothes in your wardrobe.</p>\n\n<p>Keep in mind that a wallet will tell other people about your personality and your fashion sense as much as other clothes you put on. Hence, don&rsquo;t go cheesy on your wallet or else people will think that you have a funny and particular style.</p>\n\n<p style=\"text-align:center\"><img alt=\"f5\" src=\"/storage/blog/blog-in-02.jpg\" /></p>\n\n<p><br />\n    &nbsp;</p>\n<hr />\n<h4><strong>Number 2: Choose The Right Size For Your Wallet</strong></h4>\n\n<p>You should avoid having an over-sized wallet. Don&rsquo;t think that you need to buy a big wallet because you have a lot to carry with you. In addition, a fat wallet is very ugly. It will make it harder for you to slide the wallet into your trousers&rsquo; pocket. In addition, it will create a bulge and ruin your look.</p>\n\n<p>Before you go on to buy a new wallet, clean out your wallet and place all the items from your wallet on a table. Throw away things that you would never need any more such as the old bills or the expired gift cards. Remember to check your wallet on a frequent basis to get rid of all of the old stuff that you don&rsquo;t need anymore.</p>\n\n<p style=\"text-align:center\"><img alt=\"f1\" src=\"/storage/blog/blog-in-03.jpg\" /></p>\n\n<p><br />\n    &nbsp;</p>\n\n<hr />\n<h4><strong>Number 3: Don&rsquo;t Limit Your Options Of Materials</strong></h4>\n\n<p>The types and designs of wallets are not the only things that you should consider when you go out searching for your best wallet. You have more than 1 option of material rather than leather to choose from as well.</p>\n\n<p>You can experiment with other available options such as cotton, polyester and canvas. They all have their own pros and cons. As a result, they will be suitable for different needs and requirements. You should think about them all in order to choose the material which you would like the most.</p>\n\n<p style=\"text-align:center\"><img alt=\"f6\" src=\"/storage/blog/blog-in-04.jpg\" /></p>\n\n<p><br />\n    &nbsp;</p>\n\n<hr />\n<h4><strong>Number 4: Consider A Wallet As A Long Term Investment</strong></h4>\n\n<p>Your wallet is indeed an investment that you should consider spending a decent amount of time and effort on it. Another factor that you need to consider is how much you want to spend on your wallet. The price ranges of wallets on the market vary a great deal. You can find a wallet which is as cheap as about 5 to 7 dollars. On the other hand, you should expect to pay around 250 to 300 dollars for a high-quality wallet.</p>\n\n<p>In case you need a wallet to use for a long time, it is a good idea that you should invest a decent amount of money on a wallet. A high quality wallet from a reputational brand with the premium quality such as cowhide leather will last for a long time. In addition, it is an accessory to show off your fashion sense and your social status.</p>\n\n<p style=\"text-align:center\"><img alt=\"f2\" src=\"/storage/blog/blog-in-05.jpg\" /></p>\n\n<p>&nbsp;</p>\n','published',2,'Botble\\ACL\\Models\\User',0,'blog/7.jpg',2443,NULL,'2024-01-06 17:15:58','2024-01-06 17:15:58'),(8,'9 Things I Love About Shaving My Head','And welcome little fishes in With gently smiling jaws!\' \'I\'m sure those are not the same, the next witness. It quite makes my forehead ache!\' Alice watched the Queen had never had to sing this.','<p>I have seen many people underestimating the power of their wallets. To them, they are just a functional item they use to carry. As a result, they often end up with the wallets which are not really suitable for them.</p>\n\n<p>You should pay more attention when you choose your wallets. There are a lot of them on the market with the different designs and styles. When you choose carefully, you would be able to buy a wallet that is catered to your needs. Not to mention that it will help to enhance your style significantly.</p>\n\n<p style=\"text-align:center\"><img alt=\"f4\" src=\"/storage/blog/blog-in-01.jpg\" /></p>\n\n<p><br />\n    &nbsp;</p>\n\n<p><strong><em>For all of the reason above, here are 7 expert tips to help you pick up the right men&rsquo;s wallet for you:</em></strong></p>\n\n<h4><strong>Number 1: Choose A Neat Wallet</strong></h4>\n\n<p>The wallet is an essential accessory that you should go simple. Simplicity is the best in this case. A simple and neat wallet with the plain color and even&nbsp;<strong>minimalist style</strong>&nbsp;is versatile. It can be used for both formal and casual events. In addition, that wallet will go well with most of the clothes in your wardrobe.</p>\n\n<p>Keep in mind that a wallet will tell other people about your personality and your fashion sense as much as other clothes you put on. Hence, don&rsquo;t go cheesy on your wallet or else people will think that you have a funny and particular style.</p>\n\n<p style=\"text-align:center\"><img alt=\"f5\" src=\"/storage/blog/blog-in-02.jpg\" /></p>\n\n<p><br />\n    &nbsp;</p>\n<hr />\n<h4><strong>Number 2: Choose The Right Size For Your Wallet</strong></h4>\n\n<p>You should avoid having an over-sized wallet. Don&rsquo;t think that you need to buy a big wallet because you have a lot to carry with you. In addition, a fat wallet is very ugly. It will make it harder for you to slide the wallet into your trousers&rsquo; pocket. In addition, it will create a bulge and ruin your look.</p>\n\n<p>Before you go on to buy a new wallet, clean out your wallet and place all the items from your wallet on a table. Throw away things that you would never need any more such as the old bills or the expired gift cards. Remember to check your wallet on a frequent basis to get rid of all of the old stuff that you don&rsquo;t need anymore.</p>\n\n<p style=\"text-align:center\"><img alt=\"f1\" src=\"/storage/blog/blog-in-03.jpg\" /></p>\n\n<p><br />\n    &nbsp;</p>\n\n<hr />\n<h4><strong>Number 3: Don&rsquo;t Limit Your Options Of Materials</strong></h4>\n\n<p>The types and designs of wallets are not the only things that you should consider when you go out searching for your best wallet. You have more than 1 option of material rather than leather to choose from as well.</p>\n\n<p>You can experiment with other available options such as cotton, polyester and canvas. They all have their own pros and cons. As a result, they will be suitable for different needs and requirements. You should think about them all in order to choose the material which you would like the most.</p>\n\n<p style=\"text-align:center\"><img alt=\"f6\" src=\"/storage/blog/blog-in-04.jpg\" /></p>\n\n<p><br />\n    &nbsp;</p>\n\n<hr />\n<h4><strong>Number 4: Consider A Wallet As A Long Term Investment</strong></h4>\n\n<p>Your wallet is indeed an investment that you should consider spending a decent amount of time and effort on it. Another factor that you need to consider is how much you want to spend on your wallet. The price ranges of wallets on the market vary a great deal. You can find a wallet which is as cheap as about 5 to 7 dollars. On the other hand, you should expect to pay around 250 to 300 dollars for a high-quality wallet.</p>\n\n<p>In case you need a wallet to use for a long time, it is a good idea that you should invest a decent amount of money on a wallet. A high quality wallet from a reputational brand with the premium quality such as cowhide leather will last for a long time. In addition, it is an accessory to show off your fashion sense and your social status.</p>\n\n<p style=\"text-align:center\"><img alt=\"f2\" src=\"/storage/blog/blog-in-05.jpg\" /></p>\n\n<p>&nbsp;</p>\n','published',2,'Botble\\ACL\\Models\\User',0,'blog/8.jpg',2253,NULL,'2024-01-06 17:15:58','2024-01-06 17:15:58'),(9,'Why Teamwork Really Makes The Dream Work','Queen\'s hedgehog just now, only it ran away when it saw Alice. It looked good-natured, she thought: still it was good practice to say \"HOW DOTH THE LITTLE BUSY BEE,\" but it puzzled her very much.','<p>I have seen many people underestimating the power of their wallets. To them, they are just a functional item they use to carry. As a result, they often end up with the wallets which are not really suitable for them.</p>\n\n<p>You should pay more attention when you choose your wallets. There are a lot of them on the market with the different designs and styles. When you choose carefully, you would be able to buy a wallet that is catered to your needs. Not to mention that it will help to enhance your style significantly.</p>\n\n<p style=\"text-align:center\"><img alt=\"f4\" src=\"/storage/blog/blog-in-01.jpg\" /></p>\n\n<p><br />\n    &nbsp;</p>\n\n<p><strong><em>For all of the reason above, here are 7 expert tips to help you pick up the right men&rsquo;s wallet for you:</em></strong></p>\n\n<h4><strong>Number 1: Choose A Neat Wallet</strong></h4>\n\n<p>The wallet is an essential accessory that you should go simple. Simplicity is the best in this case. A simple and neat wallet with the plain color and even&nbsp;<strong>minimalist style</strong>&nbsp;is versatile. It can be used for both formal and casual events. In addition, that wallet will go well with most of the clothes in your wardrobe.</p>\n\n<p>Keep in mind that a wallet will tell other people about your personality and your fashion sense as much as other clothes you put on. Hence, don&rsquo;t go cheesy on your wallet or else people will think that you have a funny and particular style.</p>\n\n<p style=\"text-align:center\"><img alt=\"f5\" src=\"/storage/blog/blog-in-02.jpg\" /></p>\n\n<p><br />\n    &nbsp;</p>\n<hr />\n<h4><strong>Number 2: Choose The Right Size For Your Wallet</strong></h4>\n\n<p>You should avoid having an over-sized wallet. Don&rsquo;t think that you need to buy a big wallet because you have a lot to carry with you. In addition, a fat wallet is very ugly. It will make it harder for you to slide the wallet into your trousers&rsquo; pocket. In addition, it will create a bulge and ruin your look.</p>\n\n<p>Before you go on to buy a new wallet, clean out your wallet and place all the items from your wallet on a table. Throw away things that you would never need any more such as the old bills or the expired gift cards. Remember to check your wallet on a frequent basis to get rid of all of the old stuff that you don&rsquo;t need anymore.</p>\n\n<p style=\"text-align:center\"><img alt=\"f1\" src=\"/storage/blog/blog-in-03.jpg\" /></p>\n\n<p><br />\n    &nbsp;</p>\n\n<hr />\n<h4><strong>Number 3: Don&rsquo;t Limit Your Options Of Materials</strong></h4>\n\n<p>The types and designs of wallets are not the only things that you should consider when you go out searching for your best wallet. You have more than 1 option of material rather than leather to choose from as well.</p>\n\n<p>You can experiment with other available options such as cotton, polyester and canvas. They all have their own pros and cons. As a result, they will be suitable for different needs and requirements. You should think about them all in order to choose the material which you would like the most.</p>\n\n<p style=\"text-align:center\"><img alt=\"f6\" src=\"/storage/blog/blog-in-04.jpg\" /></p>\n\n<p><br />\n    &nbsp;</p>\n\n<hr />\n<h4><strong>Number 4: Consider A Wallet As A Long Term Investment</strong></h4>\n\n<p>Your wallet is indeed an investment that you should consider spending a decent amount of time and effort on it. Another factor that you need to consider is how much you want to spend on your wallet. The price ranges of wallets on the market vary a great deal. You can find a wallet which is as cheap as about 5 to 7 dollars. On the other hand, you should expect to pay around 250 to 300 dollars for a high-quality wallet.</p>\n\n<p>In case you need a wallet to use for a long time, it is a good idea that you should invest a decent amount of money on a wallet. A high quality wallet from a reputational brand with the premium quality such as cowhide leather will last for a long time. In addition, it is an accessory to show off your fashion sense and your social status.</p>\n\n<p style=\"text-align:center\"><img alt=\"f2\" src=\"/storage/blog/blog-in-05.jpg\" /></p>\n\n<p>&nbsp;</p>\n','published',1,'Botble\\ACL\\Models\\User',0,'blog/9.jpg',2339,NULL,'2024-01-06 17:15:58','2024-01-06 17:15:58'),(10,'The World Caters to Average People','PLEASE mind what you\'re at!\" You know the song, perhaps?\' \'I\'ve heard something splashing about in the pool a little startled when she noticed that one of the goldfish kept running in her life.','<p>I have seen many people underestimating the power of their wallets. To them, they are just a functional item they use to carry. As a result, they often end up with the wallets which are not really suitable for them.</p>\n\n<p>You should pay more attention when you choose your wallets. There are a lot of them on the market with the different designs and styles. When you choose carefully, you would be able to buy a wallet that is catered to your needs. Not to mention that it will help to enhance your style significantly.</p>\n\n<p style=\"text-align:center\"><img alt=\"f4\" src=\"/storage/blog/blog-in-01.jpg\" /></p>\n\n<p><br />\n    &nbsp;</p>\n\n<p><strong><em>For all of the reason above, here are 7 expert tips to help you pick up the right men&rsquo;s wallet for you:</em></strong></p>\n\n<h4><strong>Number 1: Choose A Neat Wallet</strong></h4>\n\n<p>The wallet is an essential accessory that you should go simple. Simplicity is the best in this case. A simple and neat wallet with the plain color and even&nbsp;<strong>minimalist style</strong>&nbsp;is versatile. It can be used for both formal and casual events. In addition, that wallet will go well with most of the clothes in your wardrobe.</p>\n\n<p>Keep in mind that a wallet will tell other people about your personality and your fashion sense as much as other clothes you put on. Hence, don&rsquo;t go cheesy on your wallet or else people will think that you have a funny and particular style.</p>\n\n<p style=\"text-align:center\"><img alt=\"f5\" src=\"/storage/blog/blog-in-02.jpg\" /></p>\n\n<p><br />\n    &nbsp;</p>\n<hr />\n<h4><strong>Number 2: Choose The Right Size For Your Wallet</strong></h4>\n\n<p>You should avoid having an over-sized wallet. Don&rsquo;t think that you need to buy a big wallet because you have a lot to carry with you. In addition, a fat wallet is very ugly. It will make it harder for you to slide the wallet into your trousers&rsquo; pocket. In addition, it will create a bulge and ruin your look.</p>\n\n<p>Before you go on to buy a new wallet, clean out your wallet and place all the items from your wallet on a table. Throw away things that you would never need any more such as the old bills or the expired gift cards. Remember to check your wallet on a frequent basis to get rid of all of the old stuff that you don&rsquo;t need anymore.</p>\n\n<p style=\"text-align:center\"><img alt=\"f1\" src=\"/storage/blog/blog-in-03.jpg\" /></p>\n\n<p><br />\n    &nbsp;</p>\n\n<hr />\n<h4><strong>Number 3: Don&rsquo;t Limit Your Options Of Materials</strong></h4>\n\n<p>The types and designs of wallets are not the only things that you should consider when you go out searching for your best wallet. You have more than 1 option of material rather than leather to choose from as well.</p>\n\n<p>You can experiment with other available options such as cotton, polyester and canvas. They all have their own pros and cons. As a result, they will be suitable for different needs and requirements. You should think about them all in order to choose the material which you would like the most.</p>\n\n<p style=\"text-align:center\"><img alt=\"f6\" src=\"/storage/blog/blog-in-04.jpg\" /></p>\n\n<p><br />\n    &nbsp;</p>\n\n<hr />\n<h4><strong>Number 4: Consider A Wallet As A Long Term Investment</strong></h4>\n\n<p>Your wallet is indeed an investment that you should consider spending a decent amount of time and effort on it. Another factor that you need to consider is how much you want to spend on your wallet. The price ranges of wallets on the market vary a great deal. You can find a wallet which is as cheap as about 5 to 7 dollars. On the other hand, you should expect to pay around 250 to 300 dollars for a high-quality wallet.</p>\n\n<p>In case you need a wallet to use for a long time, it is a good idea that you should invest a decent amount of money on a wallet. A high quality wallet from a reputational brand with the premium quality such as cowhide leather will last for a long time. In addition, it is an accessory to show off your fashion sense and your social status.</p>\n\n<p style=\"text-align:center\"><img alt=\"f2\" src=\"/storage/blog/blog-in-05.jpg\" /></p>\n\n<p>&nbsp;</p>\n','published',2,'Botble\\ACL\\Models\\User',1,'blog/10.jpg',743,NULL,'2024-01-06 17:15:58','2024-01-06 17:15:58'),(11,'The litigants on the screen are not actors','Mouse looked at each other for some minutes. The Caterpillar and Alice looked all round her at the corners: next the ten courtiers; these were ornamented all over with William the Conqueror.\' (For.','<p>I have seen many people underestimating the power of their wallets. To them, they are just a functional item they use to carry. As a result, they often end up with the wallets which are not really suitable for them.</p>\n\n<p>You should pay more attention when you choose your wallets. There are a lot of them on the market with the different designs and styles. When you choose carefully, you would be able to buy a wallet that is catered to your needs. Not to mention that it will help to enhance your style significantly.</p>\n\n<p style=\"text-align:center\"><img alt=\"f4\" src=\"/storage/blog/blog-in-01.jpg\" /></p>\n\n<p><br />\n    &nbsp;</p>\n\n<p><strong><em>For all of the reason above, here are 7 expert tips to help you pick up the right men&rsquo;s wallet for you:</em></strong></p>\n\n<h4><strong>Number 1: Choose A Neat Wallet</strong></h4>\n\n<p>The wallet is an essential accessory that you should go simple. Simplicity is the best in this case. A simple and neat wallet with the plain color and even&nbsp;<strong>minimalist style</strong>&nbsp;is versatile. It can be used for both formal and casual events. In addition, that wallet will go well with most of the clothes in your wardrobe.</p>\n\n<p>Keep in mind that a wallet will tell other people about your personality and your fashion sense as much as other clothes you put on. Hence, don&rsquo;t go cheesy on your wallet or else people will think that you have a funny and particular style.</p>\n\n<p style=\"text-align:center\"><img alt=\"f5\" src=\"/storage/blog/blog-in-02.jpg\" /></p>\n\n<p><br />\n    &nbsp;</p>\n<hr />\n<h4><strong>Number 2: Choose The Right Size For Your Wallet</strong></h4>\n\n<p>You should avoid having an over-sized wallet. Don&rsquo;t think that you need to buy a big wallet because you have a lot to carry with you. In addition, a fat wallet is very ugly. It will make it harder for you to slide the wallet into your trousers&rsquo; pocket. In addition, it will create a bulge and ruin your look.</p>\n\n<p>Before you go on to buy a new wallet, clean out your wallet and place all the items from your wallet on a table. Throw away things that you would never need any more such as the old bills or the expired gift cards. Remember to check your wallet on a frequent basis to get rid of all of the old stuff that you don&rsquo;t need anymore.</p>\n\n<p style=\"text-align:center\"><img alt=\"f1\" src=\"/storage/blog/blog-in-03.jpg\" /></p>\n\n<p><br />\n    &nbsp;</p>\n\n<hr />\n<h4><strong>Number 3: Don&rsquo;t Limit Your Options Of Materials</strong></h4>\n\n<p>The types and designs of wallets are not the only things that you should consider when you go out searching for your best wallet. You have more than 1 option of material rather than leather to choose from as well.</p>\n\n<p>You can experiment with other available options such as cotton, polyester and canvas. They all have their own pros and cons. As a result, they will be suitable for different needs and requirements. You should think about them all in order to choose the material which you would like the most.</p>\n\n<p style=\"text-align:center\"><img alt=\"f6\" src=\"/storage/blog/blog-in-04.jpg\" /></p>\n\n<p><br />\n    &nbsp;</p>\n\n<hr />\n<h4><strong>Number 4: Consider A Wallet As A Long Term Investment</strong></h4>\n\n<p>Your wallet is indeed an investment that you should consider spending a decent amount of time and effort on it. Another factor that you need to consider is how much you want to spend on your wallet. The price ranges of wallets on the market vary a great deal. You can find a wallet which is as cheap as about 5 to 7 dollars. On the other hand, you should expect to pay around 250 to 300 dollars for a high-quality wallet.</p>\n\n<p>In case you need a wallet to use for a long time, it is a good idea that you should invest a decent amount of money on a wallet. A high quality wallet from a reputational brand with the premium quality such as cowhide leather will last for a long time. In addition, it is an accessory to show off your fashion sense and your social status.</p>\n\n<p style=\"text-align:center\"><img alt=\"f2\" src=\"/storage/blog/blog-in-05.jpg\" /></p>\n\n<p>&nbsp;</p>\n','published',1,'Botble\\ACL\\Models\\User',1,'blog/11.jpg',1361,NULL,'2024-01-06 17:15:58','2024-01-06 17:15:58');
/*!40000 ALTER TABLE `posts` ENABLE KEYS */;
UNLOCK TABLES;

--
-- Table structure for table `posts_translations`
--

DROP TABLE IF EXISTS `posts_translations`;
/*!40101 SET @saved_cs_client     = @@character_set_client */;
/*!50503 SET character_set_client = utf8mb4 */;
CREATE TABLE `posts_translations` (
  `lang_code` varchar(20) COLLATE utf8mb4_unicode_ci NOT NULL,
  `posts_id` bigint unsigned NOT NULL,
  `name` varchar(255) COLLATE utf8mb4_unicode_ci DEFAULT NULL,
  `description` varchar(400) COLLATE utf8mb4_unicode_ci DEFAULT NULL,
  `content` longtext COLLATE utf8mb4_unicode_ci,
  PRIMARY KEY (`lang_code`,`posts_id`)
) ENGINE=InnoDB DEFAULT CHARSET=utf8mb4 COLLATE=utf8mb4_unicode_ci;
/*!40101 SET character_set_client = @saved_cs_client */;

--
-- Dumping data for table `posts_translations`
--

LOCK TABLES `posts_translations` WRITE;
/*!40000 ALTER TABLE `posts_translations` DISABLE KEYS */;
/*!40000 ALTER TABLE `posts_translations` ENABLE KEYS */;
UNLOCK TABLES;

--
-- Table structure for table `revisions`
--

DROP TABLE IF EXISTS `revisions`;
/*!40101 SET @saved_cs_client     = @@character_set_client */;
/*!50503 SET character_set_client = utf8mb4 */;
CREATE TABLE `revisions` (
  `id` bigint unsigned NOT NULL AUTO_INCREMENT,
  `revisionable_type` varchar(191) COLLATE utf8mb4_unicode_ci NOT NULL,
  `revisionable_id` bigint unsigned NOT NULL,
  `user_id` bigint unsigned DEFAULT NULL,
  `key` varchar(120) COLLATE utf8mb4_unicode_ci NOT NULL,
  `old_value` text COLLATE utf8mb4_unicode_ci,
  `new_value` text COLLATE utf8mb4_unicode_ci,
  `created_at` timestamp NULL DEFAULT NULL,
  `updated_at` timestamp NULL DEFAULT NULL,
  PRIMARY KEY (`id`),
  KEY `revisions_revisionable_id_revisionable_type_index` (`revisionable_id`,`revisionable_type`)
) ENGINE=InnoDB DEFAULT CHARSET=utf8mb4 COLLATE=utf8mb4_unicode_ci;
/*!40101 SET character_set_client = @saved_cs_client */;

--
-- Dumping data for table `revisions`
--

LOCK TABLES `revisions` WRITE;
/*!40000 ALTER TABLE `revisions` DISABLE KEYS */;
/*!40000 ALTER TABLE `revisions` ENABLE KEYS */;
UNLOCK TABLES;

--
-- Table structure for table `role_users`
--

DROP TABLE IF EXISTS `role_users`;
/*!40101 SET @saved_cs_client     = @@character_set_client */;
/*!50503 SET character_set_client = utf8mb4 */;
CREATE TABLE `role_users` (
  `user_id` bigint unsigned NOT NULL,
  `role_id` bigint unsigned NOT NULL,
  `created_at` timestamp NULL DEFAULT NULL,
  `updated_at` timestamp NULL DEFAULT NULL,
  PRIMARY KEY (`user_id`,`role_id`),
  KEY `role_users_user_id_index` (`user_id`),
  KEY `role_users_role_id_index` (`role_id`)
) ENGINE=InnoDB DEFAULT CHARSET=utf8mb4 COLLATE=utf8mb4_unicode_ci;
/*!40101 SET character_set_client = @saved_cs_client */;

--
-- Dumping data for table `role_users`
--

LOCK TABLES `role_users` WRITE;
/*!40000 ALTER TABLE `role_users` DISABLE KEYS */;
/*!40000 ALTER TABLE `role_users` ENABLE KEYS */;
UNLOCK TABLES;

--
-- Table structure for table `roles`
--

DROP TABLE IF EXISTS `roles`;
/*!40101 SET @saved_cs_client     = @@character_set_client */;
/*!50503 SET character_set_client = utf8mb4 */;
CREATE TABLE `roles` (
  `id` bigint unsigned NOT NULL AUTO_INCREMENT,
  `slug` varchar(120) COLLATE utf8mb4_unicode_ci NOT NULL,
  `name` varchar(120) COLLATE utf8mb4_unicode_ci NOT NULL,
  `permissions` text COLLATE utf8mb4_unicode_ci,
  `description` varchar(255) COLLATE utf8mb4_unicode_ci DEFAULT NULL,
  `is_default` tinyint unsigned NOT NULL DEFAULT '0',
  `created_by` bigint unsigned NOT NULL,
  `updated_by` bigint unsigned NOT NULL,
  `created_at` timestamp NULL DEFAULT NULL,
  `updated_at` timestamp NULL DEFAULT NULL,
  PRIMARY KEY (`id`),
  UNIQUE KEY `roles_slug_unique` (`slug`),
  KEY `roles_created_by_index` (`created_by`),
  KEY `roles_updated_by_index` (`updated_by`)
) ENGINE=InnoDB AUTO_INCREMENT=2 DEFAULT CHARSET=utf8mb4 COLLATE=utf8mb4_unicode_ci;
/*!40101 SET character_set_client = @saved_cs_client */;

--
-- Dumping data for table `roles`
--

LOCK TABLES `roles` WRITE;
/*!40000 ALTER TABLE `roles` DISABLE KEYS */;
INSERT INTO `roles` VALUES (1,'admin','Admin','{\"users.index\":true,\"users.create\":true,\"users.edit\":true,\"users.destroy\":true,\"roles.index\":true,\"roles.create\":true,\"roles.edit\":true,\"roles.destroy\":true,\"core.system\":true,\"core.manage.license\":true,\"extensions.index\":true,\"media.index\":true,\"files.index\":true,\"files.create\":true,\"files.edit\":true,\"files.trash\":true,\"files.destroy\":true,\"folders.index\":true,\"folders.create\":true,\"folders.edit\":true,\"folders.trash\":true,\"folders.destroy\":true,\"settings.index\":true,\"settings.options\":true,\"settings.email\":true,\"settings.media\":true,\"settings.cronjob\":true,\"settings.admin-appearance\":true,\"settings.cache\":true,\"settings.datatables\":true,\"settings.email.rules\":true,\"menus.index\":true,\"menus.create\":true,\"menus.edit\":true,\"menus.destroy\":true,\"optimize.settings\":true,\"pages.index\":true,\"pages.create\":true,\"pages.edit\":true,\"pages.destroy\":true,\"plugins.index\":true,\"plugins.edit\":true,\"plugins.remove\":true,\"plugins.marketplace\":true,\"core.appearance\":true,\"theme.index\":true,\"theme.activate\":true,\"theme.remove\":true,\"theme.options\":true,\"theme.custom-css\":true,\"theme.custom-js\":true,\"theme.custom-html\":true,\"widgets.index\":true,\"ads.index\":true,\"ads.create\":true,\"ads.edit\":true,\"ads.destroy\":true,\"analytics.general\":true,\"analytics.page\":true,\"analytics.browser\":true,\"analytics.referrer\":true,\"analytics.settings\":true,\"announcements.index\":true,\"announcements.create\":true,\"announcements.edit\":true,\"announcements.destroy\":true,\"announcements.settings\":true,\"audit-log.index\":true,\"audit-log.destroy\":true,\"backups.index\":true,\"backups.create\":true,\"backups.restore\":true,\"backups.destroy\":true,\"plugins.blog\":true,\"posts.index\":true,\"posts.create\":true,\"posts.edit\":true,\"posts.destroy\":true,\"categories.index\":true,\"categories.create\":true,\"categories.edit\":true,\"categories.destroy\":true,\"tags.index\":true,\"tags.create\":true,\"tags.edit\":true,\"tags.destroy\":true,\"blog.settings\":true,\"plugins.captcha\":true,\"captcha.settings\":true,\"contacts.index\":true,\"contacts.edit\":true,\"contacts.destroy\":true,\"contact.settings\":true,\"plugins.ecommerce\":true,\"ecommerce.settings\":true,\"ecommerce.report.index\":true,\"products.index\":true,\"products.create\":true,\"products.edit\":true,\"products.destroy\":true,\"products.duplicate\":true,\"product-categories.index\":true,\"product-categories.create\":true,\"product-categories.edit\":true,\"product-categories.destroy\":true,\"product-tag.index\":true,\"product-tag.create\":true,\"product-tag.edit\":true,\"product-tag.destroy\":true,\"brands.index\":true,\"brands.create\":true,\"brands.edit\":true,\"brands.destroy\":true,\"product-collections.index\":true,\"product-collections.create\":true,\"product-collections.edit\":true,\"product-collections.destroy\":true,\"product-attribute-sets.index\":true,\"product-attribute-sets.create\":true,\"product-attribute-sets.edit\":true,\"product-attribute-sets.destroy\":true,\"product-attributes.index\":true,\"product-attributes.create\":true,\"product-attributes.edit\":true,\"product-attributes.destroy\":true,\"tax.index\":true,\"tax.create\":true,\"tax.edit\":true,\"tax.destroy\":true,\"reviews.index\":true,\"reviews.create\":true,\"reviews.destroy\":true,\"reviews.publish\":true,\"reviews.reply\":true,\"shipping_methods.index\":true,\"ecommerce.shipping-rule-items.index\":true,\"ecommerce.shipping-rule-items.create\":true,\"ecommerce.shipping-rule-items.edit\":true,\"ecommerce.shipping-rule-items.destroy\":true,\"ecommerce.shipping-rule-items.bulk-import\":true,\"ecommerce.shipments.index\":true,\"ecommerce.shipments.create\":true,\"ecommerce.shipments.edit\":true,\"ecommerce.shipments.destroy\":true,\"orders.index\":true,\"orders.create\":true,\"orders.edit\":true,\"orders.destroy\":true,\"discounts.index\":true,\"discounts.create\":true,\"discounts.edit\":true,\"discounts.destroy\":true,\"customers.index\":true,\"customers.create\":true,\"customers.edit\":true,\"customers.destroy\":true,\"flash-sale.index\":true,\"flash-sale.create\":true,\"flash-sale.edit\":true,\"flash-sale.destroy\":true,\"product-label.index\":true,\"product-label.create\":true,\"product-label.edit\":true,\"product-label.destroy\":true,\"ecommerce.import.products.index\":true,\"ecommerce.export.products.index\":true,\"order_returns.index\":true,\"order_returns.edit\":true,\"order_returns.destroy\":true,\"global-option.index\":true,\"global-option.create\":true,\"global-option.edit\":true,\"global-option.destroy\":true,\"ecommerce.invoice.index\":true,\"ecommerce.invoice.edit\":true,\"ecommerce.invoice.destroy\":true,\"ecommerce.invoice-template.index\":true,\"ecommerce.settings.general\":true,\"ecommerce.settings.currencies\":true,\"ecommerce.settings.products\":true,\"ecommerce.settings.product-search\":true,\"ecommerce.settings.digital-products\":true,\"ecommerce.settings.store-locators\":true,\"ecommerce.settings.invoices\":true,\"ecommerce.settings.product-reviews\":true,\"ecommerce.settings.customers\":true,\"ecommerce.settings.shopping\":true,\"ecommerce.settings.taxes\":true,\"ecommerce.settings.shipping\":true,\"ecommerce.settings.tracking\":true,\"ecommerce.settings.standard-and-format\":true,\"ecommerce.settings.checkout\":true,\"ecommerce.settings.return\":true,\"ecommerce.settings.flash-sale\":true,\"plugin.faq\":true,\"faq.index\":true,\"faq.create\":true,\"faq.edit\":true,\"faq.destroy\":true,\"faq_category.index\":true,\"faq_category.create\":true,\"faq_category.edit\":true,\"faq_category.destroy\":true,\"faqs.settings\":true,\"galleries.index\":true,\"galleries.create\":true,\"galleries.edit\":true,\"galleries.destroy\":true,\"languages.index\":true,\"languages.create\":true,\"languages.edit\":true,\"languages.destroy\":true,\"plugin.location\":true,\"country.index\":true,\"country.create\":true,\"country.edit\":true,\"country.destroy\":true,\"state.index\":true,\"state.create\":true,\"state.edit\":true,\"state.destroy\":true,\"city.index\":true,\"city.create\":true,\"city.edit\":true,\"city.destroy\":true,\"location.bulk-import.index\":true,\"location.export.index\":true,\"newsletter.index\":true,\"newsletter.destroy\":true,\"newsletter.settings\":true,\"payment.index\":true,\"payments.settings\":true,\"payment.destroy\":true,\"sale-popup.settings\":true,\"simple-slider.index\":true,\"simple-slider.create\":true,\"simple-slider.edit\":true,\"simple-slider.destroy\":true,\"simple-slider-item.index\":true,\"simple-slider-item.create\":true,\"simple-slider-item.edit\":true,\"simple-slider-item.destroy\":true,\"simple-slider.settings\":true,\"social-login.settings\":true,\"team.index\":true,\"team.create\":true,\"team.edit\":true,\"team.destroy\":true,\"testimonial.index\":true,\"testimonial.create\":true,\"testimonial.edit\":true,\"testimonial.destroy\":true,\"plugins.translation\":true,\"translations.locales\":true,\"translations.theme-translations\":true,\"translations.index\":true}','Admin users role',1,2,2,'2024-01-06 17:15:54','2024-01-06 17:15:54');
/*!40000 ALTER TABLE `roles` ENABLE KEYS */;
UNLOCK TABLES;

--
-- Table structure for table `settings`
--

DROP TABLE IF EXISTS `settings`;
/*!40101 SET @saved_cs_client     = @@character_set_client */;
/*!50503 SET character_set_client = utf8mb4 */;
CREATE TABLE `settings` (
  `id` bigint unsigned NOT NULL AUTO_INCREMENT,
  `key` varchar(255) COLLATE utf8mb4_unicode_ci NOT NULL,
  `value` text COLLATE utf8mb4_unicode_ci,
  `created_at` timestamp NULL DEFAULT NULL,
  `updated_at` timestamp NULL DEFAULT NULL,
  PRIMARY KEY (`id`),
  UNIQUE KEY `settings_key_unique` (`key`)
) ENGINE=InnoDB AUTO_INCREMENT=58 DEFAULT CHARSET=utf8mb4 COLLATE=utf8mb4_unicode_ci;
/*!40101 SET character_set_client = @saved_cs_client */;

--
-- Dumping data for table `settings`
--

LOCK TABLES `settings` WRITE;
/*!40000 ALTER TABLE `settings` DISABLE KEYS */;
INSERT INTO `settings` VALUES (1,'media_random_hash','3bac1750037608ef9aeaba09d2d7ac14',NULL,'2024-01-06 17:16:25'),(2,'api_enabled','0',NULL,'2024-01-06 17:16:25'),(3,'activated_plugins','[\"language\",\"language-advanced\",\"ads\",\"analytics\",\"announcement\",\"audit-log\",\"backup\",\"blog\",\"captcha\",\"contact\",\"cookie-consent\",\"ecommerce\",\"faq\",\"gallery\",\"location\",\"newsletter\",\"payment\",\"paypal\",\"paystack\",\"razorpay\",\"sale-popup\",\"shippo\",\"simple-slider\",\"social-login\",\"sslcommerz\",\"stripe\",\"team\",\"testimonial\",\"translation\"]',NULL,'2024-01-06 17:16:25'),(6,'theme','ninico',NULL,'2024-01-06 17:16:25'),(7,'show_admin_bar','1',NULL,'2024-01-06 17:16:25'),(8,'language_hide_default','1',NULL,'2024-01-06 17:16:25'),(9,'language_switcher_display','dropdown',NULL,'2024-01-06 17:16:25'),(10,'language_display','all',NULL,'2024-01-06 17:16:25'),(11,'language_hide_languages','[]',NULL,'2024-01-06 17:16:25'),(12,'payment_cod_status','1',NULL,'2024-01-06 17:16:25'),(13,'payment_bank_transfer_status','1',NULL,'2024-01-06 17:16:25'),(14,'admin_favicon','general/favicon.png',NULL,'2024-01-06 17:16:25'),(15,'admin_logo','general/logo-white.png',NULL,'2024-01-06 17:16:25'),(16,'permalink-botble-blog-models-post','blog',NULL,'2024-01-06 17:16:25'),(17,'permalink-botble-blog-models-category','blog',NULL,'2024-01-06 17:16:25'),(18,'payment_cod_description','Please pay money directly to the postman, if you choose cash on delivery method (COD).',NULL,'2024-01-06 17:16:25'),(19,'payment_bank_transfer_description','Please send money to our bank account: ACB - 69270 213 19.',NULL,'2024-01-06 17:16:25'),(20,'payment_stripe_payment_type','stripe_checkout',NULL,'2024-01-06 17:16:25'),(21,'plugins_ecommerce_customer_new_order_status','0',NULL,'2024-01-06 17:16:25'),(22,'plugins_ecommerce_admin_new_order_status','0',NULL,'2024-01-06 17:16:25'),(23,'ecommerce_is_enabled_support_digital_products','1',NULL,'2024-01-06 17:16:25'),(24,'ecommerce_load_countries_states_cities_from_location_plugin','0',NULL,'2024-01-06 17:16:25'),(25,'ecommerce_product_sku_format','NN-2443-[%S]',NULL,'2024-01-06 17:16:25'),(26,'theme-ninico-site_title','Ninico - Minimal eCommerce',NULL,'2024-01-06 17:16:25'),(27,'theme-ninico-seo_description','Ninico is a modern and flexible Minimal eCommerce Laravel script. This script is suited for electronic, organic and grocery store, furniture store, clothing store, hitech store and accessories store...',NULL,'2024-01-06 17:16:25'),(28,'theme-ninico-favicon','general/favicon.png',NULL,'2024-01-06 17:16:25'),(29,'theme-ninico-logo_light','general/logo-white.png',NULL,'2024-01-06 17:16:25'),(30,'theme-ninico-logo','general/logo.png',NULL,'2024-01-06 17:16:25'),(31,'theme-ninico-primary_font','Jost',NULL,'2024-01-06 17:16:25'),(32,'theme-ninico-primary_color','#d51243',NULL,'2024-01-06 17:16:25'),(33,'theme-ninico-hotline','908. 408. 501. 89',NULL,'2024-01-06 17:16:25'),(34,'theme-ninico-homepage_id','1',NULL,'2024-01-06 17:16:25'),(35,'theme-ninico-blog_page_id','6',NULL,'2024-01-06 17:16:25'),(36,'theme-ninico-cart_footer_description','Free shipping for orders <b>under 10km</b>',NULL,'2024-01-06 17:16:25'),(37,'theme-ninico-breadcrumb_background','banners/breadcrumb-01.jpg',NULL,'2024-01-06 17:16:25'),(38,'theme-ninico-login_background','banners/login-bg.jpg',NULL,'2024-01-06 17:16:25'),(39,'theme-ninico-register_background','banners/sign-bg.jpg',NULL,'2024-01-06 17:16:25'),(40,'theme-ninico-404_not_found_icon','icons/error.png',NULL,'2024-01-06 17:16:25'),(41,'theme-ninico-order_tracking_background','banners/track-bg.jpg',NULL,'2024-01-06 17:16:25'),(42,'theme-ninico-default_product_list_layout','grid',NULL,'2024-01-06 17:16:25'),(43,'theme-ninico-number_of_products_per_page','30',NULL,'2024-01-06 17:16:25'),(44,'theme-ninico-footer_background_color','#F8F8F8',NULL,'2024-01-06 17:16:25'),(45,'theme-ninico-footer_text_color','#000000',NULL,'2024-01-06 17:16:25'),(46,'theme-ninico-footer_text_muted_color','#686666',NULL,'2024-01-06 17:16:25'),(47,'theme-ninico-footer_border_color','#E0E0E0',NULL,'2024-01-06 17:16:25'),(48,'theme-ninico-footer_bottom_background_color','#ededed',NULL,'2024-01-06 17:16:25'),(49,'theme-ninico-preloader_version','v2',NULL,'2024-01-06 17:16:25'),(50,'theme-ninico-social_links','[[{\"key\":\"name\",\"value\":\"Facebook\"},{\"key\":\"icon\",\"value\":\"fab fa-facebook\"},{\"key\":\"url\",\"value\":\"https:\\/\\/www.facebook.com\"}],[{\"key\":\"name\",\"value\":\"Twitter\"},{\"key\":\"icon\",\"value\":\"fab fa-twitter\"},{\"key\":\"url\",\"value\":\"https:\\/\\/twitter.com\"}],[{\"key\":\"name\",\"value\":\"Behance\"},{\"key\":\"icon\",\"value\":\"fab fa-behance\"},{\"key\":\"url\",\"value\":\"https:\\/\\/www.behance.net\"}],[{\"key\":\"name\",\"value\":\"Youtube\"},{\"key\":\"icon\",\"value\":\"fab fa-youtube\"},{\"key\":\"url\",\"value\":\"https:\\/\\/www.youtube.com\"}],[{\"key\":\"name\",\"value\":\"LinkedIn\"},{\"key\":\"icon\",\"value\":\"fab fa-linkedin\"},{\"key\":\"url\",\"value\":\"https:\\/\\/www.linkedin.com\"}]]',NULL,'2024-01-06 17:16:25'),(51,'announcement_text_alignment','start',NULL,NULL),(52,'announcement_background_color','#f3eee7',NULL,NULL),(53,'announcement_text_color','#000000',NULL,NULL),(54,'announcement_font_size','13',NULL,NULL),(55,'announcement_font_size_unit','px',NULL,NULL),(56,'announcement_autoplay','1',NULL,NULL),(57,'announcement_autoplay_delay','3000',NULL,NULL);
/*!40000 ALTER TABLE `settings` ENABLE KEYS */;
UNLOCK TABLES;

--
-- Table structure for table `simple_slider_items`
--

DROP TABLE IF EXISTS `simple_slider_items`;
/*!40101 SET @saved_cs_client     = @@character_set_client */;
/*!50503 SET character_set_client = utf8mb4 */;
CREATE TABLE `simple_slider_items` (
  `id` bigint unsigned NOT NULL AUTO_INCREMENT,
  `simple_slider_id` bigint unsigned NOT NULL,
  `title` varchar(255) COLLATE utf8mb4_unicode_ci DEFAULT NULL,
  `image` varchar(255) COLLATE utf8mb4_unicode_ci NOT NULL,
  `link` varchar(255) COLLATE utf8mb4_unicode_ci DEFAULT NULL,
  `description` text COLLATE utf8mb4_unicode_ci,
  `order` int unsigned NOT NULL DEFAULT '0',
  `created_at` timestamp NULL DEFAULT NULL,
  `updated_at` timestamp NULL DEFAULT NULL,
  PRIMARY KEY (`id`)
) ENGINE=InnoDB AUTO_INCREMENT=16 DEFAULT CHARSET=utf8mb4 COLLATE=utf8mb4_unicode_ci;
/*!40101 SET character_set_client = @saved_cs_client */;

--
-- Dumping data for table `simple_slider_items`
--

LOCK TABLES `simple_slider_items` WRITE;
/*!40000 ALTER TABLE `simple_slider_items` DISABLE KEYS */;
INSERT INTO `simple_slider_items` VALUES (1,1,'Up To <i>40% Off</i> latest Creations','sliders/banner-1.jpg','/products','Accessories',1,'2024-01-06 17:16:02','2024-01-06 17:16:02'),(2,1,'Up To <i>40% Off</i> latest Creations','sliders/banner-2.jpg','/products','Accessories',2,'2024-01-06 17:16:02','2024-01-06 17:16:02'),(3,1,'Up To <i>40% Off</i> latest Creations','sliders/banner-3.jpg','/products','Accessories',3,'2024-01-06 17:16:02','2024-01-06 17:16:02'),(4,2,'Exclusive <br> Winter Collection','sliders/slider-01.png','/products','New Modern Stylist Fashionable Women\'s Wear holder',1,'2024-01-06 17:16:02','2024-01-06 17:16:02'),(5,2,'Exclusive <br> Women\'s Fashion','sliders/slider-02.png','/products','New Modern Stylist Fashionable Women\'s Wear holder',2,'2024-01-06 17:16:03','2024-01-06 17:16:03'),(6,2,'Exclusive <br> Summer Collection','sliders/slider-03.png','/products','New Modern Stylist Fashionable Women\'s Wear holder',3,'2024-01-06 17:16:03','2024-01-06 17:16:03'),(7,3,'Wooden <br> Lounge Furniture','sliders/slider-04.png','/products','New Modern Stylist Fashionable Women\'s Wear holder',1,'2024-01-06 17:16:03','2024-01-06 17:16:03'),(8,3,'Wooden <br> Lounge Chair','sliders/slider-05.png','/products',NULL,2,'2024-01-06 17:16:03','2024-01-06 17:16:03'),(9,3,'Wooden <br> Houston Furniture','sliders/slider-06.png','/products',NULL,3,'2024-01-06 17:16:03','2024-01-06 17:16:03'),(10,4,'Will Never <br> Compromise Beauty','sliders/slider-bg-04.png','/products','New Modern Stylist Fashionable Women\'s Wear holder',1,'2024-01-06 17:16:03','2024-01-06 17:16:03'),(11,4,'Will Never <br> Compromise Glow','sliders/slider-bg-05.png','/products','New Modern Stylist Fashionable Women\'s Wear holder',2,'2024-01-06 17:16:03','2024-01-06 17:16:03'),(12,4,'Will Never <br> Compromise Health','sliders/slider-bg-06.png','/products','New Modern Stylist Fashionable Women\'s Wear holder',3,'2024-01-06 17:16:03','2024-01-06 17:16:03'),(13,5,'Fresh Grocery <br> Products.','sliders/slider-05-bg-1.jpg','/products','Quality &amp; Fresh Products',1,'2024-01-06 17:16:03','2024-01-06 17:16:03'),(14,5,'Fresh Grocery <br> Products.','sliders/slider-05-bg-2.jpg','/products','Quality &amp; Fresh Products',2,'2024-01-06 17:16:03','2024-01-06 17:16:03'),(15,5,'Fresh Grocery <br> Products.','sliders/slider-05-bg-3.jpg','/products','Quality &amp; Fresh Products',3,'2024-01-06 17:16:03','2024-01-06 17:16:03');
/*!40000 ALTER TABLE `simple_slider_items` ENABLE KEYS */;
UNLOCK TABLES;

--
-- Table structure for table `simple_sliders`
--

DROP TABLE IF EXISTS `simple_sliders`;
/*!40101 SET @saved_cs_client     = @@character_set_client */;
/*!50503 SET character_set_client = utf8mb4 */;
CREATE TABLE `simple_sliders` (
  `id` bigint unsigned NOT NULL AUTO_INCREMENT,
  `name` varchar(120) COLLATE utf8mb4_unicode_ci NOT NULL,
  `key` varchar(120) COLLATE utf8mb4_unicode_ci NOT NULL,
  `description` varchar(255) COLLATE utf8mb4_unicode_ci DEFAULT NULL,
  `status` varchar(60) COLLATE utf8mb4_unicode_ci NOT NULL DEFAULT 'published',
  `created_at` timestamp NULL DEFAULT NULL,
  `updated_at` timestamp NULL DEFAULT NULL,
  PRIMARY KEY (`id`)
) ENGINE=InnoDB AUTO_INCREMENT=6 DEFAULT CHARSET=utf8mb4 COLLATE=utf8mb4_unicode_ci;
/*!40101 SET character_set_client = @saved_cs_client */;

--
-- Dumping data for table `simple_sliders`
--

LOCK TABLES `simple_sliders` WRITE;
/*!40000 ALTER TABLE `simple_sliders` DISABLE KEYS */;
INSERT INTO `simple_sliders` VALUES (1,'Slider home 1','slider-home-1','The slider on home page 1','published','2024-01-06 17:16:02','2024-01-06 17:16:02'),(2,'Slider home 2','slider-home-2','The slider on home page 2','published','2024-01-06 17:16:02','2024-01-06 17:16:02'),(3,'Slider Furniture','slider-furniture','The slider for furniture style','published','2024-01-06 17:16:03','2024-01-06 17:16:03'),(4,'Slider Cosmetics','slider-cosmetics','The slider for cosmetics style','published','2024-01-06 17:16:03','2024-01-06 17:16:03'),(5,'Slider Grocery','slider-grocery','The slider for grocery style','published','2024-01-06 17:16:03','2024-01-06 17:16:03');
/*!40000 ALTER TABLE `simple_sliders` ENABLE KEYS */;
UNLOCK TABLES;

--
-- Table structure for table `slugs`
--

DROP TABLE IF EXISTS `slugs`;
/*!40101 SET @saved_cs_client     = @@character_set_client */;
/*!50503 SET character_set_client = utf8mb4 */;
CREATE TABLE `slugs` (
  `id` bigint unsigned NOT NULL AUTO_INCREMENT,
  `key` varchar(255) COLLATE utf8mb4_unicode_ci NOT NULL,
  `reference_id` bigint unsigned NOT NULL,
  `reference_type` varchar(255) COLLATE utf8mb4_unicode_ci NOT NULL,
  `prefix` varchar(120) COLLATE utf8mb4_unicode_ci DEFAULT '',
  `created_at` timestamp NULL DEFAULT NULL,
  `updated_at` timestamp NULL DEFAULT NULL,
  PRIMARY KEY (`id`),
  KEY `slugs_reference_id_index` (`reference_id`),
  KEY `slugs_key_index` (`key`),
  KEY `slugs_prefix_index` (`prefix`),
  KEY `slugs_reference_index` (`reference_id`,`reference_type`)
) ENGINE=InnoDB AUTO_INCREMENT=352 DEFAULT CHARSET=utf8mb4 COLLATE=utf8mb4_unicode_ci;
/*!40101 SET character_set_client = @saved_cs_client */;

--
-- Dumping data for table `slugs`
--

LOCK TABLES `slugs` WRITE;
/*!40000 ALTER TABLE `slugs` DISABLE KEYS */;
INSERT INTO `slugs` VALUES (1,'ecommerce',1,'Botble\\Blog\\Models\\Category','blog','2024-01-06 17:15:58','2024-01-06 17:15:58'),(2,'fashion',2,'Botble\\Blog\\Models\\Category','blog','2024-01-06 17:15:58','2024-01-06 17:15:58'),(3,'electronic',3,'Botble\\Blog\\Models\\Category','blog','2024-01-06 17:15:58','2024-01-06 17:15:58'),(4,'commercial',4,'Botble\\Blog\\Models\\Category','blog','2024-01-06 17:15:58','2024-01-06 17:15:58'),(5,'general',1,'Botble\\Blog\\Models\\Tag','tag','2024-01-06 17:15:58','2024-01-06 17:15:58'),(6,'design',2,'Botble\\Blog\\Models\\Tag','tag','2024-01-06 17:15:58','2024-01-06 17:15:58'),(7,'fashion',3,'Botble\\Blog\\Models\\Tag','tag','2024-01-06 17:15:58','2024-01-06 17:15:58'),(8,'branding',4,'Botble\\Blog\\Models\\Tag','tag','2024-01-06 17:15:58','2024-01-06 17:15:58'),(9,'modern',5,'Botble\\Blog\\Models\\Tag','tag','2024-01-06 17:15:58','2024-01-06 17:15:58'),(10,'4-expert-tips-on-how-to-choose-the-right-mens-wallet',1,'Botble\\Blog\\Models\\Post','blog','2024-01-06 17:15:58','2024-01-06 17:15:58'),(11,'sexy-clutches-how-to-buy-wear-a-designer-clutch-bag',2,'Botble\\Blog\\Models\\Post','blog','2024-01-06 17:15:58','2024-01-06 17:15:58'),(12,'the-top-2020-handbag-trends-to-know',3,'Botble\\Blog\\Models\\Post','blog','2024-01-06 17:15:58','2024-01-06 17:15:58'),(13,'how-to-match-the-color-of-your-handbag-with-an-outfit',4,'Botble\\Blog\\Models\\Post','blog','2024-01-06 17:15:58','2024-01-06 17:15:58'),(14,'how-to-care-for-leather-bags',5,'Botble\\Blog\\Models\\Post','blog','2024-01-06 17:15:58','2024-01-06 17:15:58'),(15,'were-crushing-hard-on-summers-10-biggest-bag-trends',6,'Botble\\Blog\\Models\\Post','blog','2024-01-06 17:15:58','2024-01-06 17:15:58'),(16,'essential-qualities-of-highly-successful-music',7,'Botble\\Blog\\Models\\Post','blog','2024-01-06 17:15:58','2024-01-06 17:15:58'),(17,'9-things-i-love-about-shaving-my-head',8,'Botble\\Blog\\Models\\Post','blog','2024-01-06 17:15:58','2024-01-06 17:15:58'),(18,'why-teamwork-really-makes-the-dream-work',9,'Botble\\Blog\\Models\\Post','blog','2024-01-06 17:15:58','2024-01-06 17:15:58'),(19,'the-world-caters-to-average-people',10,'Botble\\Blog\\Models\\Post','blog','2024-01-06 17:15:58','2024-01-06 17:15:58'),(20,'the-litigants-on-the-screen-are-not-actors',11,'Botble\\Blog\\Models\\Post','blog','2024-01-06 17:15:58','2024-01-06 17:15:58'),(21,'wooden-home',1,'Botble\\Page\\Models\\Page','','2024-01-06 17:15:59','2024-01-06 17:15:59'),(22,'fashion-home',2,'Botble\\Page\\Models\\Page','','2024-01-06 17:16:00','2024-01-06 17:16:00'),(23,'furniture-home',3,'Botble\\Page\\Models\\Page','','2024-01-06 17:16:00','2024-01-06 17:16:00'),(24,'cosmetics-home',4,'Botble\\Page\\Models\\Page','','2024-01-06 17:16:00','2024-01-06 17:16:00'),(25,'food-grocery-home',5,'Botble\\Page\\Models\\Page','','2024-01-06 17:16:00','2024-01-06 17:16:00'),(26,'blog',6,'Botble\\Page\\Models\\Page','','2024-01-06 17:16:00','2024-01-06 17:16:00'),(27,'about',7,'Botble\\Page\\Models\\Page','','2024-01-06 17:16:00','2024-01-06 17:16:00'),(28,'contact',8,'Botble\\Page\\Models\\Page','','2024-01-06 17:16:00','2024-01-06 17:16:00'),(29,'coming-soon',9,'Botble\\Page\\Models\\Page','','2024-01-06 17:16:00','2024-01-06 17:16:00'),(30,'store-locator',10,'Botble\\Page\\Models\\Page','','2024-01-06 17:16:00','2024-01-06 17:16:00'),(31,'faqs',11,'Botble\\Page\\Models\\Page','','2024-01-06 17:16:00','2024-01-06 17:16:00'),(32,'fashion-live',1,'Botble\\Ecommerce\\Models\\Brand','brands','2024-01-06 17:16:06','2024-01-06 17:16:06'),(33,'hand-crafted',2,'Botble\\Ecommerce\\Models\\Brand','brands','2024-01-06 17:16:06','2024-01-06 17:16:06'),(34,'mestonix',3,'Botble\\Ecommerce\\Models\\Brand','brands','2024-01-06 17:16:06','2024-01-06 17:16:06'),(35,'sunshine',4,'Botble\\Ecommerce\\Models\\Brand','brands','2024-01-06 17:16:06','2024-01-06 17:16:06'),(36,'pure',5,'Botble\\Ecommerce\\Models\\Brand','brands','2024-01-06 17:16:06','2024-01-06 17:16:06'),(37,'anfold',6,'Botble\\Ecommerce\\Models\\Brand','brands','2024-01-06 17:16:06','2024-01-06 17:16:06'),(38,'pro-glasses',1,'Botble\\Ecommerce\\Models\\ProductCategory','product-categories','2024-01-06 17:16:06','2024-01-06 17:16:06'),(39,'casual-shoes',2,'Botble\\Ecommerce\\Models\\ProductCategory','product-categories','2024-01-06 17:16:06','2024-01-06 17:16:06'),(40,'winter-jacket',3,'Botble\\Ecommerce\\Models\\ProductCategory','product-categories','2024-01-06 17:16:06','2024-01-06 17:16:06'),(41,'new-added',4,'Botble\\Ecommerce\\Models\\ProductCategory','product-categories','2024-01-06 17:16:06','2024-01-06 17:16:06'),(42,'wooden',5,'Botble\\Ecommerce\\Models\\ProductCategory','product-categories','2024-01-06 17:16:06','2024-01-06 17:16:06'),(43,'furniture',6,'Botble\\Ecommerce\\Models\\ProductCategory','product-categories','2024-01-06 17:16:06','2024-01-06 17:16:06'),(44,'clock',7,'Botble\\Ecommerce\\Models\\ProductCategory','product-categories','2024-01-06 17:16:06','2024-01-06 17:16:06'),(45,'gifts',8,'Botble\\Ecommerce\\Models\\ProductCategory','product-categories','2024-01-06 17:16:06','2024-01-06 17:16:06'),(46,'crafts',9,'Botble\\Ecommerce\\Models\\ProductCategory','product-categories','2024-01-06 17:16:06','2024-01-06 17:16:06'),(47,'gift-sets',10,'Botble\\Ecommerce\\Models\\ProductCategory','product-categories','2024-01-06 17:16:06','2024-01-06 17:16:06'),(48,'plastic-gifts',11,'Botble\\Ecommerce\\Models\\ProductCategory','product-categories','2024-01-06 17:16:06','2024-01-06 17:16:06'),(49,'handy-cream',12,'Botble\\Ecommerce\\Models\\ProductCategory','product-categories','2024-01-06 17:16:06','2024-01-06 17:16:06'),(50,'cosmetics',13,'Botble\\Ecommerce\\Models\\ProductCategory','product-categories','2024-01-06 17:16:06','2024-01-06 17:16:06'),(51,'silk-accessories',14,'Botble\\Ecommerce\\Models\\ProductCategory','product-categories','2024-01-06 17:16:06','2024-01-06 17:16:06'),(52,'finest-skincare-lotions',15,'Botble\\Ecommerce\\Models\\ProductCategory','product-categories','2024-01-06 17:16:06','2024-01-06 17:16:06'),(53,'bags-purses',16,'Botble\\Ecommerce\\Models\\ProductCategory','product-categories','2024-01-06 17:16:06','2024-01-06 17:16:06'),(54,'sunglasses',17,'Botble\\Ecommerce\\Models\\ProductCategory','product-categories','2024-01-06 17:16:06','2024-01-06 17:16:06'),(55,'electronic',1,'Botble\\Ecommerce\\Models\\ProductTag','product-tags','2024-01-06 17:16:06','2024-01-06 17:16:06'),(56,'mobile',2,'Botble\\Ecommerce\\Models\\ProductTag','product-tags','2024-01-06 17:16:06','2024-01-06 17:16:06'),(57,'iphone',3,'Botble\\Ecommerce\\Models\\ProductTag','product-tags','2024-01-06 17:16:06','2024-01-06 17:16:06'),(58,'printer',4,'Botble\\Ecommerce\\Models\\ProductTag','product-tags','2024-01-06 17:16:06','2024-01-06 17:16:06'),(59,'office',5,'Botble\\Ecommerce\\Models\\ProductTag','product-tags','2024-01-06 17:16:06','2024-01-06 17:16:06'),(60,'it',6,'Botble\\Ecommerce\\Models\\ProductTag','product-tags','2024-01-06 17:16:06','2024-01-06 17:16:06'),(61,'miko-wooden-bluetooth-speaker',1,'Botble\\Ecommerce\\Models\\Product','products','2024-01-06 17:16:12','2024-01-06 17:16:12'),(62,'gorgeous-wooden-gloves',2,'Botble\\Ecommerce\\Models\\Product','products','2024-01-06 17:16:12','2024-01-06 17:16:12'),(63,'pinkol-enormous-granite-bottle',3,'Botble\\Ecommerce\\Models\\Product','products','2024-01-06 17:16:12','2024-01-06 17:16:12'),(64,'gorgeous-aluminum-table',4,'Botble\\Ecommerce\\Models\\Product','products','2024-01-06 17:16:12','2024-01-06 17:16:12'),(65,'evo-lightweight-granite-shirt',5,'Botble\\Ecommerce\\Models\\Product','products','2024-01-06 17:16:12','2024-01-06 17:16:12'),(66,'clco-incredible-paper-car',6,'Botble\\Ecommerce\\Models\\Product','products','2024-01-06 17:16:12','2024-01-06 17:16:12'),(67,'progash-durable-granite-hat',7,'Botble\\Ecommerce\\Models\\Product','products','2024-01-06 17:16:12','2024-01-06 17:16:12'),(68,'purab-enormous-miranda-bottle',8,'Botble\\Ecommerce\\Models\\Product','products','2024-01-06 17:16:12','2024-01-06 17:16:12'),(69,'miklonda-co-crafted-candles',9,'Botble\\Ecommerce\\Models\\Product','products','2024-01-06 17:16:12','2024-01-06 17:16:12'),(70,'pinkol-enormous-granite-bottle',10,'Botble\\Ecommerce\\Models\\Product','products','2024-01-06 17:16:12','2024-01-06 17:16:12'),(71,'dual-camera-20mp',11,'Botble\\Ecommerce\\Models\\Product','products','2024-01-06 17:16:12','2024-01-06 17:16:12'),(72,'smart-watches',12,'Botble\\Ecommerce\\Models\\Product','products','2024-01-06 17:16:12','2024-01-06 17:16:12'),(73,'beat-headphone',13,'Botble\\Ecommerce\\Models\\Product','products','2024-01-06 17:16:12','2024-01-06 17:16:12'),(74,'red-black-headphone',14,'Botble\\Ecommerce\\Models\\Product','products','2024-01-06 17:16:12','2024-01-06 17:16:12'),(75,'smart-watch-external',15,'Botble\\Ecommerce\\Models\\Product','products','2024-01-06 17:16:12','2024-01-06 17:16:12'),(76,'nikon-hd-camera',16,'Botble\\Ecommerce\\Models\\Product','products','2024-01-06 17:16:12','2024-01-06 17:16:12'),(77,'audio-equipment',17,'Botble\\Ecommerce\\Models\\Product','products','2024-01-06 17:16:12','2024-01-06 17:16:12'),(78,'smart-televisions',18,'Botble\\Ecommerce\\Models\\Product','products','2024-01-06 17:16:12','2024-01-06 17:16:12'),(79,'samsung-smart-phone',19,'Botble\\Ecommerce\\Models\\Product','products','2024-01-06 17:16:12','2024-01-06 17:16:12'),(80,'herschel-leather-duffle-bag-in-brown-color',20,'Botble\\Ecommerce\\Models\\Product','products','2024-01-06 17:16:13','2024-01-06 17:16:13'),(81,'xbox-one-wireless-controller-black-color',21,'Botble\\Ecommerce\\Models\\Product','products','2024-01-06 17:16:13','2024-01-06 17:16:13'),(82,'epsion-plaster-printer',22,'Botble\\Ecommerce\\Models\\Product','products','2024-01-06 17:16:13','2024-01-06 17:16:13'),(83,'sound-intone-i65-earphone-white-version',23,'Botble\\Ecommerce\\Models\\Product','products','2024-01-06 17:16:13','2024-01-06 17:16:13'),(84,'bo-play-mini-bluetooth-speaker',24,'Botble\\Ecommerce\\Models\\Product','products','2024-01-06 17:16:13','2024-01-06 17:16:13'),(85,'apple-macbook-air-retina-133-inch-laptop',25,'Botble\\Ecommerce\\Models\\Product','products','2024-01-06 17:16:13','2024-01-06 17:16:13'),(86,'apple-macbook-air-retina-12-inch-laptop',26,'Botble\\Ecommerce\\Models\\Product','products','2024-01-06 17:16:13','2024-01-06 17:16:13'),(87,'samsung-gear-vr-virtual-reality-headset',27,'Botble\\Ecommerce\\Models\\Product','products','2024-01-06 17:16:13','2024-01-06 17:16:13'),(88,'aveeno-moisturizing-body-shower-450ml',28,'Botble\\Ecommerce\\Models\\Product','products','2024-01-06 17:16:13','2024-01-06 17:16:13'),(89,'nyx-beauty-couton-pallete-makeup-12',29,'Botble\\Ecommerce\\Models\\Product','products','2024-01-06 17:16:13','2024-01-06 17:16:13'),(90,'nyx-beauty-couton-pallete-makeup-12',30,'Botble\\Ecommerce\\Models\\Product','products','2024-01-06 17:16:13','2024-01-06 17:16:13'),(91,'mvmth-classical-leather-watch-in-black',31,'Botble\\Ecommerce\\Models\\Product','products','2024-01-06 17:16:13','2024-01-06 17:16:13'),(92,'baxter-care-hair-kit-for-bearded-mens',32,'Botble\\Ecommerce\\Models\\Product','products','2024-01-06 17:16:13','2024-01-06 17:16:13'),(93,'ciate-palemore-lipstick-bold-red-color',33,'Botble\\Ecommerce\\Models\\Product','products','2024-01-06 17:16:13','2024-01-06 17:16:13'),(94,'vimto-squash-remix-apple-15-litres',34,'Botble\\Ecommerce\\Models\\Product','products','2024-01-06 17:16:13','2024-01-06 17:16:13'),(95,'crock-pot-slow-cooker',35,'Botble\\Ecommerce\\Models\\Product','products','2024-01-06 17:16:13','2024-01-06 17:16:13'),(96,'taylors-of-harrogate-yorkshire-coffee',36,'Botble\\Ecommerce\\Models\\Product','products','2024-01-06 17:16:13','2024-01-06 17:16:13'),(97,'soft-mochi-galeto-ice-cream',37,'Botble\\Ecommerce\\Models\\Product','products','2024-01-06 17:16:13','2024-01-06 17:16:13'),(98,'naked-noodle-egg-noodles-singapore',38,'Botble\\Ecommerce\\Models\\Product','products','2024-01-06 17:16:13','2024-01-06 17:16:13'),(99,'saute-pan-silver',39,'Botble\\Ecommerce\\Models\\Product','products','2024-01-06 17:16:13','2024-01-06 17:16:13'),(100,'bar-s-classic-bun-length-franks',40,'Botble\\Ecommerce\\Models\\Product','products','2024-01-06 17:16:13','2024-01-06 17:16:13'),(101,'broccoli-crowns',41,'Botble\\Ecommerce\\Models\\Product','products','2024-01-06 17:16:13','2024-01-06 17:16:13'),(102,'slimming-world-vegan-mac-greens',42,'Botble\\Ecommerce\\Models\\Product','products','2024-01-06 17:16:13','2024-01-06 17:16:13'),(103,'haagen-dazs-salted-caramel',43,'Botble\\Ecommerce\\Models\\Product','products','2024-01-06 17:16:13','2024-01-06 17:16:13'),(104,'iceland-3-solo-exotic-burst',44,'Botble\\Ecommerce\\Models\\Product','products','2024-01-06 17:16:13','2024-01-06 17:16:13'),(105,'extreme-budweiser-light-can',45,'Botble\\Ecommerce\\Models\\Product','products','2024-01-06 17:16:13','2024-01-06 17:16:13'),(106,'iceland-macaroni-cheese-traybake',46,'Botble\\Ecommerce\\Models\\Product','products','2024-01-06 17:16:13','2024-01-06 17:16:13'),(107,'dolmio-bolognese-pasta-sauce',47,'Botble\\Ecommerce\\Models\\Product','products','2024-01-06 17:16:13','2024-01-06 17:16:13'),(108,'sitema-bakeit-plastic-box',48,'Botble\\Ecommerce\\Models\\Product','products','2024-01-06 17:16:13','2024-01-06 17:16:13'),(109,'wayfair-basics-dinner-plate-storage',49,'Botble\\Ecommerce\\Models\\Product','products','2024-01-06 17:16:13','2024-01-06 17:16:13'),(110,'miko-the-panda-water-bottle',50,'Botble\\Ecommerce\\Models\\Product','products','2024-01-06 17:16:13','2024-01-06 17:16:13'),(111,'sesame-seed-bread',51,'Botble\\Ecommerce\\Models\\Product','products','2024-01-06 17:16:13','2024-01-06 17:16:13'),(112,'morrisons-the-best-beef',52,'Botble\\Ecommerce\\Models\\Product','products','2024-01-06 17:16:13','2024-01-06 17:16:13'),(113,'avocado-hass-large',53,'Botble\\Ecommerce\\Models\\Product','products','2024-01-06 17:16:13','2024-01-06 17:16:13'),(114,'italia-beef-lasagne',54,'Botble\\Ecommerce\\Models\\Product','products','2024-01-06 17:16:13','2024-01-06 17:16:13'),(115,'maxwell-house-classic-roast-mocha',55,'Botble\\Ecommerce\\Models\\Product','products','2024-01-06 17:16:13','2024-01-06 17:16:13'),(116,'bottled-pure-water-500ml',56,'Botble\\Ecommerce\\Models\\Product','products','2024-01-06 17:16:13','2024-01-06 17:16:13'),(117,'famart-farmhouse-soft-white',57,'Botble\\Ecommerce\\Models\\Product','products','2024-01-06 17:16:13','2024-01-06 17:16:13'),(118,'coca-cola-original-taste',58,'Botble\\Ecommerce\\Models\\Product','products','2024-01-06 17:16:13','2024-01-06 17:16:13'),(119,'casillero-diablo-cabernet-sauvignon',59,'Botble\\Ecommerce\\Models\\Product','products','2024-01-06 17:16:13','2024-01-06 17:16:13'),(120,'arla-organic-free-range-milk',60,'Botble\\Ecommerce\\Models\\Product','products','2024-01-06 17:16:13','2024-01-06 17:16:13'),(121,'aptamil-follow-on-baby-milk',61,'Botble\\Ecommerce\\Models\\Product','products','2024-01-06 17:16:13','2024-01-06 17:16:13'),(122,'cuisinart-chefs-classic-hard-anodized',62,'Botble\\Ecommerce\\Models\\Product','products','2024-01-06 17:16:13','2024-01-06 17:16:13'),(123,'corn-yellow-sweet',63,'Botble\\Ecommerce\\Models\\Product','products','2024-01-06 17:16:13','2024-01-06 17:16:13'),(124,'hobnobs-the-nobbly-biscuit',64,'Botble\\Ecommerce\\Models\\Product','products','2024-01-06 17:16:13','2024-01-06 17:16:13'),(125,'honest-organic-still-lemonade',65,'Botble\\Ecommerce\\Models\\Product','products','2024-01-06 17:16:13','2024-01-06 17:16:13'),(126,'ice-becks-beer-350ml-x-24-pieces',66,'Botble\\Ecommerce\\Models\\Product','products','2024-01-06 17:16:13','2024-01-06 17:16:13'),(127,'iceland-6-hot-cross-buns',67,'Botble\\Ecommerce\\Models\\Product','products','2024-01-06 17:16:13','2024-01-06 17:16:13'),(128,'iceland-luxury-4-panini-rolls',68,'Botble\\Ecommerce\\Models\\Product','products','2024-01-06 17:16:13','2024-01-06 17:16:13'),(129,'iceland-soft-scoop-vanilla',69,'Botble\\Ecommerce\\Models\\Product','products','2024-01-06 17:16:13','2024-01-06 17:16:13'),(130,'iceland-spaghetti-bolognese',70,'Botble\\Ecommerce\\Models\\Product','products','2024-01-06 17:16:13','2024-01-06 17:16:13'),(131,'kelloggs-coco-pops-cereal',71,'Botble\\Ecommerce\\Models\\Product','products','2024-01-06 17:16:13','2024-01-06 17:16:13'),(132,'kit-kat-chunky-milk-chocolate',72,'Botble\\Ecommerce\\Models\\Product','products','2024-01-06 17:16:13','2024-01-06 17:16:13'),(133,'large-green-bell-pepper',73,'Botble\\Ecommerce\\Models\\Product','products','2024-01-06 17:16:13','2024-01-06 17:16:13'),(134,'pice-94w-beasley-journal',74,'Botble\\Ecommerce\\Models\\Product','products','2024-01-06 17:16:13','2024-01-06 17:16:13'),(135,'province-piece-glass-drinking-glass',75,'Botble\\Ecommerce\\Models\\Product','products','2024-01-06 17:16:13','2024-01-06 17:16:13'),(136,'perfect',1,'Botble\\Gallery\\Models\\Gallery','galleries','2024-01-06 17:16:24','2024-01-06 17:16:24'),(137,'new-day',2,'Botble\\Gallery\\Models\\Gallery','galleries','2024-01-06 17:16:24','2024-01-06 17:16:24'),(138,'happy-day',3,'Botble\\Gallery\\Models\\Gallery','galleries','2024-01-06 17:16:24','2024-01-06 17:16:24'),(139,'nature',4,'Botble\\Gallery\\Models\\Gallery','galleries','2024-01-06 17:16:24','2024-01-06 17:16:24'),(140,'morning',5,'Botble\\Gallery\\Models\\Gallery','galleries','2024-01-06 17:16:24','2024-01-06 17:16:24'),(141,'photography',6,'Botble\\Gallery\\Models\\Gallery','galleries','2024-01-06 17:16:24','2024-01-06 17:16:24'),(142,'miko-wooden-bluetooth-speaker',76,'Botble\\Ecommerce\\Models\\Product','products','2024-01-06 17:16:25','2024-01-06 17:16:25'),(143,'miko-wooden-bluetooth-speaker',77,'Botble\\Ecommerce\\Models\\Product','products','2024-01-06 17:16:25','2024-01-06 17:16:25'),(144,'gorgeous-wooden-gloves',78,'Botble\\Ecommerce\\Models\\Product','products','2024-01-06 17:16:25','2024-01-06 17:16:25'),(145,'gorgeous-wooden-gloves',79,'Botble\\Ecommerce\\Models\\Product','products','2024-01-06 17:16:25','2024-01-06 17:16:25'),(146,'gorgeous-wooden-gloves',80,'Botble\\Ecommerce\\Models\\Product','products','2024-01-06 17:16:25','2024-01-06 17:16:25'),(147,'gorgeous-wooden-gloves',81,'Botble\\Ecommerce\\Models\\Product','products','2024-01-06 17:16:25','2024-01-06 17:16:25'),(148,'pinkol-enormous-granite-bottle',82,'Botble\\Ecommerce\\Models\\Product','products','2024-01-06 17:16:25','2024-01-06 17:16:25'),(149,'pinkol-enormous-granite-bottle',83,'Botble\\Ecommerce\\Models\\Product','products','2024-01-06 17:16:25','2024-01-06 17:16:25'),(150,'pinkol-enormous-granite-bottle',84,'Botble\\Ecommerce\\Models\\Product','products','2024-01-06 17:16:25','2024-01-06 17:16:25'),(151,'gorgeous-aluminum-table',85,'Botble\\Ecommerce\\Models\\Product','products','2024-01-06 17:16:25','2024-01-06 17:16:25'),(152,'gorgeous-aluminum-table',86,'Botble\\Ecommerce\\Models\\Product','products','2024-01-06 17:16:25','2024-01-06 17:16:25'),(153,'evo-lightweight-granite-shirt',87,'Botble\\Ecommerce\\Models\\Product','products','2024-01-06 17:16:25','2024-01-06 17:16:25'),(154,'evo-lightweight-granite-shirt',88,'Botble\\Ecommerce\\Models\\Product','products','2024-01-06 17:16:25','2024-01-06 17:16:25'),(155,'clco-incredible-paper-car',89,'Botble\\Ecommerce\\Models\\Product','products','2024-01-06 17:16:25','2024-01-06 17:16:25'),(156,'clco-incredible-paper-car',90,'Botble\\Ecommerce\\Models\\Product','products','2024-01-06 17:16:25','2024-01-06 17:16:25'),(157,'clco-incredible-paper-car',91,'Botble\\Ecommerce\\Models\\Product','products','2024-01-06 17:16:25','2024-01-06 17:16:25'),(158,'clco-incredible-paper-car',92,'Botble\\Ecommerce\\Models\\Product','products','2024-01-06 17:16:25','2024-01-06 17:16:25'),(159,'progash-durable-granite-hat',93,'Botble\\Ecommerce\\Models\\Product','products','2024-01-06 17:16:25','2024-01-06 17:16:25'),(160,'progash-durable-granite-hat',94,'Botble\\Ecommerce\\Models\\Product','products','2024-01-06 17:16:25','2024-01-06 17:16:25'),(161,'progash-durable-granite-hat',95,'Botble\\Ecommerce\\Models\\Product','products','2024-01-06 17:16:25','2024-01-06 17:16:25'),(162,'progash-durable-granite-hat',96,'Botble\\Ecommerce\\Models\\Product','products','2024-01-06 17:16:25','2024-01-06 17:16:25'),(163,'purab-enormous-miranda-bottle',97,'Botble\\Ecommerce\\Models\\Product','products','2024-01-06 17:16:25','2024-01-06 17:16:25'),(164,'purab-enormous-miranda-bottle',98,'Botble\\Ecommerce\\Models\\Product','products','2024-01-06 17:16:25','2024-01-06 17:16:25'),(165,'purab-enormous-miranda-bottle',99,'Botble\\Ecommerce\\Models\\Product','products','2024-01-06 17:16:25','2024-01-06 17:16:25'),(166,'purab-enormous-miranda-bottle',100,'Botble\\Ecommerce\\Models\\Product','products','2024-01-06 17:16:25','2024-01-06 17:16:25'),(167,'miklonda-co-crafted-candles',101,'Botble\\Ecommerce\\Models\\Product','products','2024-01-06 17:16:25','2024-01-06 17:16:25'),(168,'miklonda-co-crafted-candles',102,'Botble\\Ecommerce\\Models\\Product','products','2024-01-06 17:16:25','2024-01-06 17:16:25'),(169,'miklonda-co-crafted-candles',103,'Botble\\Ecommerce\\Models\\Product','products','2024-01-06 17:16:25','2024-01-06 17:16:25'),(170,'pinkol-enormous-granite-bottle',104,'Botble\\Ecommerce\\Models\\Product','products','2024-01-06 17:16:25','2024-01-06 17:16:25'),(171,'pinkol-enormous-granite-bottle',105,'Botble\\Ecommerce\\Models\\Product','products','2024-01-06 17:16:25','2024-01-06 17:16:25'),(172,'pinkol-enormous-granite-bottle',106,'Botble\\Ecommerce\\Models\\Product','products','2024-01-06 17:16:25','2024-01-06 17:16:25'),(173,'pinkol-enormous-granite-bottle',107,'Botble\\Ecommerce\\Models\\Product','products','2024-01-06 17:16:25','2024-01-06 17:16:25'),(174,'dual-camera-20mp',108,'Botble\\Ecommerce\\Models\\Product','products','2024-01-06 17:16:25','2024-01-06 17:16:25'),(175,'dual-camera-20mp',109,'Botble\\Ecommerce\\Models\\Product','products','2024-01-06 17:16:25','2024-01-06 17:16:25'),(176,'dual-camera-20mp',110,'Botble\\Ecommerce\\Models\\Product','products','2024-01-06 17:16:25','2024-01-06 17:16:25'),(177,'dual-camera-20mp',111,'Botble\\Ecommerce\\Models\\Product','products','2024-01-06 17:16:25','2024-01-06 17:16:25'),(178,'dual-camera-20mp',112,'Botble\\Ecommerce\\Models\\Product','products','2024-01-06 17:16:25','2024-01-06 17:16:25'),(179,'smart-watches',113,'Botble\\Ecommerce\\Models\\Product','products','2024-01-06 17:16:25','2024-01-06 17:16:25'),(180,'smart-watches',114,'Botble\\Ecommerce\\Models\\Product','products','2024-01-06 17:16:25','2024-01-06 17:16:25'),(181,'beat-headphone',115,'Botble\\Ecommerce\\Models\\Product','products','2024-01-06 17:16:25','2024-01-06 17:16:25'),(182,'beat-headphone',116,'Botble\\Ecommerce\\Models\\Product','products','2024-01-06 17:16:25','2024-01-06 17:16:25'),(183,'red-black-headphone',117,'Botble\\Ecommerce\\Models\\Product','products','2024-01-06 17:16:25','2024-01-06 17:16:25'),(184,'red-black-headphone',118,'Botble\\Ecommerce\\Models\\Product','products','2024-01-06 17:16:25','2024-01-06 17:16:25'),(185,'red-black-headphone',119,'Botble\\Ecommerce\\Models\\Product','products','2024-01-06 17:16:25','2024-01-06 17:16:25'),(186,'red-black-headphone',120,'Botble\\Ecommerce\\Models\\Product','products','2024-01-06 17:16:25','2024-01-06 17:16:25'),(187,'red-black-headphone',121,'Botble\\Ecommerce\\Models\\Product','products','2024-01-06 17:16:25','2024-01-06 17:16:25'),(188,'smart-watch-external',122,'Botble\\Ecommerce\\Models\\Product','products','2024-01-06 17:16:25','2024-01-06 17:16:25'),(189,'nikon-hd-camera',123,'Botble\\Ecommerce\\Models\\Product','products','2024-01-06 17:16:25','2024-01-06 17:16:25'),(190,'nikon-hd-camera',124,'Botble\\Ecommerce\\Models\\Product','products','2024-01-06 17:16:25','2024-01-06 17:16:25'),(191,'nikon-hd-camera',125,'Botble\\Ecommerce\\Models\\Product','products','2024-01-06 17:16:25','2024-01-06 17:16:25'),(192,'audio-equipment',126,'Botble\\Ecommerce\\Models\\Product','products','2024-01-06 17:16:25','2024-01-06 17:16:25'),(193,'smart-televisions',127,'Botble\\Ecommerce\\Models\\Product','products','2024-01-06 17:16:25','2024-01-06 17:16:25'),(194,'samsung-smart-phone',128,'Botble\\Ecommerce\\Models\\Product','products','2024-01-06 17:16:25','2024-01-06 17:16:25'),(195,'herschel-leather-duffle-bag-in-brown-color',129,'Botble\\Ecommerce\\Models\\Product','products','2024-01-06 17:16:25','2024-01-06 17:16:25'),(196,'herschel-leather-duffle-bag-in-brown-color',130,'Botble\\Ecommerce\\Models\\Product','products','2024-01-06 17:16:25','2024-01-06 17:16:25'),(197,'xbox-one-wireless-controller-black-color',131,'Botble\\Ecommerce\\Models\\Product','products','2024-01-06 17:16:25','2024-01-06 17:16:25'),(198,'xbox-one-wireless-controller-black-color',132,'Botble\\Ecommerce\\Models\\Product','products','2024-01-06 17:16:25','2024-01-06 17:16:25'),(199,'xbox-one-wireless-controller-black-color',133,'Botble\\Ecommerce\\Models\\Product','products','2024-01-06 17:16:25','2024-01-06 17:16:25'),(200,'xbox-one-wireless-controller-black-color',134,'Botble\\Ecommerce\\Models\\Product','products','2024-01-06 17:16:25','2024-01-06 17:16:25'),(201,'epsion-plaster-printer',135,'Botble\\Ecommerce\\Models\\Product','products','2024-01-06 17:16:26','2024-01-06 17:16:26'),(202,'epsion-plaster-printer',136,'Botble\\Ecommerce\\Models\\Product','products','2024-01-06 17:16:26','2024-01-06 17:16:26'),(203,'sound-intone-i65-earphone-white-version',137,'Botble\\Ecommerce\\Models\\Product','products','2024-01-06 17:16:26','2024-01-06 17:16:26'),(204,'bo-play-mini-bluetooth-speaker',138,'Botble\\Ecommerce\\Models\\Product','products','2024-01-06 17:16:26','2024-01-06 17:16:26'),(205,'bo-play-mini-bluetooth-speaker',139,'Botble\\Ecommerce\\Models\\Product','products','2024-01-06 17:16:26','2024-01-06 17:16:26'),(206,'apple-macbook-air-retina-133-inch-laptop',140,'Botble\\Ecommerce\\Models\\Product','products','2024-01-06 17:16:26','2024-01-06 17:16:26'),(207,'apple-macbook-air-retina-133-inch-laptop',141,'Botble\\Ecommerce\\Models\\Product','products','2024-01-06 17:16:26','2024-01-06 17:16:26'),(208,'apple-macbook-air-retina-12-inch-laptop',142,'Botble\\Ecommerce\\Models\\Product','products','2024-01-06 17:16:26','2024-01-06 17:16:26'),(209,'apple-macbook-air-retina-12-inch-laptop',143,'Botble\\Ecommerce\\Models\\Product','products','2024-01-06 17:16:26','2024-01-06 17:16:26'),(210,'samsung-gear-vr-virtual-reality-headset',144,'Botble\\Ecommerce\\Models\\Product','products','2024-01-06 17:16:26','2024-01-06 17:16:26'),(211,'samsung-gear-vr-virtual-reality-headset',145,'Botble\\Ecommerce\\Models\\Product','products','2024-01-06 17:16:26','2024-01-06 17:16:26'),(212,'samsung-gear-vr-virtual-reality-headset',146,'Botble\\Ecommerce\\Models\\Product','products','2024-01-06 17:16:26','2024-01-06 17:16:26'),(213,'aveeno-moisturizing-body-shower-450ml',147,'Botble\\Ecommerce\\Models\\Product','products','2024-01-06 17:16:26','2024-01-06 17:16:26'),(214,'aveeno-moisturizing-body-shower-450ml',148,'Botble\\Ecommerce\\Models\\Product','products','2024-01-06 17:16:26','2024-01-06 17:16:26'),(215,'nyx-beauty-couton-pallete-makeup-12',149,'Botble\\Ecommerce\\Models\\Product','products','2024-01-06 17:16:26','2024-01-06 17:16:26'),(216,'nyx-beauty-couton-pallete-makeup-12',150,'Botble\\Ecommerce\\Models\\Product','products','2024-01-06 17:16:26','2024-01-06 17:16:26'),(217,'nyx-beauty-couton-pallete-makeup-12',151,'Botble\\Ecommerce\\Models\\Product','products','2024-01-06 17:16:26','2024-01-06 17:16:26'),(218,'mvmth-classical-leather-watch-in-black',152,'Botble\\Ecommerce\\Models\\Product','products','2024-01-06 17:16:26','2024-01-06 17:16:26'),(219,'baxter-care-hair-kit-for-bearded-mens',153,'Botble\\Ecommerce\\Models\\Product','products','2024-01-06 17:16:26','2024-01-06 17:16:26'),(220,'baxter-care-hair-kit-for-bearded-mens',154,'Botble\\Ecommerce\\Models\\Product','products','2024-01-06 17:16:26','2024-01-06 17:16:26'),(221,'baxter-care-hair-kit-for-bearded-mens',155,'Botble\\Ecommerce\\Models\\Product','products','2024-01-06 17:16:26','2024-01-06 17:16:26'),(222,'baxter-care-hair-kit-for-bearded-mens',156,'Botble\\Ecommerce\\Models\\Product','products','2024-01-06 17:16:26','2024-01-06 17:16:26'),(223,'ciate-palemore-lipstick-bold-red-color',157,'Botble\\Ecommerce\\Models\\Product','products','2024-01-06 17:16:26','2024-01-06 17:16:26'),(224,'ciate-palemore-lipstick-bold-red-color',158,'Botble\\Ecommerce\\Models\\Product','products','2024-01-06 17:16:26','2024-01-06 17:16:26'),(225,'ciate-palemore-lipstick-bold-red-color',159,'Botble\\Ecommerce\\Models\\Product','products','2024-01-06 17:16:26','2024-01-06 17:16:26'),(226,'ciate-palemore-lipstick-bold-red-color',160,'Botble\\Ecommerce\\Models\\Product','products','2024-01-06 17:16:26','2024-01-06 17:16:26'),(227,'vimto-squash-remix-apple-15-litres',161,'Botble\\Ecommerce\\Models\\Product','products','2024-01-06 17:16:26','2024-01-06 17:16:26'),(228,'vimto-squash-remix-apple-15-litres',162,'Botble\\Ecommerce\\Models\\Product','products','2024-01-06 17:16:26','2024-01-06 17:16:26'),(229,'crock-pot-slow-cooker',163,'Botble\\Ecommerce\\Models\\Product','products','2024-01-06 17:16:26','2024-01-06 17:16:26'),(230,'crock-pot-slow-cooker',164,'Botble\\Ecommerce\\Models\\Product','products','2024-01-06 17:16:26','2024-01-06 17:16:26'),(231,'crock-pot-slow-cooker',165,'Botble\\Ecommerce\\Models\\Product','products','2024-01-06 17:16:26','2024-01-06 17:16:26'),(232,'crock-pot-slow-cooker',166,'Botble\\Ecommerce\\Models\\Product','products','2024-01-06 17:16:26','2024-01-06 17:16:26'),(233,'taylors-of-harrogate-yorkshire-coffee',167,'Botble\\Ecommerce\\Models\\Product','products','2024-01-06 17:16:26','2024-01-06 17:16:26'),(234,'taylors-of-harrogate-yorkshire-coffee',168,'Botble\\Ecommerce\\Models\\Product','products','2024-01-06 17:16:26','2024-01-06 17:16:26'),(235,'soft-mochi-galeto-ice-cream',169,'Botble\\Ecommerce\\Models\\Product','products','2024-01-06 17:16:26','2024-01-06 17:16:26'),(236,'soft-mochi-galeto-ice-cream',170,'Botble\\Ecommerce\\Models\\Product','products','2024-01-06 17:16:26','2024-01-06 17:16:26'),(237,'soft-mochi-galeto-ice-cream',171,'Botble\\Ecommerce\\Models\\Product','products','2024-01-06 17:16:26','2024-01-06 17:16:26'),(238,'soft-mochi-galeto-ice-cream',172,'Botble\\Ecommerce\\Models\\Product','products','2024-01-06 17:16:26','2024-01-06 17:16:26'),(239,'naked-noodle-egg-noodles-singapore',173,'Botble\\Ecommerce\\Models\\Product','products','2024-01-06 17:16:26','2024-01-06 17:16:26'),(240,'naked-noodle-egg-noodles-singapore',174,'Botble\\Ecommerce\\Models\\Product','products','2024-01-06 17:16:26','2024-01-06 17:16:26'),(241,'saute-pan-silver',175,'Botble\\Ecommerce\\Models\\Product','products','2024-01-06 17:16:26','2024-01-06 17:16:26'),(242,'saute-pan-silver',176,'Botble\\Ecommerce\\Models\\Product','products','2024-01-06 17:16:26','2024-01-06 17:16:26'),(243,'bar-s-classic-bun-length-franks',177,'Botble\\Ecommerce\\Models\\Product','products','2024-01-06 17:16:26','2024-01-06 17:16:26'),(244,'bar-s-classic-bun-length-franks',178,'Botble\\Ecommerce\\Models\\Product','products','2024-01-06 17:16:26','2024-01-06 17:16:26'),(245,'broccoli-crowns',179,'Botble\\Ecommerce\\Models\\Product','products','2024-01-06 17:16:26','2024-01-06 17:16:26'),(246,'broccoli-crowns',180,'Botble\\Ecommerce\\Models\\Product','products','2024-01-06 17:16:26','2024-01-06 17:16:26'),(247,'broccoli-crowns',181,'Botble\\Ecommerce\\Models\\Product','products','2024-01-06 17:16:26','2024-01-06 17:16:26'),(248,'slimming-world-vegan-mac-greens',182,'Botble\\Ecommerce\\Models\\Product','products','2024-01-06 17:16:26','2024-01-06 17:16:26'),(249,'slimming-world-vegan-mac-greens',183,'Botble\\Ecommerce\\Models\\Product','products','2024-01-06 17:16:26','2024-01-06 17:16:26'),(250,'haagen-dazs-salted-caramel',184,'Botble\\Ecommerce\\Models\\Product','products','2024-01-06 17:16:26','2024-01-06 17:16:26'),(251,'haagen-dazs-salted-caramel',185,'Botble\\Ecommerce\\Models\\Product','products','2024-01-06 17:16:26','2024-01-06 17:16:26'),(252,'haagen-dazs-salted-caramel',186,'Botble\\Ecommerce\\Models\\Product','products','2024-01-06 17:16:26','2024-01-06 17:16:26'),(253,'iceland-3-solo-exotic-burst',187,'Botble\\Ecommerce\\Models\\Product','products','2024-01-06 17:16:26','2024-01-06 17:16:26'),(254,'iceland-3-solo-exotic-burst',188,'Botble\\Ecommerce\\Models\\Product','products','2024-01-06 17:16:26','2024-01-06 17:16:26'),(255,'iceland-3-solo-exotic-burst',189,'Botble\\Ecommerce\\Models\\Product','products','2024-01-06 17:16:26','2024-01-06 17:16:26'),(256,'iceland-3-solo-exotic-burst',190,'Botble\\Ecommerce\\Models\\Product','products','2024-01-06 17:16:26','2024-01-06 17:16:26'),(257,'extreme-budweiser-light-can',191,'Botble\\Ecommerce\\Models\\Product','products','2024-01-06 17:16:26','2024-01-06 17:16:26'),(258,'extreme-budweiser-light-can',192,'Botble\\Ecommerce\\Models\\Product','products','2024-01-06 17:16:26','2024-01-06 17:16:26'),(259,'iceland-macaroni-cheese-traybake',193,'Botble\\Ecommerce\\Models\\Product','products','2024-01-06 17:16:26','2024-01-06 17:16:26'),(260,'iceland-macaroni-cheese-traybake',194,'Botble\\Ecommerce\\Models\\Product','products','2024-01-06 17:16:26','2024-01-06 17:16:26'),(261,'iceland-macaroni-cheese-traybake',195,'Botble\\Ecommerce\\Models\\Product','products','2024-01-06 17:16:26','2024-01-06 17:16:26'),(262,'dolmio-bolognese-pasta-sauce',196,'Botble\\Ecommerce\\Models\\Product','products','2024-01-06 17:16:26','2024-01-06 17:16:26'),(263,'dolmio-bolognese-pasta-sauce',197,'Botble\\Ecommerce\\Models\\Product','products','2024-01-06 17:16:26','2024-01-06 17:16:26'),(264,'dolmio-bolognese-pasta-sauce',198,'Botble\\Ecommerce\\Models\\Product','products','2024-01-06 17:16:26','2024-01-06 17:16:26'),(265,'dolmio-bolognese-pasta-sauce',199,'Botble\\Ecommerce\\Models\\Product','products','2024-01-06 17:16:26','2024-01-06 17:16:26'),(266,'sitema-bakeit-plastic-box',200,'Botble\\Ecommerce\\Models\\Product','products','2024-01-06 17:16:26','2024-01-06 17:16:26'),(267,'sitema-bakeit-plastic-box',201,'Botble\\Ecommerce\\Models\\Product','products','2024-01-06 17:16:26','2024-01-06 17:16:26'),(268,'sitema-bakeit-plastic-box',202,'Botble\\Ecommerce\\Models\\Product','products','2024-01-06 17:16:26','2024-01-06 17:16:26'),(269,'wayfair-basics-dinner-plate-storage',203,'Botble\\Ecommerce\\Models\\Product','products','2024-01-06 17:16:26','2024-01-06 17:16:26'),(270,'wayfair-basics-dinner-plate-storage',204,'Botble\\Ecommerce\\Models\\Product','products','2024-01-06 17:16:26','2024-01-06 17:16:26'),(271,'wayfair-basics-dinner-plate-storage',205,'Botble\\Ecommerce\\Models\\Product','products','2024-01-06 17:16:26','2024-01-06 17:16:26'),(272,'wayfair-basics-dinner-plate-storage',206,'Botble\\Ecommerce\\Models\\Product','products','2024-01-06 17:16:26','2024-01-06 17:16:26'),(273,'wayfair-basics-dinner-plate-storage',207,'Botble\\Ecommerce\\Models\\Product','products','2024-01-06 17:16:26','2024-01-06 17:16:26'),(274,'miko-the-panda-water-bottle',208,'Botble\\Ecommerce\\Models\\Product','products','2024-01-06 17:16:26','2024-01-06 17:16:26'),(275,'miko-the-panda-water-bottle',209,'Botble\\Ecommerce\\Models\\Product','products','2024-01-06 17:16:26','2024-01-06 17:16:26'),(276,'miko-the-panda-water-bottle',210,'Botble\\Ecommerce\\Models\\Product','products','2024-01-06 17:16:26','2024-01-06 17:16:26'),(277,'miko-the-panda-water-bottle',211,'Botble\\Ecommerce\\Models\\Product','products','2024-01-06 17:16:26','2024-01-06 17:16:26'),(278,'sesame-seed-bread',212,'Botble\\Ecommerce\\Models\\Product','products','2024-01-06 17:16:26','2024-01-06 17:16:26'),(279,'sesame-seed-bread',213,'Botble\\Ecommerce\\Models\\Product','products','2024-01-06 17:16:26','2024-01-06 17:16:26'),(280,'morrisons-the-best-beef',214,'Botble\\Ecommerce\\Models\\Product','products','2024-01-06 17:16:26','2024-01-06 17:16:26'),(281,'morrisons-the-best-beef',215,'Botble\\Ecommerce\\Models\\Product','products','2024-01-06 17:16:26','2024-01-06 17:16:26'),(282,'morrisons-the-best-beef',216,'Botble\\Ecommerce\\Models\\Product','products','2024-01-06 17:16:26','2024-01-06 17:16:26'),(283,'avocado-hass-large',217,'Botble\\Ecommerce\\Models\\Product','products','2024-01-06 17:16:26','2024-01-06 17:16:26'),(284,'avocado-hass-large',218,'Botble\\Ecommerce\\Models\\Product','products','2024-01-06 17:16:26','2024-01-06 17:16:26'),(285,'avocado-hass-large',219,'Botble\\Ecommerce\\Models\\Product','products','2024-01-06 17:16:26','2024-01-06 17:16:26'),(286,'avocado-hass-large',220,'Botble\\Ecommerce\\Models\\Product','products','2024-01-06 17:16:26','2024-01-06 17:16:26'),(287,'italia-beef-lasagne',221,'Botble\\Ecommerce\\Models\\Product','products','2024-01-06 17:16:26','2024-01-06 17:16:26'),(288,'italia-beef-lasagne',222,'Botble\\Ecommerce\\Models\\Product','products','2024-01-06 17:16:26','2024-01-06 17:16:26'),(289,'italia-beef-lasagne',223,'Botble\\Ecommerce\\Models\\Product','products','2024-01-06 17:16:26','2024-01-06 17:16:26'),(290,'maxwell-house-classic-roast-mocha',224,'Botble\\Ecommerce\\Models\\Product','products','2024-01-06 17:16:26','2024-01-06 17:16:26'),(291,'maxwell-house-classic-roast-mocha',225,'Botble\\Ecommerce\\Models\\Product','products','2024-01-06 17:16:26','2024-01-06 17:16:26'),(292,'maxwell-house-classic-roast-mocha',226,'Botble\\Ecommerce\\Models\\Product','products','2024-01-06 17:16:26','2024-01-06 17:16:26'),(293,'maxwell-house-classic-roast-mocha',227,'Botble\\Ecommerce\\Models\\Product','products','2024-01-06 17:16:26','2024-01-06 17:16:26'),(294,'bottled-pure-water-500ml',228,'Botble\\Ecommerce\\Models\\Product','products','2024-01-06 17:16:26','2024-01-06 17:16:26'),(295,'bottled-pure-water-500ml',229,'Botble\\Ecommerce\\Models\\Product','products','2024-01-06 17:16:26','2024-01-06 17:16:26'),(296,'famart-farmhouse-soft-white',230,'Botble\\Ecommerce\\Models\\Product','products','2024-01-06 17:16:26','2024-01-06 17:16:26'),(297,'famart-farmhouse-soft-white',231,'Botble\\Ecommerce\\Models\\Product','products','2024-01-06 17:16:26','2024-01-06 17:16:26'),(298,'famart-farmhouse-soft-white',232,'Botble\\Ecommerce\\Models\\Product','products','2024-01-06 17:16:26','2024-01-06 17:16:26'),(299,'famart-farmhouse-soft-white',233,'Botble\\Ecommerce\\Models\\Product','products','2024-01-06 17:16:26','2024-01-06 17:16:26'),(300,'famart-farmhouse-soft-white',234,'Botble\\Ecommerce\\Models\\Product','products','2024-01-06 17:16:26','2024-01-06 17:16:26'),(301,'coca-cola-original-taste',235,'Botble\\Ecommerce\\Models\\Product','products','2024-01-06 17:16:26','2024-01-06 17:16:26'),(302,'coca-cola-original-taste',236,'Botble\\Ecommerce\\Models\\Product','products','2024-01-06 17:16:26','2024-01-06 17:16:26'),(303,'coca-cola-original-taste',237,'Botble\\Ecommerce\\Models\\Product','products','2024-01-06 17:16:26','2024-01-06 17:16:26'),(304,'coca-cola-original-taste',238,'Botble\\Ecommerce\\Models\\Product','products','2024-01-06 17:16:26','2024-01-06 17:16:26'),(305,'casillero-diablo-cabernet-sauvignon',239,'Botble\\Ecommerce\\Models\\Product','products','2024-01-06 17:16:26','2024-01-06 17:16:26'),(306,'arla-organic-free-range-milk',240,'Botble\\Ecommerce\\Models\\Product','products','2024-01-06 17:16:26','2024-01-06 17:16:26'),(307,'arla-organic-free-range-milk',241,'Botble\\Ecommerce\\Models\\Product','products','2024-01-06 17:16:26','2024-01-06 17:16:26'),(308,'arla-organic-free-range-milk',242,'Botble\\Ecommerce\\Models\\Product','products','2024-01-06 17:16:26','2024-01-06 17:16:26'),(309,'aptamil-follow-on-baby-milk',243,'Botble\\Ecommerce\\Models\\Product','products','2024-01-06 17:16:26','2024-01-06 17:16:26'),(310,'aptamil-follow-on-baby-milk',244,'Botble\\Ecommerce\\Models\\Product','products','2024-01-06 17:16:26','2024-01-06 17:16:26'),(311,'cuisinart-chefs-classic-hard-anodized',245,'Botble\\Ecommerce\\Models\\Product','products','2024-01-06 17:16:26','2024-01-06 17:16:26'),(312,'corn-yellow-sweet',246,'Botble\\Ecommerce\\Models\\Product','products','2024-01-06 17:16:26','2024-01-06 17:16:26'),(313,'corn-yellow-sweet',247,'Botble\\Ecommerce\\Models\\Product','products','2024-01-06 17:16:26','2024-01-06 17:16:26'),(314,'corn-yellow-sweet',248,'Botble\\Ecommerce\\Models\\Product','products','2024-01-06 17:16:26','2024-01-06 17:16:26'),(315,'corn-yellow-sweet',249,'Botble\\Ecommerce\\Models\\Product','products','2024-01-06 17:16:26','2024-01-06 17:16:26'),(316,'corn-yellow-sweet',250,'Botble\\Ecommerce\\Models\\Product','products','2024-01-06 17:16:26','2024-01-06 17:16:26'),(317,'hobnobs-the-nobbly-biscuit',251,'Botble\\Ecommerce\\Models\\Product','products','2024-01-06 17:16:26','2024-01-06 17:16:26'),(318,'hobnobs-the-nobbly-biscuit',252,'Botble\\Ecommerce\\Models\\Product','products','2024-01-06 17:16:26','2024-01-06 17:16:26'),(319,'honest-organic-still-lemonade',253,'Botble\\Ecommerce\\Models\\Product','products','2024-01-06 17:16:26','2024-01-06 17:16:26'),(320,'honest-organic-still-lemonade',254,'Botble\\Ecommerce\\Models\\Product','products','2024-01-06 17:16:26','2024-01-06 17:16:26'),(321,'honest-organic-still-lemonade',255,'Botble\\Ecommerce\\Models\\Product','products','2024-01-06 17:16:26','2024-01-06 17:16:26'),(322,'ice-becks-beer-350ml-x-24-pieces',256,'Botble\\Ecommerce\\Models\\Product','products','2024-01-06 17:16:26','2024-01-06 17:16:26'),(323,'ice-becks-beer-350ml-x-24-pieces',257,'Botble\\Ecommerce\\Models\\Product','products','2024-01-06 17:16:26','2024-01-06 17:16:26'),(324,'ice-becks-beer-350ml-x-24-pieces',258,'Botble\\Ecommerce\\Models\\Product','products','2024-01-06 17:16:26','2024-01-06 17:16:26'),(325,'ice-becks-beer-350ml-x-24-pieces',259,'Botble\\Ecommerce\\Models\\Product','products','2024-01-06 17:16:26','2024-01-06 17:16:26'),(326,'iceland-6-hot-cross-buns',260,'Botble\\Ecommerce\\Models\\Product','products','2024-01-06 17:16:26','2024-01-06 17:16:26'),(327,'iceland-luxury-4-panini-rolls',261,'Botble\\Ecommerce\\Models\\Product','products','2024-01-06 17:16:26','2024-01-06 17:16:26'),(328,'iceland-luxury-4-panini-rolls',262,'Botble\\Ecommerce\\Models\\Product','products','2024-01-06 17:16:26','2024-01-06 17:16:26'),(329,'iceland-luxury-4-panini-rolls',263,'Botble\\Ecommerce\\Models\\Product','products','2024-01-06 17:16:26','2024-01-06 17:16:26'),(330,'iceland-soft-scoop-vanilla',264,'Botble\\Ecommerce\\Models\\Product','products','2024-01-06 17:16:26','2024-01-06 17:16:26'),(331,'iceland-soft-scoop-vanilla',265,'Botble\\Ecommerce\\Models\\Product','products','2024-01-06 17:16:26','2024-01-06 17:16:26'),(332,'iceland-soft-scoop-vanilla',266,'Botble\\Ecommerce\\Models\\Product','products','2024-01-06 17:16:26','2024-01-06 17:16:26'),(333,'iceland-spaghetti-bolognese',267,'Botble\\Ecommerce\\Models\\Product','products','2024-01-06 17:16:26','2024-01-06 17:16:26'),(334,'iceland-spaghetti-bolognese',268,'Botble\\Ecommerce\\Models\\Product','products','2024-01-06 17:16:26','2024-01-06 17:16:26'),(335,'kelloggs-coco-pops-cereal',269,'Botble\\Ecommerce\\Models\\Product','products','2024-01-06 17:16:26','2024-01-06 17:16:26'),(336,'kelloggs-coco-pops-cereal',270,'Botble\\Ecommerce\\Models\\Product','products','2024-01-06 17:16:26','2024-01-06 17:16:26'),(337,'kelloggs-coco-pops-cereal',271,'Botble\\Ecommerce\\Models\\Product','products','2024-01-06 17:16:26','2024-01-06 17:16:26'),(338,'kelloggs-coco-pops-cereal',272,'Botble\\Ecommerce\\Models\\Product','products','2024-01-06 17:16:26','2024-01-06 17:16:26'),(339,'kit-kat-chunky-milk-chocolate',273,'Botble\\Ecommerce\\Models\\Product','products','2024-01-06 17:16:26','2024-01-06 17:16:26'),(340,'kit-kat-chunky-milk-chocolate',274,'Botble\\Ecommerce\\Models\\Product','products','2024-01-06 17:16:26','2024-01-06 17:16:26'),(341,'large-green-bell-pepper',275,'Botble\\Ecommerce\\Models\\Product','products','2024-01-06 17:16:26','2024-01-06 17:16:26'),(342,'large-green-bell-pepper',276,'Botble\\Ecommerce\\Models\\Product','products','2024-01-06 17:16:26','2024-01-06 17:16:26'),(343,'large-green-bell-pepper',277,'Botble\\Ecommerce\\Models\\Product','products','2024-01-06 17:16:26','2024-01-06 17:16:26'),(344,'large-green-bell-pepper',278,'Botble\\Ecommerce\\Models\\Product','products','2024-01-06 17:16:26','2024-01-06 17:16:26'),(345,'large-green-bell-pepper',279,'Botble\\Ecommerce\\Models\\Product','products','2024-01-06 17:16:26','2024-01-06 17:16:26'),(346,'pice-94w-beasley-journal',280,'Botble\\Ecommerce\\Models\\Product','products','2024-01-06 17:16:26','2024-01-06 17:16:26'),(347,'pice-94w-beasley-journal',281,'Botble\\Ecommerce\\Models\\Product','products','2024-01-06 17:16:26','2024-01-06 17:16:26'),(348,'pice-94w-beasley-journal',282,'Botble\\Ecommerce\\Models\\Product','products','2024-01-06 17:16:26','2024-01-06 17:16:26'),(349,'province-piece-glass-drinking-glass',283,'Botble\\Ecommerce\\Models\\Product','products','2024-01-06 17:16:26','2024-01-06 17:16:26'),(350,'province-piece-glass-drinking-glass',284,'Botble\\Ecommerce\\Models\\Product','products','2024-01-06 17:16:26','2024-01-06 17:16:26'),(351,'province-piece-glass-drinking-glass',285,'Botble\\Ecommerce\\Models\\Product','products','2024-01-06 17:16:26','2024-01-06 17:16:26');
/*!40000 ALTER TABLE `slugs` ENABLE KEYS */;
UNLOCK TABLES;

--
-- Table structure for table `slugs_translations`
--

DROP TABLE IF EXISTS `slugs_translations`;
/*!40101 SET @saved_cs_client     = @@character_set_client */;
/*!50503 SET character_set_client = utf8mb4 */;
CREATE TABLE `slugs_translations` (
  `lang_code` varchar(20) COLLATE utf8mb4_unicode_ci NOT NULL,
  `slugs_id` bigint unsigned NOT NULL,
  `key` varchar(255) COLLATE utf8mb4_unicode_ci DEFAULT NULL,
  `prefix` varchar(120) COLLATE utf8mb4_unicode_ci DEFAULT '',
  PRIMARY KEY (`lang_code`,`slugs_id`)
) ENGINE=InnoDB DEFAULT CHARSET=utf8mb4 COLLATE=utf8mb4_unicode_ci;
/*!40101 SET character_set_client = @saved_cs_client */;

--
-- Dumping data for table `slugs_translations`
--

LOCK TABLES `slugs_translations` WRITE;
/*!40000 ALTER TABLE `slugs_translations` DISABLE KEYS */;
/*!40000 ALTER TABLE `slugs_translations` ENABLE KEYS */;
UNLOCK TABLES;

--
-- Table structure for table `states`
--

DROP TABLE IF EXISTS `states`;
/*!40101 SET @saved_cs_client     = @@character_set_client */;
/*!50503 SET character_set_client = utf8mb4 */;
CREATE TABLE `states` (
  `id` bigint unsigned NOT NULL AUTO_INCREMENT,
  `name` varchar(120) COLLATE utf8mb4_unicode_ci NOT NULL,
  `slug` varchar(120) COLLATE utf8mb4_unicode_ci DEFAULT NULL,
  `abbreviation` varchar(10) COLLATE utf8mb4_unicode_ci DEFAULT NULL,
  `country_id` bigint unsigned DEFAULT NULL,
  `order` tinyint NOT NULL DEFAULT '0',
  `image` varchar(255) COLLATE utf8mb4_unicode_ci DEFAULT NULL,
  `is_default` tinyint unsigned NOT NULL DEFAULT '0',
  `status` varchar(60) COLLATE utf8mb4_unicode_ci NOT NULL DEFAULT 'published',
  `created_at` timestamp NULL DEFAULT NULL,
  `updated_at` timestamp NULL DEFAULT NULL,
  PRIMARY KEY (`id`),
  UNIQUE KEY `states_slug_unique` (`slug`)
) ENGINE=InnoDB DEFAULT CHARSET=utf8mb4 COLLATE=utf8mb4_unicode_ci;
/*!40101 SET character_set_client = @saved_cs_client */;

--
-- Dumping data for table `states`
--

LOCK TABLES `states` WRITE;
/*!40000 ALTER TABLE `states` DISABLE KEYS */;
/*!40000 ALTER TABLE `states` ENABLE KEYS */;
UNLOCK TABLES;

--
-- Table structure for table `states_translations`
--

DROP TABLE IF EXISTS `states_translations`;
/*!40101 SET @saved_cs_client     = @@character_set_client */;
/*!50503 SET character_set_client = utf8mb4 */;
CREATE TABLE `states_translations` (
  `lang_code` varchar(20) COLLATE utf8mb4_unicode_ci NOT NULL,
  `states_id` bigint unsigned NOT NULL,
  `name` varchar(120) COLLATE utf8mb4_unicode_ci DEFAULT NULL,
  `slug` varchar(120) COLLATE utf8mb4_unicode_ci DEFAULT NULL,
  `abbreviation` varchar(10) COLLATE utf8mb4_unicode_ci DEFAULT NULL,
  PRIMARY KEY (`lang_code`,`states_id`)
) ENGINE=InnoDB DEFAULT CHARSET=utf8mb4 COLLATE=utf8mb4_unicode_ci;
/*!40101 SET character_set_client = @saved_cs_client */;

--
-- Dumping data for table `states_translations`
--

LOCK TABLES `states_translations` WRITE;
/*!40000 ALTER TABLE `states_translations` DISABLE KEYS */;
/*!40000 ALTER TABLE `states_translations` ENABLE KEYS */;
UNLOCK TABLES;

--
-- Table structure for table `tags`
--

DROP TABLE IF EXISTS `tags`;
/*!40101 SET @saved_cs_client     = @@character_set_client */;
/*!50503 SET character_set_client = utf8mb4 */;
CREATE TABLE `tags` (
  `id` bigint unsigned NOT NULL AUTO_INCREMENT,
  `name` varchar(120) COLLATE utf8mb4_unicode_ci NOT NULL,
  `author_id` bigint unsigned DEFAULT NULL,
  `author_type` varchar(255) COLLATE utf8mb4_unicode_ci NOT NULL DEFAULT 'Botble\\ACL\\Models\\User',
  `description` varchar(400) COLLATE utf8mb4_unicode_ci DEFAULT '',
  `status` varchar(60) COLLATE utf8mb4_unicode_ci NOT NULL DEFAULT 'published',
  `created_at` timestamp NULL DEFAULT NULL,
  `updated_at` timestamp NULL DEFAULT NULL,
  PRIMARY KEY (`id`)
) ENGINE=InnoDB AUTO_INCREMENT=6 DEFAULT CHARSET=utf8mb4 COLLATE=utf8mb4_unicode_ci;
/*!40101 SET character_set_client = @saved_cs_client */;

--
-- Dumping data for table `tags`
--

LOCK TABLES `tags` WRITE;
/*!40000 ALTER TABLE `tags` DISABLE KEYS */;
INSERT INTO `tags` VALUES (1,'General',NULL,'Botble\\ACL\\Models\\User','','published','2024-01-06 17:15:58','2024-01-06 17:15:58'),(2,'Design',NULL,'Botble\\ACL\\Models\\User','','published','2024-01-06 17:15:58','2024-01-06 17:15:58'),(3,'Fashion',NULL,'Botble\\ACL\\Models\\User','','published','2024-01-06 17:15:58','2024-01-06 17:15:58'),(4,'Branding',NULL,'Botble\\ACL\\Models\\User','','published','2024-01-06 17:15:58','2024-01-06 17:15:58'),(5,'Modern',NULL,'Botble\\ACL\\Models\\User','','published','2024-01-06 17:15:58','2024-01-06 17:15:58');
/*!40000 ALTER TABLE `tags` ENABLE KEYS */;
UNLOCK TABLES;

--
-- Table structure for table `tags_translations`
--

DROP TABLE IF EXISTS `tags_translations`;
/*!40101 SET @saved_cs_client     = @@character_set_client */;
/*!50503 SET character_set_client = utf8mb4 */;
CREATE TABLE `tags_translations` (
  `lang_code` varchar(20) COLLATE utf8mb4_unicode_ci NOT NULL,
  `tags_id` bigint unsigned NOT NULL,
  `name` varchar(255) COLLATE utf8mb4_unicode_ci DEFAULT NULL,
  `description` varchar(400) COLLATE utf8mb4_unicode_ci DEFAULT NULL,
  PRIMARY KEY (`lang_code`,`tags_id`)
) ENGINE=InnoDB DEFAULT CHARSET=utf8mb4 COLLATE=utf8mb4_unicode_ci;
/*!40101 SET character_set_client = @saved_cs_client */;

--
-- Dumping data for table `tags_translations`
--

LOCK TABLES `tags_translations` WRITE;
/*!40000 ALTER TABLE `tags_translations` DISABLE KEYS */;
/*!40000 ALTER TABLE `tags_translations` ENABLE KEYS */;
UNLOCK TABLES;

--
-- Table structure for table `teams`
--

DROP TABLE IF EXISTS `teams`;
/*!40101 SET @saved_cs_client     = @@character_set_client */;
/*!50503 SET character_set_client = utf8mb4 */;
CREATE TABLE `teams` (
  `id` bigint unsigned NOT NULL AUTO_INCREMENT,
  `name` varchar(191) COLLATE utf8mb4_unicode_ci NOT NULL,
  `photo` varchar(191) COLLATE utf8mb4_unicode_ci DEFAULT NULL,
  `title` varchar(191) COLLATE utf8mb4_unicode_ci DEFAULT NULL,
  `location` varchar(191) COLLATE utf8mb4_unicode_ci DEFAULT NULL,
  `socials` varchar(191) COLLATE utf8mb4_unicode_ci DEFAULT NULL,
  `status` varchar(60) COLLATE utf8mb4_unicode_ci NOT NULL DEFAULT 'published',
  `created_at` timestamp NULL DEFAULT NULL,
  `updated_at` timestamp NULL DEFAULT NULL,
  `content` longtext COLLATE utf8mb4_unicode_ci,
  `phone` varchar(15) COLLATE utf8mb4_unicode_ci DEFAULT NULL,
  `email` varchar(255) COLLATE utf8mb4_unicode_ci DEFAULT NULL,
  `address` varchar(255) COLLATE utf8mb4_unicode_ci DEFAULT NULL,
  `website` varchar(255) COLLATE utf8mb4_unicode_ci DEFAULT NULL,
  `description` varchar(400) COLLATE utf8mb4_unicode_ci DEFAULT NULL,
  PRIMARY KEY (`id`)
) ENGINE=InnoDB AUTO_INCREMENT=5 DEFAULT CHARSET=utf8mb4 COLLATE=utf8mb4_unicode_ci;
/*!40101 SET character_set_client = @saved_cs_client */;

--
-- Dumping data for table `teams`
--

LOCK TABLES `teams` WRITE;
/*!40000 ALTER TABLE `teams` DISABLE KEYS */;
INSERT INTO `teams` VALUES (1,'Rosalina D. Willson','testimonials/team-1.jpg','Founder','USA',NULL,'published','2024-01-06 17:16:25','2024-01-06 17:16:25',NULL,NULL,NULL,NULL,NULL,NULL),(2,'Ukolilix X. Xilanorix','testimonials/team-2.jpg','CEO','Qatar',NULL,'published','2024-01-06 17:16:25','2024-01-06 17:16:25',NULL,NULL,NULL,NULL,NULL,NULL),(3,'Alonso M. Miklonax','testimonials/team-3.jpg','Designer','India',NULL,'published','2024-01-06 17:16:25','2024-01-06 17:16:25',NULL,NULL,NULL,NULL,NULL,NULL),(4,'Miranda H. Halim','testimonials/team-4.jpg','Developer','China',NULL,'published','2024-01-06 17:16:25','2024-01-06 17:16:25',NULL,NULL,NULL,NULL,NULL,NULL);
/*!40000 ALTER TABLE `teams` ENABLE KEYS */;
UNLOCK TABLES;

--
-- Table structure for table `teams_translations`
--

DROP TABLE IF EXISTS `teams_translations`;
/*!40101 SET @saved_cs_client     = @@character_set_client */;
/*!50503 SET character_set_client = utf8mb4 */;
CREATE TABLE `teams_translations` (
  `lang_code` varchar(191) COLLATE utf8mb4_unicode_ci NOT NULL,
  `teams_id` int NOT NULL,
  `name` varchar(191) COLLATE utf8mb4_unicode_ci NOT NULL,
  `title` varchar(191) COLLATE utf8mb4_unicode_ci DEFAULT NULL,
  `location` varchar(191) COLLATE utf8mb4_unicode_ci DEFAULT NULL,
  PRIMARY KEY (`lang_code`,`teams_id`)
) ENGINE=InnoDB DEFAULT CHARSET=utf8mb4 COLLATE=utf8mb4_unicode_ci;
/*!40101 SET character_set_client = @saved_cs_client */;

--
-- Dumping data for table `teams_translations`
--

LOCK TABLES `teams_translations` WRITE;
/*!40000 ALTER TABLE `teams_translations` DISABLE KEYS */;
/*!40000 ALTER TABLE `teams_translations` ENABLE KEYS */;
UNLOCK TABLES;

--
-- Table structure for table `testimonials`
--

DROP TABLE IF EXISTS `testimonials`;
/*!40101 SET @saved_cs_client     = @@character_set_client */;
/*!50503 SET character_set_client = utf8mb4 */;
CREATE TABLE `testimonials` (
  `id` bigint unsigned NOT NULL AUTO_INCREMENT,
  `name` varchar(120) COLLATE utf8mb4_unicode_ci NOT NULL,
  `content` text COLLATE utf8mb4_unicode_ci NOT NULL,
  `image` varchar(255) COLLATE utf8mb4_unicode_ci DEFAULT NULL,
  `company` varchar(120) COLLATE utf8mb4_unicode_ci DEFAULT NULL,
  `status` varchar(60) COLLATE utf8mb4_unicode_ci NOT NULL DEFAULT 'published',
  `created_at` timestamp NULL DEFAULT NULL,
  `updated_at` timestamp NULL DEFAULT NULL,
  PRIMARY KEY (`id`)
) ENGINE=InnoDB AUTO_INCREMENT=5 DEFAULT CHARSET=utf8mb4 COLLATE=utf8mb4_unicode_ci;
/*!40101 SET character_set_client = @saved_cs_client */;

--
-- Dumping data for table `testimonials`
--

LOCK TABLES `testimonials` WRITE;
/*!40000 ALTER TABLE `testimonials` DISABLE KEYS */;
INSERT INTO `testimonials` VALUES (1,'Guy Hawkins','Five stars! Their cosmetics are magic. Transformed my skin, enhanced my beauty. A go-to for quality and results ⭐⭐⭐⭐⭐','testimonials/avatar-1.png','Bank of America','published','2024-01-06 17:16:25','2024-01-06 17:16:25'),(2,'Eleanor Pena','Top-notch! 5 stars. Makeup, skincare, all exceptional. Delighted with my purchases. A must-visit for every beauty enthusiast! ⭐⭐⭐⭐⭐','testimonials/avatar-2.png','Nintendo','published','2024-01-06 17:16:25','2024-01-06 17:16:25'),(3,'Cody Fisher','Thrilled with results! 5 stars. Solved my sensitive skin issues. The cosmetics shop is a gem. Highly recommended. ⭐⭐⭐⭐⭐','testimonials/avatar-3.png','Starbucks','published','2024-01-06 17:16:25','2024-01-06 17:16:25'),(4,'Albert Flores','Wedding day savior! 5 stars. Their bridal collection is a game-changer. Made me feel like a star. Impressed beyond words. ⭐⭐⭐⭐⭐','testimonials/avatar-4.png','Bank of America','published','2024-01-06 17:16:25','2024-01-06 17:16:25');
/*!40000 ALTER TABLE `testimonials` ENABLE KEYS */;
UNLOCK TABLES;

--
-- Table structure for table `testimonials_translations`
--

DROP TABLE IF EXISTS `testimonials_translations`;
/*!40101 SET @saved_cs_client     = @@character_set_client */;
/*!50503 SET character_set_client = utf8mb4 */;
CREATE TABLE `testimonials_translations` (
  `lang_code` varchar(191) COLLATE utf8mb4_unicode_ci NOT NULL,
  `testimonials_id` bigint unsigned NOT NULL,
  `name` varchar(255) COLLATE utf8mb4_unicode_ci DEFAULT NULL,
  `content` text COLLATE utf8mb4_unicode_ci,
  `company` varchar(120) COLLATE utf8mb4_unicode_ci DEFAULT NULL,
  PRIMARY KEY (`lang_code`,`testimonials_id`)
) ENGINE=InnoDB DEFAULT CHARSET=utf8mb4 COLLATE=utf8mb4_unicode_ci;
/*!40101 SET character_set_client = @saved_cs_client */;

--
-- Dumping data for table `testimonials_translations`
--

LOCK TABLES `testimonials_translations` WRITE;
/*!40000 ALTER TABLE `testimonials_translations` DISABLE KEYS */;
/*!40000 ALTER TABLE `testimonials_translations` ENABLE KEYS */;
UNLOCK TABLES;

--
-- Table structure for table `user_meta`
--

DROP TABLE IF EXISTS `user_meta`;
/*!40101 SET @saved_cs_client     = @@character_set_client */;
/*!50503 SET character_set_client = utf8mb4 */;
CREATE TABLE `user_meta` (
  `id` bigint unsigned NOT NULL AUTO_INCREMENT,
  `key` varchar(120) COLLATE utf8mb4_unicode_ci DEFAULT NULL,
  `value` varchar(255) COLLATE utf8mb4_unicode_ci DEFAULT NULL,
  `user_id` bigint unsigned NOT NULL,
  `created_at` timestamp NULL DEFAULT NULL,
  `updated_at` timestamp NULL DEFAULT NULL,
  PRIMARY KEY (`id`),
  KEY `user_meta_user_id_index` (`user_id`)
) ENGINE=InnoDB DEFAULT CHARSET=utf8mb4 COLLATE=utf8mb4_unicode_ci;
/*!40101 SET character_set_client = @saved_cs_client */;

--
-- Dumping data for table `user_meta`
--

LOCK TABLES `user_meta` WRITE;
/*!40000 ALTER TABLE `user_meta` DISABLE KEYS */;
/*!40000 ALTER TABLE `user_meta` ENABLE KEYS */;
UNLOCK TABLES;

--
-- Table structure for table `users`
--

DROP TABLE IF EXISTS `users`;
/*!40101 SET @saved_cs_client     = @@character_set_client */;
/*!50503 SET character_set_client = utf8mb4 */;
CREATE TABLE `users` (
  `id` bigint unsigned NOT NULL AUTO_INCREMENT,
  `email` varchar(191) COLLATE utf8mb4_unicode_ci NOT NULL,
  `email_verified_at` timestamp NULL DEFAULT NULL,
  `password` varchar(120) COLLATE utf8mb4_unicode_ci DEFAULT NULL,
  `remember_token` varchar(100) COLLATE utf8mb4_unicode_ci DEFAULT NULL,
  `created_at` timestamp NULL DEFAULT NULL,
  `updated_at` timestamp NULL DEFAULT NULL,
  `first_name` varchar(120) COLLATE utf8mb4_unicode_ci DEFAULT NULL,
  `last_name` varchar(120) COLLATE utf8mb4_unicode_ci DEFAULT NULL,
  `username` varchar(60) COLLATE utf8mb4_unicode_ci DEFAULT NULL,
  `avatar_id` bigint unsigned DEFAULT NULL,
  `super_user` tinyint(1) NOT NULL DEFAULT '0',
  `manage_supers` tinyint(1) NOT NULL DEFAULT '0',
  `permissions` text COLLATE utf8mb4_unicode_ci,
  `last_login` timestamp NULL DEFAULT NULL,
  PRIMARY KEY (`id`),
  UNIQUE KEY `users_email_unique` (`email`),
  UNIQUE KEY `users_username_unique` (`username`)
) ENGINE=InnoDB AUTO_INCREMENT=3 DEFAULT CHARSET=utf8mb4 COLLATE=utf8mb4_unicode_ci;
/*!40101 SET character_set_client = @saved_cs_client */;

--
-- Dumping data for table `users`
--

LOCK TABLES `users` WRITE;
/*!40000 ALTER TABLE `users` DISABLE KEYS */;
INSERT INTO `users` VALUES (1,'oberbrunner.meggie@metz.com',NULL,'$2y$12$6jQNyUyZ8qQ3iCxhJqgfj.bwPi2ghnepCzQx4SreNaKHP.KgwkTdu',NULL,'2024-01-06 17:15:54','2024-01-06 17:15:54','Mohamed','Heidenreich','botble',NULL,1,1,NULL,NULL),(2,'mazie.cummings@mitchell.com',NULL,'$2y$12$WpUKmoctFa7.vuqNfiqIO.eHS7a6TFFs2hli3pYLFTBooPzJTLYZG',NULL,'2024-01-06 17:15:54','2024-01-06 17:15:54','Georgianna','Gulgowski','admin',NULL,1,1,NULL,NULL);
/*!40000 ALTER TABLE `users` ENABLE KEYS */;
UNLOCK TABLES;

--
-- Table structure for table `widgets`
--

DROP TABLE IF EXISTS `widgets`;
/*!40101 SET @saved_cs_client     = @@character_set_client */;
/*!50503 SET character_set_client = utf8mb4 */;
CREATE TABLE `widgets` (
  `id` bigint unsigned NOT NULL AUTO_INCREMENT,
  `widget_id` varchar(120) COLLATE utf8mb4_unicode_ci NOT NULL,
  `sidebar_id` varchar(120) COLLATE utf8mb4_unicode_ci NOT NULL,
  `theme` varchar(120) COLLATE utf8mb4_unicode_ci NOT NULL,
  `position` tinyint unsigned NOT NULL DEFAULT '0',
  `data` text COLLATE utf8mb4_unicode_ci,
  `created_at` timestamp NULL DEFAULT NULL,
  `updated_at` timestamp NULL DEFAULT NULL,
  PRIMARY KEY (`id`)
) ENGINE=InnoDB AUTO_INCREMENT=15 DEFAULT CHARSET=utf8mb4 COLLATE=utf8mb4_unicode_ci;
/*!40101 SET character_set_client = @saved_cs_client */;

--
-- Dumping data for table `widgets`
--

LOCK TABLES `widgets` WRITE;
/*!40000 ALTER TABLE `widgets` DISABLE KEYS */;
INSERT INTO `widgets` VALUES (1,'SiteInfoWidget','footer_sidebar','ninico',0,'{\"description\":\"Elegant pink origami design three dimensional view and decoration co-exist. Great for adding a decorative touch to any room\\u2019s decor.\",\"logo\":null}','2024-01-06 17:16:03','2024-01-06 17:16:03'),(2,'CustomMenuWidget','footer_sidebar','ninico',1,'{\"name\":\"Information\",\"menu_id\":\"information\"}','2024-01-06 17:16:03','2024-01-06 17:16:03'),(3,'CustomMenuWidget','footer_sidebar','ninico',2,'{\"name\":\"My Account\",\"menu_id\":\"my-account\"}','2024-01-06 17:16:03','2024-01-06 17:16:03'),(4,'CustomMenuWidget','footer_sidebar','ninico',3,'{\"name\":\"Social Network\",\"menu_id\":\"social-network\"}','2024-01-06 17:16:03','2024-01-06 17:16:03'),(5,'NewsletterWidget','footer_sidebar','ninico',4,'[]','2024-01-06 17:16:03','2024-01-06 17:16:03'),(6,'CtaContactWidget','footer_middle_sidebar','ninico',1,'[]','2024-01-06 17:16:03','2024-01-06 17:16:03'),(7,'DownloadAppsWidget','footer_middle_sidebar','ninico',2,'{\"ios_image\":\"general\\/f-app.jpg\",\"android_image\":\"general\\/f-google.jpg\"}','2024-01-06 17:16:03','2024-01-06 17:16:03'),(8,'SiteCopyrightWidget','footer_bottom_sidebar','ninico',0,'{\"description\":\"Copyright 2024 \\u00a9 Ninico. All rights reserved. Powered by Botble.\"}','2024-01-06 17:16:03','2024-01-06 17:16:03'),(9,'SiteAcceptedPaymentsWidget','footer_bottom_sidebar','ninico',1,'{\"image\":\"general\\/f-brand-icon-01.png\",\"url\":\"\\/\"}','2024-01-06 17:16:03','2024-01-06 17:16:03'),(10,'BlogSearchWidget','blog_sidebar','ninico',1,'{\"name\":\"Search\"}','2024-01-06 17:16:03','2024-01-06 17:16:03'),(11,'BlogCategoriesWidget','blog_sidebar','ninico',2,'{\"name\":\"Categories\"}','2024-01-06 17:16:03','2024-01-06 17:16:03'),(12,'BlogPostsWidget','blog_sidebar','ninico',3,'{\"name\":\"Recent Posts\",\"type\":\"recent\"}','2024-01-06 17:16:03','2024-01-06 17:16:03'),(13,'BlogTagsWidget','blog_sidebar','ninico',4,'{\"name\":\"Popular Tag\"}','2024-01-06 17:16:03','2024-01-06 17:16:03'),(14,'SiteFeaturesWidget','product_detail_sidebar','ninico',1,'{\"id\":\"SiteFeaturesWidget\",\"title\":\"Site Features\",\"data\":{\"1\":{\"icon\":\"icons\\/product-det-1.png\",\"text\":\"Free Shipping apply to all orders over $100\"},\"2\":{\"icon\":\"icons\\/product-det-2.png\",\"text\":\"Guaranteed 100% Organic from natural farms\"},\"3\":{\"icon\":\"icons\\/product-det-3.png\",\"text\":\"1 Day Returns if you change your mind\"},\"4\":{\"icon\":\"icons\\/product-det-4.png\",\"text\":\"Covid-19 Info: We keep delivering.\"}}}','2024-01-06 17:16:03','2024-01-06 17:16:03');
/*!40000 ALTER TABLE `widgets` ENABLE KEYS */;
UNLOCK TABLES;
/*!40103 SET TIME_ZONE=@OLD_TIME_ZONE */;

/*!40101 SET SQL_MODE=@OLD_SQL_MODE */;
/*!40014 SET FOREIGN_KEY_CHECKS=@OLD_FOREIGN_KEY_CHECKS */;
/*!40014 SET UNIQUE_CHECKS=@OLD_UNIQUE_CHECKS */;
/*!40101 SET CHARACTER_SET_CLIENT=@OLD_CHARACTER_SET_CLIENT */;
/*!40101 SET CHARACTER_SET_RESULTS=@OLD_CHARACTER_SET_RESULTS */;
/*!40101 SET COLLATION_CONNECTION=@OLD_COLLATION_CONNECTION */;
/*!40111 SET SQL_NOTES=@OLD_SQL_NOTES */;

-- Dump completed on 2024-01-07  7:16:27
